name,src_file,src_line,ns_since_start,exec_time_ns,thread,value
ItemEntityTick,/Users/obey/Desktop/MyVoxelGame/src/server/IntegratedServer.cpp,1208,11343821316,51910,19,
ItemEntityTick,/Users/obey/Desktop/MyVoxelGame/src/server/IntegratedServer.cpp,1208,11388284639,2041,19,
ItemEntityTick,/Users/obey/Desktop/MyVoxelGame/src/server/IntegratedServer.cpp,1208,11439533090,1500,19,
ItemEntityTick,/Users/obey/Desktop/MyVoxelGame/src/server/IntegratedServer.cpp,1208,11488459313,1417,19,
ItemEntityTick,/Users/obey/Desktop/MyVoxelGame/src/server/IntegratedServer.cpp,1208,11538099999,1500,19,
ItemEntityTick,/Users/obey/Desktop/MyVoxelGame/src/server/IntegratedServer.cpp,1208,11588057945,2000,19,
ItemEntityTick,/Users/obey/Desktop/MyVoxelGame/src/server/IntegratedServer.cpp,1208,11638500279,2226,19,
ItemEntityTick,/Users/obey/Desktop/MyVoxelGame/src/server/IntegratedServer.cpp,1208,11687877057,1810,19,
ItemEntityTick,/Users/obey/Desktop/MyVoxelGame/src/server/IntegratedServer.cpp,1208,11737768301,1792,19,
ItemEntityTick,/Users/obey/Desktop/MyVoxelGame/src/server/IntegratedServer.cpp,1208,11787722747,2333,19,
ItemEntityTick,/Users/obey/Desktop/MyVoxelGame/src/server/IntegratedServer.cpp,1208,11839142035,2292,19,
ItemEntityTick,/Users/obey/Desktop/MyVoxelGame/src/server/IntegratedServer.cpp,1208,11887870069,1791,19,
ItemEntityTick,/Users/obey/Desktop/MyVoxelGame/src/server/IntegratedServer.cpp,1208,11940863797,1208,19,
ItemEntityTick,/Users/obey/Desktop/MyVoxelGame/src/server/IntegratedServer.cpp,1208,11990910587,1750,19,
ItemEntityTick,/Users/obey/Desktop/MyVoxelGame/src/server/IntegratedServer.cpp,1208,12038556881,2083,19,
ItemEntityTick,/Users/obey/Desktop/MyVoxelGame/src/server/IntegratedServer.cpp,1208,12087726953,2750,19,
ItemEntityTick,/Users/obey/Desktop/MyVoxelGame/src/server/IntegratedServer.cpp,1208,12137679898,3750,19,
ItemEntityTick,/Users/obey/Desktop/MyVoxelGame/src/server/IntegratedServer.cpp,1208,12187787098,2125,19,
ItemEntityTick,/Users/obey/Desktop/MyVoxelGame/src/server/IntegratedServer.cpp,1208,12237715401,750,19,
ItemEntityTick,/Users/obey/Desktop/MyVoxelGame/src/server/IntegratedServer.cpp,1208,12290395494,2584,19,
ItemEntityTick,/Users/obey/Desktop/MyVoxelGame/src/server/IntegratedServer.cpp,1208,12338823185,708,19,
ItemEntityTick,/Users/obey/Desktop/MyVoxelGame/src/server/IntegratedServer.cpp,1208,12388124453,2792,19,
ItemEntityTick,/Users/obey/Desktop/MyVoxelGame/src/server/IntegratedServer.cpp,1208,12439958113,2000,19,
ItemEntityTick,/Users/obey/Desktop/MyVoxelGame/src/server/IntegratedServer.cpp,1208,12487828180,2375,19,
ItemEntityTick,/Users/obey/Desktop/MyVoxelGame/src/server/IntegratedServer.cpp,1208,12537595561,750,19,
ItemEntityTick,/Users/obey/Desktop/MyVoxelGame/src/server/IntegratedServer.cpp,1208,12587681077,1916,19,
ItemEntityTick,/Users/obey/Desktop/MyVoxelGame/src/server/IntegratedServer.cpp,1208,12638124470,1667,19,
ItemEntityTick,/Users/obey/Desktop/MyVoxelGame/src/server/IntegratedServer.cpp,1208,12687937369,2392,19,
ItemEntityTick,/Users/obey/Desktop/MyVoxelGame/src/server/IntegratedServer.cpp,1208,12739264189,1625,19,
ItemEntityTick,/Users/obey/Desktop/MyVoxelGame/src/server/IntegratedServer.cpp,1208,12787943104,2102,19,
ItemEntityTick,/Users/obey/Desktop/MyVoxelGame/src/server/IntegratedServer.cpp,1208,12840591490,1542,19,
ItemEntityTick,/Users/obey/Desktop/MyVoxelGame/src/server/IntegratedServer.cpp,1208,12890216533,2000,19,
ItemEntityTick,/Users/obey/Desktop/MyVoxelGame/src/server/IntegratedServer.cpp,1208,12938280265,625,19,
ItemEntityTick,/Users/obey/Desktop/MyVoxelGame/src/server/IntegratedServer.cpp,1208,12987968927,1833,19,
ItemEntityTick,/Users/obey/Desktop/MyVoxelGame/src/server/IntegratedServer.cpp,1208,13040014484,1042,19,
ItemEntityTick,/Users/obey/Desktop/MyVoxelGame/src/server/IntegratedServer.cpp,1208,13087618534,1625,19,
ItemEntityTick,/Users/obey/Desktop/MyVoxelGame/src/server/IntegratedServer.cpp,1208,13140505001,1125,19,
ItemEntityTick,/Users/obey/Desktop/MyVoxelGame/src/server/IntegratedServer.cpp,1208,13187586044,2125,19,
ItemEntityTick,/Users/obey/Desktop/MyVoxelGame/src/server/IntegratedServer.cpp,1208,13237580840,1333,19,
ItemEntityTick,/Users/obey/Desktop/MyVoxelGame/src/server/IntegratedServer.cpp,1208,13290104762,959,19,
ItemEntityTick,/Users/obey/Desktop/MyVoxelGame/src/server/IntegratedServer.cpp,1208,13337593534,3000,19,
ItemEntityTick,/Users/obey/Desktop/MyVoxelGame/src/server/IntegratedServer.cpp,1208,13387596306,1459,19,
ItemEntityTick,/Users/obey/Desktop/MyVoxelGame/src/server/IntegratedServer.cpp,1208,13437607079,2250,19,
ItemEntityTick,/Users/obey/Desktop/MyVoxelGame/src/server/IntegratedServer.cpp,1208,13490088675,2708,19,
ItemEntityTick,/Users/obey/Desktop/MyVoxelGame/src/server/IntegratedServer.cpp,1208,13537907223,2041,19,
ItemEntityTick,/Users/obey/Desktop/MyVoxelGame/src/server/IntegratedServer.cpp,1208,13587642586,833,19,
ItemEntityTick,/Users/obey/Desktop/MyVoxelGame/src/server/IntegratedServer.cpp,1208,13637725519,3000,19,
ItemEntityTick,/Users/obey/Desktop/MyVoxelGame/src/server/IntegratedServer.cpp,1208,13687633904,1084,19,
ItemEntityTick,/Users/obey/Desktop/MyVoxelGame/src/server/IntegratedServer.cpp,1208,13738109382,1976,19,
ItemEntityTick,/Users/obey/Desktop/MyVoxelGame/src/server/IntegratedServer.cpp,1208,13787915923,667,19,
ItemEntityTick,/Users/obey/Desktop/MyVoxelGame/src/server/IntegratedServer.cpp,1208,13839927130,2375,19,
ItemEntityTick,/Users/obey/Desktop/MyVoxelGame/src/server/IntegratedServer.cpp,1208,13887780863,1542,19,
ItemEntityTick,/Users/obey/Desktop/MyVoxelGame/src/server/IntegratedServer.cpp,1208,13938076627,1208,19,
ItemEntityTick,/Users/obey/Desktop/MyVoxelGame/src/server/IntegratedServer.cpp,1208,13987653528,667,19,
ItemEntityTick,/Users/obey/Desktop/MyVoxelGame/src/server/IntegratedServer.cpp,1208,14038101463,625,19,
ItemEntityTick,/Users/obey/Desktop/MyVoxelGame/src/server/IntegratedServer.cpp,1208,14089581204,709,19,
ItemEntityTick,/Users/obey/Desktop/MyVoxelGame/src/server/IntegratedServer.cpp,1208,14137628792,1833,19,
ItemEntityTick,/Users/obey/Desktop/MyVoxelGame/src/server/IntegratedServer.cpp,1208,14187952282,2458,19,
ItemEntityTick,/Users/obey/Desktop/MyVoxelGame/src/server/IntegratedServer.cpp,1208,14237598427,1833,19,
ItemEntityTick,/Users/obey/Desktop/MyVoxelGame/src/server/IntegratedServer.cpp,1208,14288005077,291,19,
ItemEntityTick,/Users/obey/Desktop/MyVoxelGame/src/server/IntegratedServer.cpp,1208,14337719691,2708,19,
ItemEntityTick,/Users/obey/Desktop/MyVoxelGame/src/server/IntegratedServer.cpp,1208,14387768897,167,19,
ItemEntityTick,/Users/obey/Desktop/MyVoxelGame/src/server/IntegratedServer.cpp,1208,14440392622,916,19,
ItemEntityTick,/Users/obey/Desktop/MyVoxelGame/src/server/IntegratedServer.cpp,1208,14487621027,1142,19,
ItemEntityTick,/Users/obey/Desktop/MyVoxelGame/src/server/IntegratedServer.cpp,1208,14538662106,1416,19,
ItemEntityTick,/Users/obey/Desktop/MyVoxelGame/src/server/IntegratedServer.cpp,1208,14588312959,1708,19,
ItemEntityTick,/Users/obey/Desktop/MyVoxelGame/src/server/IntegratedServer.cpp,1208,14637667552,1667,19,
ItemEntityTick,/Users/obey/Desktop/MyVoxelGame/src/server/IntegratedServer.cpp,1208,14689914483,1791,19,
ItemEntityTick,/Users/obey/Desktop/MyVoxelGame/src/server/IntegratedServer.cpp,1208,14739710008,1208,19,
ItemEntityTick,/Users/obey/Desktop/MyVoxelGame/src/server/IntegratedServer.cpp,1208,14787975427,767,19,
ItemEntityTick,/Users/obey/Desktop/MyVoxelGame/src/server/IntegratedServer.cpp,1208,14838066043,375,19,
ItemEntityTick,/Users/obey/Desktop/MyVoxelGame/src/server/IntegratedServer.cpp,1208,14889508017,2125,19,
ItemEntityTick,/Users/obey/Desktop/MyVoxelGame/src/server/IntegratedServer.cpp,1208,14938375329,1042,19,
ItemEntityTick,/Users/obey/Desktop/MyVoxelGame/src/server/IntegratedServer.cpp,1208,14987920905,1250,19,
ItemEntityTick,/Users/obey/Desktop/MyVoxelGame/src/server/IntegratedServer.cpp,1208,15037855266,1042,19,
ItemEntityTick,/Users/obey/Desktop/MyVoxelGame/src/server/IntegratedServer.cpp,1208,15090072721,1708,19,
ItemEntityTick,/Users/obey/Desktop/MyVoxelGame/src/server/IntegratedServer.cpp,1208,15139061562,1667,19,
ItemEntityTick,/Users/obey/Desktop/MyVoxelGame/src/server/IntegratedServer.cpp,1208,15188700190,1125,19,
ItemEntityTick,/Users/obey/Desktop/MyVoxelGame/src/server/IntegratedServer.cpp,1208,15238030617,583,19,
ItemEntityTick,/Users/obey/Desktop/MyVoxelGame/src/server/IntegratedServer.cpp,1208,15288201393,1333,19,
ItemEntityTick,/Users/obey/Desktop/MyVoxelGame/src/server/IntegratedServer.cpp,1208,15338160506,1250,19,
ItemEntityTick,/Users/obey/Desktop/MyVoxelGame/src/server/IntegratedServer.cpp,1208,15389347987,792,19,
ItemEntityTick,/Users/obey/Desktop/MyVoxelGame/src/server/IntegratedServer.cpp,1208,15439851541,2000,19,
ItemEntityTick,/Users/obey/Desktop/MyVoxelGame/src/server/IntegratedServer.cpp,1208,15488337935,1791,19,
ItemEntityTick,/Users/obey/Desktop/MyVoxelGame/src/server/IntegratedServer.cpp,1208,15539801908,708,19,
ItemEntityTick,/Users/obey/Desktop/MyVoxelGame/src/server/IntegratedServer.cpp,1208,15588175898,1392,19,
ItemEntityTick,/Users/obey/Desktop/MyVoxelGame/src/server/IntegratedServer.cpp,1208,15638297657,1292,19,
ItemEntityTick,/Users/obey/Desktop/MyVoxelGame/src/server/IntegratedServer.cpp,1208,15688045521,709,19,
ItemEntityTick,/Users/obey/Desktop/MyVoxelGame/src/server/IntegratedServer.cpp,1208,15738064709,2084,19,
ItemEntityTick,/Users/obey/Desktop/MyVoxelGame/src/server/IntegratedServer.cpp,1208,15788092691,1292,19,
ItemEntityTick,/Users/obey/Desktop/MyVoxelGame/src/server/IntegratedServer.cpp,1208,15837822971,417,19,
ItemEntityTick,/Users/obey/Desktop/MyVoxelGame/src/server/IntegratedServer.cpp,1208,15889577413,750,19,
ItemEntityTick,/Users/obey/Desktop/MyVoxelGame/src/server/IntegratedServer.cpp,1208,15938027937,1500,19,
ItemEntityTick,/Users/obey/Desktop/MyVoxelGame/src/server/IntegratedServer.cpp,1208,15989994877,667,19,
ItemEntityTick,/Users/obey/Desktop/MyVoxelGame/src/server/IntegratedServer.cpp,1208,16037898311,1209,19,
ItemEntityTick,/Users/obey/Desktop/MyVoxelGame/src/server/IntegratedServer.cpp,1208,16089640568,1041,19,
ItemEntityTick,/Users/obey/Desktop/MyVoxelGame/src/server/IntegratedServer.cpp,1208,16137867695,1083,19,
ItemEntityTick,/Users/obey/Desktop/MyVoxelGame/src/server/IntegratedServer.cpp,1208,16188086239,2583,19,
ItemEntityTick,/Users/obey/Desktop/MyVoxelGame/src/server/IntegratedServer.cpp,1208,16240688840,750,19,
ItemEntityTick,/Users/obey/Desktop/MyVoxelGame/src/server/IntegratedServer.cpp,1208,16287951405,1167,19,
ItemEntityTick,/Users/obey/Desktop/MyVoxelGame/src/server/IntegratedServer.cpp,1208,16339368903,2125,19,
ItemEntityTick,/Users/obey/Desktop/MyVoxelGame/src/server/IntegratedServer.cpp,1208,16387977848,2209,19,
ItemEntityTick,/Users/obey/Desktop/MyVoxelGame/src/server/IntegratedServer.cpp,1208,16437861176,1583,19,
ItemEntityTick,/Users/obey/Desktop/MyVoxelGame/src/server/IntegratedServer.cpp,1208,16487766170,1750,19,
ItemEntityTick,/Users/obey/Desktop/MyVoxelGame/src/server/IntegratedServer.cpp,1208,16539396456,750,19,
ItemEntityTick,/Users/obey/Desktop/MyVoxelGame/src/server/IntegratedServer.cpp,1208,16588289370,1792,19,
ItemEntityTick,/Users/obey/Desktop/MyVoxelGame/src/server/IntegratedServer.cpp,1208,16640184107,1916,19,
ItemEntityTick,/Users/obey/Desktop/MyVoxelGame/src/server/IntegratedServer.cpp,1208,16687764224,1167,19,
ItemEntityTick,/Users/obey/Desktop/MyVoxelGame/src/server/IntegratedServer.cpp,1208,16738171766,1458,19,
ItemEntityTick,/Users/obey/Desktop/MyVoxelGame/src/server/IntegratedServer.cpp,1208,16788550482,709,19,
ItemEntityTick,/Users/obey/Desktop/MyVoxelGame/src/server/IntegratedServer.cpp,1208,16838305989,791,19,
ItemEntityTick,/Users/obey/Desktop/MyVoxelGame/src/server/IntegratedServer.cpp,1208,16890296594,2167,19,
ItemEntityTick,/Users/obey/Desktop/MyVoxelGame/src/server/IntegratedServer.cpp,1208,16939734658,2208,19,
ItemEntityTick,/Users/obey/Desktop/MyVoxelGame/src/server/IntegratedServer.cpp,1208,16988269252,1000,19,
ItemEntityTick,/Users/obey/Desktop/MyVoxelGame/src/server/IntegratedServer.cpp,1208,17038373536,917,19,
ItemEntityTick,/Users/obey/Desktop/MyVoxelGame/src/server/IntegratedServer.cpp,1208,17089387246,1041,19,
ItemEntityTick,/Users/obey/Desktop/MyVoxelGame/src/server/IntegratedServer.cpp,1208,17137838955,1209,19,
ItemEntityTick,/Users/obey/Desktop/MyVoxelGame/src/server/IntegratedServer.cpp,1208,17187756550,1666,19,
ItemEntityTick,/Users/obey/Desktop/MyVoxelGame/src/server/IntegratedServer.cpp,1208,17240680242,833,19,
ItemEntityTick,/Users/obey/Desktop/MyVoxelGame/src/server/IntegratedServer.cpp,1208,17288201489,2083,19,
ItemEntityTick,/Users/obey/Desktop/MyVoxelGame/src/server/IntegratedServer.cpp,1208,17339956306,833,19,
ItemEntityTick,/Users/obey/Desktop/MyVoxelGame/src/server/IntegratedServer.cpp,1208,17388353688,792,19,
ItemEntityTick,/Users/obey/Desktop/MyVoxelGame/src/server/IntegratedServer.cpp,1208,17447337195,708,19,
ItemEntityTick,/Users/obey/Desktop/MyVoxelGame/src/server/IntegratedServer.cpp,1208,17490170793,709,19,
ItemEntityTick,/Users/obey/Desktop/MyVoxelGame/src/server/IntegratedServer.cpp,1208,17537862980,833,19,
ItemEntityTick,/Users/obey/Desktop/MyVoxelGame/src/server/IntegratedServer.cpp,1208,17587951038,1167,19,
ItemEntityTick,/Users/obey/Desktop/MyVoxelGame/src/server/IntegratedServer.cpp,1208,17637796496,1083,19,
ItemEntityTick,/Users/obey/Desktop/MyVoxelGame/src/server/IntegratedServer.cpp,1208,17687793893,667,19,
ItemEntityTick,/Users/obey/Desktop/MyVoxelGame/src/server/IntegratedServer.cpp,1208,17737792106,750,19,
ItemEntityTick,/Users/obey/Desktop/MyVoxelGame/src/server/IntegratedServer.cpp,1208,17789907884,958,19,
ItemEntityTick,/Users/obey/Desktop/MyVoxelGame/src/server/IntegratedServer.cpp,1208,17837683438,2291,19,
ItemEntityTick,/Users/obey/Desktop/MyVoxelGame/src/server/IntegratedServer.cpp,1208,17887870315,1500,19,
ItemEntityTick,/Users/obey/Desktop/MyVoxelGame/src/server/IntegratedServer.cpp,1208,17937622347,750,19,
ItemEntityTick,/Users/obey/Desktop/MyVoxelGame/src/server/IntegratedServer.cpp,1208,17987833391,2809,19,
ItemEntityTick,/Users/obey/Desktop/MyVoxelGame/src/server/IntegratedServer.cpp,1208,18037657433,2292,19,
ItemEntityTick,/Users/obey/Desktop/MyVoxelGame/src/server/IntegratedServer.cpp,1208,18089619621,375,19,
ItemEntityTick,/Users/obey/Desktop/MyVoxelGame/src/server/IntegratedServer.cpp,1208,18137654167,1834,19,
ItemEntityTick,/Users/obey/Desktop/MyVoxelGame/src/server/IntegratedServer.cpp,1208,18188318893,625,19,
ItemEntityTick,/Users/obey/Desktop/MyVoxelGame/src/server/IntegratedServer.cpp,1208,18237654237,750,19,
ItemEntityTick,/Users/obey/Desktop/MyVoxelGame/src/server/IntegratedServer.cpp,1208,18290627405,709,19,
ItemEntityTick,/Users/obey/Desktop/MyVoxelGame/src/server/IntegratedServer.cpp,1208,18339900047,1042,19,
ItemEntityTick,/Users/obey/Desktop/MyVoxelGame/src/server/IntegratedServer.cpp,1208,18387797506,417,19,
ItemEntityTick,/Users/obey/Desktop/MyVoxelGame/src/server/IntegratedServer.cpp,1208,18438042169,500,19,
ItemEntityTick,/Users/obey/Desktop/MyVoxelGame/src/server/IntegratedServer.cpp,1208,18490107202,1792,19,
ItemEntityTick,/Users/obey/Desktop/MyVoxelGame/src/server/IntegratedServer.cpp,1208,18538307128,625,19,
ItemEntityTick,/Users/obey/Desktop/MyVoxelGame/src/server/IntegratedServer.cpp,1208,18587795476,709,19,
ItemEntityTick,/Users/obey/Desktop/MyVoxelGame/src/server/IntegratedServer.cpp,1208,18637679970,750,19,
ItemEntityTick,/Users/obey/Desktop/MyVoxelGame/src/server/IntegratedServer.cpp,1208,18687782569,542,19,
ItemEntityTick,/Users/obey/Desktop/MyVoxelGame/src/server/IntegratedServer.cpp,1208,18737872436,792,19,
ItemEntityTick,/Users/obey/Desktop/MyVoxelGame/src/server/IntegratedServer.cpp,1208,18787562806,417,19,
ItemEntityTick,/Users/obey/Desktop/MyVoxelGame/src/server/IntegratedServer.cpp,1208,18838377078,917,19,
ItemEntityTick,/Users/obey/Desktop/MyVoxelGame/src/server/IntegratedServer.cpp,1208,18887988705,792,19,
ItemEntityTick,/Users/obey/Desktop/MyVoxelGame/src/server/IntegratedServer.cpp,1208,18937882532,667,19,
ItemEntityTick,/Users/obey/Desktop/MyVoxelGame/src/server/IntegratedServer.cpp,1208,18988332342,875,19,
ItemEntityTick,/Users/obey/Desktop/MyVoxelGame/src/server/IntegratedServer.cpp,1208,19037870749,2167,19,
ItemEntityTick,/Users/obey/Desktop/MyVoxelGame/src/server/IntegratedServer.cpp,1208,19087593847,1458,19,
ItemEntityTick,/Users/obey/Desktop/MyVoxelGame/src/server/IntegratedServer.cpp,1208,19137845217,917,19,
ItemEntityTick,/Users/obey/Desktop/MyVoxelGame/src/server/IntegratedServer.cpp,1208,19187886883,708,19,
ItemEntityTick,/Users/obey/Desktop/MyVoxelGame/src/server/IntegratedServer.cpp,1208,19238890217,792,19,
ItemEntityTick,/Users/obey/Desktop/MyVoxelGame/src/server/IntegratedServer.cpp,1208,19288241270,833,19,
ItemEntityTick,/Users/obey/Desktop/MyVoxelGame/src/server/IntegratedServer.cpp,1208,19340072638,292,19,
ItemEntityTick,/Users/obey/Desktop/MyVoxelGame/src/server/IntegratedServer.cpp,1208,19388066941,2083,19,
ItemEntityTick,/Users/obey/Desktop/MyVoxelGame/src/server/IntegratedServer.cpp,1208,19439330351,791,19,
ItemEntityTick,/Users/obey/Desktop/MyVoxelGame/src/server/IntegratedServer.cpp,1208,19487659489,709,19,
ItemEntityTick,/Users/obey/Desktop/MyVoxelGame/src/server/IntegratedServer.cpp,1208,19546552878,958,19,
ItemEntityTick,/Users/obey/Desktop/MyVoxelGame/src/server/IntegratedServer.cpp,1208,19587779236,1375,19,
ItemEntityTick,/Users/obey/Desktop/MyVoxelGame/src/server/IntegratedServer.cpp,1208,19637667230,1166,19,
ItemEntityTick,/Users/obey/Desktop/MyVoxelGame/src/server/IntegratedServer.cpp,1208,19687968618,1084,19,
ItemEntityTick,/Users/obey/Desktop/MyVoxelGame/src/server/IntegratedServer.cpp,1208,19737707192,625,19,
ItemEntityTick,/Users/obey/Desktop/MyVoxelGame/src/server/IntegratedServer.cpp,1208,19788593473,2125,19,
ItemEntityTick,/Users/obey/Desktop/MyVoxelGame/src/server/IntegratedServer.cpp,1208,19837718843,1976,19,
ItemEntityTick,/Users/obey/Desktop/MyVoxelGame/src/server/IntegratedServer.cpp,1208,19888216105,875,19,
ItemEntityTick,/Users/obey/Desktop/MyVoxelGame/src/server/IntegratedServer.cpp,1208,19939141071,917,19,
ItemEntityTick,/Users/obey/Desktop/MyVoxelGame/src/server/IntegratedServer.cpp,1208,19988326161,542,19,
ItemEntityTick,/Users/obey/Desktop/MyVoxelGame/src/server/IntegratedServer.cpp,1208,20038907666,1459,19,
ItemEntityTick,/Users/obey/Desktop/MyVoxelGame/src/server/IntegratedServer.cpp,1208,20088310254,1834,19,
ItemEntityTick,/Users/obey/Desktop/MyVoxelGame/src/server/IntegratedServer.cpp,1208,20137922131,1167,19,
ItemEntityTick,/Users/obey/Desktop/MyVoxelGame/src/server/IntegratedServer.cpp,1208,20187766590,750,19,
ItemEntityTick,/Users/obey/Desktop/MyVoxelGame/src/server/IntegratedServer.cpp,1208,20238171197,935,19,
ItemEntityTick,/Users/obey/Desktop/MyVoxelGame/src/server/IntegratedServer.cpp,1208,20289145323,1042,19,
ItemEntityTick,/Users/obey/Desktop/MyVoxelGame/src/server/IntegratedServer.cpp,1208,20338236343,1209,19,
ItemEntityTick,/Users/obey/Desktop/MyVoxelGame/src/server/IntegratedServer.cpp,1208,20388489381,1000,19,
ItemEntityTick,/Users/obey/Desktop/MyVoxelGame/src/server/IntegratedServer.cpp,1208,20440146853,1125,19,
ItemEntityTick,/Users/obey/Desktop/MyVoxelGame/src/server/IntegratedServer.cpp,1208,20488589752,875,19,
ItemEntityTick,/Users/obey/Desktop/MyVoxelGame/src/server/IntegratedServer.cpp,1208,20538714679,1041,19,
ItemEntityTick,/Users/obey/Desktop/MyVoxelGame/src/server/IntegratedServer.cpp,1208,20588026296,1708,19,
ItemEntityTick,/Users/obey/Desktop/MyVoxelGame/src/server/IntegratedServer.cpp,1208,20637955015,750,19,
ItemEntityTick,/Users/obey/Desktop/MyVoxelGame/src/server/IntegratedServer.cpp,1208,20687947104,792,19,
ItemEntityTick,/Users/obey/Desktop/MyVoxelGame/src/server/IntegratedServer.cpp,1208,20738483759,1375,19,
ItemEntityTick,/Users/obey/Desktop/MyVoxelGame/src/server/IntegratedServer.cpp,1208,20789235911,917,19,
ItemEntityTick,/Users/obey/Desktop/MyVoxelGame/src/server/IntegratedServer.cpp,1208,20838324722,1917,19,
ItemEntityTick,/Users/obey/Desktop/MyVoxelGame/src/server/IntegratedServer.cpp,1208,20889846498,917,19,
ItemEntityTick,/Users/obey/Desktop/MyVoxelGame/src/server/IntegratedServer.cpp,1208,20939226817,1084,19,
ItemEntityTick,/Users/obey/Desktop/MyVoxelGame/src/server/IntegratedServer.cpp,1208,20989124104,667,19,
ItemEntityTick,/Users/obey/Desktop/MyVoxelGame/src/server/IntegratedServer.cpp,1208,21038151962,1292,19,
ItemEntityTick,/Users/obey/Desktop/MyVoxelGame/src/server/IntegratedServer.cpp,1208,21087922552,1875,19,
ItemEntityTick,/Users/obey/Desktop/MyVoxelGame/src/server/IntegratedServer.cpp,1208,21138615086,875,19,
ItemEntityTick,/Users/obey/Desktop/MyVoxelGame/src/server/IntegratedServer.cpp,1208,21188236254,709,19,
ItemEntityTick,/Users/obey/Desktop/MyVoxelGame/src/server/IntegratedServer.cpp,1208,21240483019,2000,19,
ItemEntityTick,/Users/obey/Desktop/MyVoxelGame/src/server/IntegratedServer.cpp,1208,21287990724,542,19,
ItemEntityTick,/Users/obey/Desktop/MyVoxelGame/src/server/IntegratedServer.cpp,1208,21339090238,958,19,
ItemEntityTick,/Users/obey/Desktop/MyVoxelGame/src/server/IntegratedServer.cpp,1208,21387696284,625,19,
ItemEntityTick,/Users/obey/Desktop/MyVoxelGame/src/server/IntegratedServer.cpp,1208,21439178401,1583,19,
ItemEntityTick,/Users/obey/Desktop/MyVoxelGame/src/server/IntegratedServer.cpp,1208,21488368948,2458,19,
ItemEntityTick,/Users/obey/Desktop/MyVoxelGame/src/server/IntegratedServer.cpp,1208,21537805678,667,19,
ItemEntityTick,/Users/obey/Desktop/MyVoxelGame/src/server/IntegratedServer.cpp,1208,21587810350,1809,19,
ItemEntityTick,/Users/obey/Desktop/MyVoxelGame/src/server/IntegratedServer.cpp,1208,21640399490,834,19,
ItemEntityTick,/Users/obey/Desktop/MyVoxelGame/src/server/IntegratedServer.cpp,1208,21687712908,667,19,
ItemEntityTick,/Users/obey/Desktop/MyVoxelGame/src/server/IntegratedServer.cpp,1208,21738998084,1292,19,
ItemEntityTick,/Users/obey/Desktop/MyVoxelGame/src/server/IntegratedServer.cpp,1208,21787811904,1625,19,
ItemEntityTick,/Users/obey/Desktop/MyVoxelGame/src/server/IntegratedServer.cpp,1208,21838324499,2375,19,
ItemEntityTick,/Users/obey/Desktop/MyVoxelGame/src/server/IntegratedServer.cpp,1208,21888119524,1125,19,
ItemEntityTick,/Users/obey/Desktop/MyVoxelGame/src/server/IntegratedServer.cpp,1208,21937896655,667,19,
ItemEntityTick,/Users/obey/Desktop/MyVoxelGame/src/server/IntegratedServer.cpp,1208,21987949528,291,19,
ItemEntityTick,/Users/obey/Desktop/MyVoxelGame/src/server/IntegratedServer.cpp,1208,22039486888,1459,19,
ItemEntityTick,/Users/obey/Desktop/MyVoxelGame/src/server/IntegratedServer.cpp,1208,22087880019,959,19,
ItemEntityTick,/Users/obey/Desktop/MyVoxelGame/src/server/IntegratedServer.cpp,1208,22138343080,2125,19,
ItemEntityTick,/Users/obey/Desktop/MyVoxelGame/src/server/IntegratedServer.cpp,1208,22188008909,708,19,
ItemEntityTick,/Users/obey/Desktop/MyVoxelGame/src/server/IntegratedServer.cpp,1208,22238545148,1125,19,
ItemEntityTick,/Users/obey/Desktop/MyVoxelGame/src/server/IntegratedServer.cpp,1208,22288211125,1083,19,
ItemEntityTick,/Users/obey/Desktop/MyVoxelGame/src/server/IntegratedServer.cpp,1208,22338122802,2542,19,
ItemEntityTick,/Users/obey/Desktop/MyVoxelGame/src/server/IntegratedServer.cpp,1208,22387773990,1166,19,
ItemEntityTick,/Users/obey/Desktop/MyVoxelGame/src/server/IntegratedServer.cpp,1208,22438033777,417,19,
ItemEntityTick,/Users/obey/Desktop/MyVoxelGame/src/server/IntegratedServer.cpp,1208,22490808673,542,19,
ItemEntityTick,/Users/obey/Desktop/MyVoxelGame/src/server/IntegratedServer.cpp,1208,22537782479,750,19,
ItemEntityTick,/Users/obey/Desktop/MyVoxelGame/src/server/IntegratedServer.cpp,1208,22587909572,959,19,
ItemEntityTick,/Users/obey/Desktop/MyVoxelGame/src/server/IntegratedServer.cpp,1208,22639208374,750,19,
ItemEntityTick,/Users/obey/Desktop/MyVoxelGame/src/server/IntegratedServer.cpp,1208,22687834297,2083,19,
ItemEntityTick,/Users/obey/Desktop/MyVoxelGame/src/server/IntegratedServer.cpp,1208,22737929205,666,19,
ItemEntityTick,/Users/obey/Desktop/MyVoxelGame/src/server/IntegratedServer.cpp,1208,22787931126,916,19,
ItemEntityTick,/Users/obey/Desktop/MyVoxelGame/src/server/IntegratedServer.cpp,1208,22838304318,1542,19,
ItemEntityTick,/Users/obey/Desktop/MyVoxelGame/src/server/IntegratedServer.cpp,1208,22888391125,916,19,
ItemEntityTick,/Users/obey/Desktop/MyVoxelGame/src/server/IntegratedServer.cpp,1208,22938189942,791,19,
ItemEntityTick,/Users/obey/Desktop/MyVoxelGame/src/server/IntegratedServer.cpp,1208,22989063831,1750,19,
ItemEntityTick,/Users/obey/Desktop/MyVoxelGame/src/server/IntegratedServer.cpp,1208,23037719604,667,19,
ItemEntityTick,/Users/obey/Desktop/MyVoxelGame/src/server/IntegratedServer.cpp,1208,23087944083,1666,19,
ItemEntityTick,/Users/obey/Desktop/MyVoxelGame/src/server/IntegratedServer.cpp,1208,23137923171,542,19,
ItemEntityTick,/Users/obey/Desktop/MyVoxelGame/src/server/IntegratedServer.cpp,1208,23187825289,1750,19,
ItemEntityTick,/Users/obey/Desktop/MyVoxelGame/src/server/IntegratedServer.cpp,1208,23239320780,1750,19,
ItemEntityTick,/Users/obey/Desktop/MyVoxelGame/src/server/IntegratedServer.cpp,1208,23287874334,458,19,
ItemEntityTick,/Users/obey/Desktop/MyVoxelGame/src/server/IntegratedServer.cpp,1208,23338848192,750,19,
ItemEntityTick,/Users/obey/Desktop/MyVoxelGame/src/server/IntegratedServer.cpp,1208,23388347333,1042,19,
ItemEntityTick,/Users/obey/Desktop/MyVoxelGame/src/server/IntegratedServer.cpp,1208,23437890800,1916,19,
ItemEntityTick,/Users/obey/Desktop/MyVoxelGame/src/server/IntegratedServer.cpp,1208,23490076779,500,19,
ItemEntityTick,/Users/obey/Desktop/MyVoxelGame/src/server/IntegratedServer.cpp,1208,23539954629,1875,19,
ItemEntityTick,/Users/obey/Desktop/MyVoxelGame/src/server/IntegratedServer.cpp,1208,23588110830,500,19,
ItemEntityTick,/Users/obey/Desktop/MyVoxelGame/src/server/IntegratedServer.cpp,1208,23638851107,1042,19,
ItemEntityTick,/Users/obey/Desktop/MyVoxelGame/src/server/IntegratedServer.cpp,1208,23687977161,584,19,
ItemEntityTick,/Users/obey/Desktop/MyVoxelGame/src/server/IntegratedServer.cpp,1208,23738221098,750,19,
ItemEntityTick,/Users/obey/Desktop/MyVoxelGame/src/server/IntegratedServer.cpp,1208,23790035241,458,19,
ItemEntityTick,/Users/obey/Desktop/MyVoxelGame/src/server/IntegratedServer.cpp,1208,23838383839,625,19,
ItemEntityTick,/Users/obey/Desktop/MyVoxelGame/src/server/IntegratedServer.cpp,1208,23888503515,875,19,
ItemEntityTick,/Users/obey/Desktop/MyVoxelGame/src/server/IntegratedServer.cpp,1208,23937959328,1042,19,
ItemEntityTick,/Users/obey/Desktop/MyVoxelGame/src/server/IntegratedServer.cpp,1208,23988048344,541,19,
ItemEntityTick,/Users/obey/Desktop/MyVoxelGame/src/server/IntegratedServer.cpp,1208,24038057698,875,19,
ItemEntityTick,/Users/obey/Desktop/MyVoxelGame/src/server/IntegratedServer.cpp,1208,24090865589,1875,19,
ItemEntityTick,/Users/obey/Desktop/MyVoxelGame/src/server/IntegratedServer.cpp,1208,24138129178,3166,19,
ItemEntityTick,/Users/obey/Desktop/MyVoxelGame/src/server/IntegratedServer.cpp,1208,24187800257,2542,19,
ItemEntityTick,/Users/obey/Desktop/MyVoxelGame/src/server/IntegratedServer.cpp,1208,24237882106,375,19,
ItemEntityTick,/Users/obey/Desktop/MyVoxelGame/src/server/IntegratedServer.cpp,1208,24288321750,959,19,
ItemEntityTick,/Users/obey/Desktop/MyVoxelGame/src/server/IntegratedServer.cpp,1208,24339961745,667,19,
ItemEntityTick,/Users/obey/Desktop/MyVoxelGame/src/server/IntegratedServer.cpp,1208,24388569793,542,19,
ItemEntityTick,/Users/obey/Desktop/MyVoxelGame/src/server/IntegratedServer.cpp,1208,24438256371,1084,19,
ItemEntityTick,/Users/obey/Desktop/MyVoxelGame/src/server/IntegratedServer.cpp,1208,24487731243,2250,19,
ItemEntityTick,/Users/obey/Desktop/MyVoxelGame/src/server/IntegratedServer.cpp,1208,24539924265,791,19,
ItemEntityTick,/Users/obey/Desktop/MyVoxelGame/src/server/IntegratedServer.cpp,1208,24590516245,833,19,
ItemEntityTick,/Users/obey/Desktop/MyVoxelGame/src/server/IntegratedServer.cpp,1208,24639429760,1209,19,
ItemEntityTick,/Users/obey/Desktop/MyVoxelGame/src/server/IntegratedServer.cpp,1208,24688045640,1292,19,
ItemEntityTick,/Users/obey/Desktop/MyVoxelGame/src/server/IntegratedServer.cpp,1208,24738019521,583,19,
ItemEntityTick,/Users/obey/Desktop/MyVoxelGame/src/server/IntegratedServer.cpp,1208,24788017025,792,19,
ItemEntityTick,/Users/obey/Desktop/MyVoxelGame/src/server/IntegratedServer.cpp,1208,24839380405,1125,19,
ItemEntityTick,/Users/obey/Desktop/MyVoxelGame/src/server/IntegratedServer.cpp,1208,24889039590,625,19,
ItemEntityTick,/Users/obey/Desktop/MyVoxelGame/src/server/IntegratedServer.cpp,1208,24937794016,459,19,
ItemEntityTick,/Users/obey/Desktop/MyVoxelGame/src/server/IntegratedServer.cpp,1208,24987922968,2541,19,
ItemEntityTick,/Users/obey/Desktop/MyVoxelGame/src/server/IntegratedServer.cpp,1208,25039009646,1666,19,
ItemEntityTick,/Users/obey/Desktop/MyVoxelGame/src/server/IntegratedServer.cpp,1208,25088285080,417,19,
ItemEntityTick,/Users/obey/Desktop/MyVoxelGame/src/server/IntegratedServer.cpp,1208,25138109372,708,19,
ItemEntityTick,/Users/obey/Desktop/MyVoxelGame/src/server/IntegratedServer.cpp,1208,25189995217,1583,19,
ItemEntityTick,/Users/obey/Desktop/MyVoxelGame/src/server/IntegratedServer.cpp,1208,25237760938,1875,19,
ItemEntityTick,/Users/obey/Desktop/MyVoxelGame/src/server/IntegratedServer.cpp,1208,25287821144,2500,19,
ItemEntityTick,/Users/obey/Desktop/MyVoxelGame/src/server/IntegratedServer.cpp,1208,25338121343,1166,19,
ItemEntityTick,/Users/obey/Desktop/MyVoxelGame/src/server/IntegratedServer.cpp,1208,25387816921,333,19,
ItemEntityTick,/Users/obey/Desktop/MyVoxelGame/src/server/IntegratedServer.cpp,1208,25438065334,375,19,
ItemEntityTick,/Users/obey/Desktop/MyVoxelGame/src/server/IntegratedServer.cpp,1208,25487778097,459,19,
ItemEntityTick,/Users/obey/Desktop/MyVoxelGame/src/server/IntegratedServer.cpp,1208,25539205512,625,19,
ItemEntityTick,/Users/obey/Desktop/MyVoxelGame/src/server/IntegratedServer.cpp,1208,25587825475,334,19,
ItemEntityTick,/Users/obey/Desktop/MyVoxelGame/src/server/IntegratedServer.cpp,1208,25638398481,1417,19,
ItemEntityTick,/Users/obey/Desktop/MyVoxelGame/src/server/IntegratedServer.cpp,1208,25688807190,750,19,
ItemEntityTick,/Users/obey/Desktop/MyVoxelGame/src/server/IntegratedServer.cpp,1208,25737911060,834,19,
ItemEntityTick,/Users/obey/Desktop/MyVoxelGame/src/server/IntegratedServer.cpp,1208,25787883173,1541,19,
ItemEntityTick,/Users/obey/Desktop/MyVoxelGame/src/server/IntegratedServer.cpp,1208,25839302836,1209,19,
ItemEntityTick,/Users/obey/Desktop/MyVoxelGame/src/server/IntegratedServer.cpp,1208,25888198352,1125,19,
ItemEntityTick,/Users/obey/Desktop/MyVoxelGame/src/server/IntegratedServer.cpp,1208,25940522234,791,19,
ItemEntityTick,/Users/obey/Desktop/MyVoxelGame/src/server/IntegratedServer.cpp,1208,25988770487,1875,19,
ItemEntityTick,/Users/obey/Desktop/MyVoxelGame/src/server/IntegratedServer.cpp,1208,26038506642,1667,19,
ItemEntityTick,/Users/obey/Desktop/MyVoxelGame/src/server/IntegratedServer.cpp,1208,26089057797,2708,19,
ItemEntityTick,/Users/obey/Desktop/MyVoxelGame/src/server/IntegratedServer.cpp,1208,26138972683,541,19,
ItemEntityTick,/Users/obey/Desktop/MyVoxelGame/src/server/IntegratedServer.cpp,1208,26187984083,1875,19,
ItemEntityTick,/Users/obey/Desktop/MyVoxelGame/src/server/IntegratedServer.cpp,1208,26238786729,1000,19,
ItemEntityTick,/Users/obey/Desktop/MyVoxelGame/src/server/IntegratedServer.cpp,1208,26292106359,958,19,
ItemEntityTick,/Users/obey/Desktop/MyVoxelGame/src/server/IntegratedServer.cpp,1208,26340908012,1750,19,
ItemEntityTick,/Users/obey/Desktop/MyVoxelGame/src/server/IntegratedServer.cpp,1208,26388020071,2209,19,
ItemEntityTick,/Users/obey/Desktop/MyVoxelGame/src/server/IntegratedServer.cpp,1208,26438738457,1792,19,
ItemEntityTick,/Users/obey/Desktop/MyVoxelGame/src/server/IntegratedServer.cpp,1208,26489034637,417,19,
ItemEntityTick,/Users/obey/Desktop/MyVoxelGame/src/server/IntegratedServer.cpp,1208,26538689532,1833,19,
ItemEntityTick,/Users/obey/Desktop/MyVoxelGame/src/server/IntegratedServer.cpp,1208,26588154238,1667,19,
ItemEntityTick,/Users/obey/Desktop/MyVoxelGame/src/server/IntegratedServer.cpp,1208,26638371657,625,19,
ItemEntityTick,/Users/obey/Desktop/MyVoxelGame/src/server/IntegratedServer.cpp,1208,26688328770,958,19,
ItemEntityTick,/Users/obey/Desktop/MyVoxelGame/src/server/IntegratedServer.cpp,1208,26738233281,750,19,
ItemEntityTick,/Users/obey/Desktop/MyVoxelGame/src/server/IntegratedServer.cpp,1208,26788415933,916,19,
ItemEntityTick,/Users/obey/Desktop/MyVoxelGame/src/server/IntegratedServer.cpp,1208,26839491112,625,19,
ItemEntityTick,/Users/obey/Desktop/MyVoxelGame/src/server/IntegratedServer.cpp,1208,26887968905,791,19,
ItemEntityTick,/Users/obey/Desktop/MyVoxelGame/src/server/IntegratedServer.cpp,1208,26938126265,708,19,
ItemEntityTick,/Users/obey/Desktop/MyVoxelGame/src/server/IntegratedServer.cpp,1208,26988001448,1584,19,
ItemEntityTick,/Users/obey/Desktop/MyVoxelGame/src/server/IntegratedServer.cpp,1208,27038146375,542,19,
ItemEntityTick,/Users/obey/Desktop/MyVoxelGame/src/server/IntegratedServer.cpp,1208,27088175939,792,19,
ItemEntityTick,/Users/obey/Desktop/MyVoxelGame/src/server/IntegratedServer.cpp,1208,27138080243,583,19,
ItemEntityTick,/Users/obey/Desktop/MyVoxelGame/src/server/IntegratedServer.cpp,1208,27188270810,375,19,
ItemEntityTick,/Users/obey/Desktop/MyVoxelGame/src/server/IntegratedServer.cpp,1208,27238353452,542,19,
ItemEntityTick,/Users/obey/Desktop/MyVoxelGame/src/server/IntegratedServer.cpp,1208,27288283355,1125,19,
ItemEntityTick,/Users/obey/Desktop/MyVoxelGame/src/server/IntegratedServer.cpp,1208,27337925648,500,19,
ItemEntityTick,/Users/obey/Desktop/MyVoxelGame/src/server/IntegratedServer.cpp,1208,27388127610,500,19,
ItemEntityTick,/Users/obey/Desktop/MyVoxelGame/src/server/IntegratedServer.cpp,1208,27437951443,917,19,
ItemEntityTick,/Users/obey/Desktop/MyVoxelGame/src/server/IntegratedServer.cpp,1208,27487910890,1125,19,
ItemEntityTick,/Users/obey/Desktop/MyVoxelGame/src/server/IntegratedServer.cpp,1208,27537804091,625,19,
ItemEntityTick,/Users/obey/Desktop/MyVoxelGame/src/server/IntegratedServer.cpp,1208,27587834280,583,19,
ItemEntityTick,/Users/obey/Desktop/MyVoxelGame/src/server/IntegratedServer.cpp,1208,27639691107,642,19,
ItemEntityTick,/Users/obey/Desktop/MyVoxelGame/src/server/IntegratedServer.cpp,1208,27687857700,1708,19,
ItemEntityTick,/Users/obey/Desktop/MyVoxelGame/src/server/IntegratedServer.cpp,1208,27738087678,1875,19,
ItemEntityTick,/Users/obey/Desktop/MyVoxelGame/src/server/IntegratedServer.cpp,1208,27787909994,1209,19,
ItemEntityTick,/Users/obey/Desktop/MyVoxelGame/src/server/IntegratedServer.cpp,1208,27838197091,1542,19,
ItemEntityTick,/Users/obey/Desktop/MyVoxelGame/src/server/IntegratedServer.cpp,1208,27889021129,917,19,
ItemEntityTick,/Users/obey/Desktop/MyVoxelGame/src/server/IntegratedServer.cpp,1208,27940839356,459,19,
ItemEntityTick,/Users/obey/Desktop/MyVoxelGame/src/server/IntegratedServer.cpp,1208,27987838888,2333,19,
ItemEntityTick,/Users/obey/Desktop/MyVoxelGame/src/server/IntegratedServer.cpp,1208,28038039599,1667,19,
ItemEntityTick,/Users/obey/Desktop/MyVoxelGame/src/server/IntegratedServer.cpp,1208,28087936802,2458,19,
ItemEntityTick,/Users/obey/Desktop/MyVoxelGame/src/server/IntegratedServer.cpp,1208,28138470022,1101,19,
ItemEntityTick,/Users/obey/Desktop/MyVoxelGame/src/server/IntegratedServer.cpp,1208,28188284272,1042,19,
ItemEntityTick,/Users/obey/Desktop/MyVoxelGame/src/server/IntegratedServer.cpp,1208,28237866738,1435,19,
ItemEntityTick,/Users/obey/Desktop/MyVoxelGame/src/server/IntegratedServer.cpp,1208,28288527065,1333,19,
ItemEntityTick,/Users/obey/Desktop/MyVoxelGame/src/server/IntegratedServer.cpp,1208,28337885074,542,19,
ItemEntityTick,/Users/obey/Desktop/MyVoxelGame/src/server/IntegratedServer.cpp,1208,28388940696,1416,19,
ItemEntityTick,/Users/obey/Desktop/MyVoxelGame/src/server/IntegratedServer.cpp,1208,28438745469,750,19,
ItemEntityTick,/Users/obey/Desktop/MyVoxelGame/src/server/IntegratedServer.cpp,1208,28488798843,875,19,
ItemEntityTick,/Users/obey/Desktop/MyVoxelGame/src/server/IntegratedServer.cpp,1208,28538000682,958,19,
ItemEntityTick,/Users/obey/Desktop/MyVoxelGame/src/server/IntegratedServer.cpp,1208,28589418221,1125,19,
ItemEntityTick,/Users/obey/Desktop/MyVoxelGame/src/server/IntegratedServer.cpp,1208,28640412764,1792,19,
ItemEntityTick,/Users/obey/Desktop/MyVoxelGame/src/server/IntegratedServer.cpp,1208,28688476120,2000,19,
ItemEntityTick,/Users/obey/Desktop/MyVoxelGame/src/server/IntegratedServer.cpp,1208,28740375732,542,19,
ItemEntityTick,/Users/obey/Desktop/MyVoxelGame/src/server/IntegratedServer.cpp,1208,28788328559,792,19,
ItemEntityTick,/Users/obey/Desktop/MyVoxelGame/src/server/IntegratedServer.cpp,1208,28838254529,1708,19,
ItemEntityTick,/Users/obey/Desktop/MyVoxelGame/src/server/IntegratedServer.cpp,1208,28888606536,833,19,
ItemEntityTick,/Users/obey/Desktop/MyVoxelGame/src/server/IntegratedServer.cpp,1208,28938243913,1977,19,
ItemEntityTick,/Users/obey/Desktop/MyVoxelGame/src/server/IntegratedServer.cpp,1208,28988655330,875,19,
ItemEntityTick,/Users/obey/Desktop/MyVoxelGame/src/server/IntegratedServer.cpp,1208,29038471623,1833,19,
ItemEntityTick,/Users/obey/Desktop/MyVoxelGame/src/server/IntegratedServer.cpp,1208,29092989729,2250,19,
ItemEntityTick,/Users/obey/Desktop/MyVoxelGame/src/server/IntegratedServer.cpp,1208,29138922395,834,19,
ItemEntityTick,/Users/obey/Desktop/MyVoxelGame/src/server/IntegratedServer.cpp,1208,29191415508,2209,19,
ItemEntityTick,/Users/obey/Desktop/MyVoxelGame/src/server/IntegratedServer.cpp,1208,29238991250,833,19,
ItemEntityTick,/Users/obey/Desktop/MyVoxelGame/src/server/IntegratedServer.cpp,1208,29288249166,1167,19,
ItemEntityTick,/Users/obey/Desktop/MyVoxelGame/src/server/IntegratedServer.cpp,1208,29340376460,750,19,
ItemEntityTick,/Users/obey/Desktop/MyVoxelGame/src/server/IntegratedServer.cpp,1208,29388295979,875,19,
ItemEntityTick,/Users/obey/Desktop/MyVoxelGame/src/server/IntegratedServer.cpp,1208,29437945664,667,19,
ItemEntityTick,/Users/obey/Desktop/MyVoxelGame/src/server/IntegratedServer.cpp,1208,29488621389,750,19,
ItemEntityTick,/Users/obey/Desktop/MyVoxelGame/src/server/IntegratedServer.cpp,1208,29539634825,958,19,
ItemEntityTick,/Users/obey/Desktop/MyVoxelGame/src/server/IntegratedServer.cpp,1208,29588653642,792,19,
ItemEntityTick,/Users/obey/Desktop/MyVoxelGame/src/server/IntegratedServer.cpp,1208,29639292100,1000,19,
ItemEntityTick,/Users/obey/Desktop/MyVoxelGame/src/server/IntegratedServer.cpp,1208,29688120519,334,19,
ItemEntityTick,/Users/obey/Desktop/MyVoxelGame/src/server/IntegratedServer.cpp,1208,29737916211,2875,19,
ItemEntityTick,/Users/obey/Desktop/MyVoxelGame/src/server/IntegratedServer.cpp,1208,29788914712,625,19,
ItemEntityTick,/Users/obey/Desktop/MyVoxelGame/src/server/IntegratedServer.cpp,1208,29837953756,458,19,
ItemEntityTick,/Users/obey/Desktop/MyVoxelGame/src/server/IntegratedServer.cpp,1208,29888315971,792,19,
ItemEntityTick,/Users/obey/Desktop/MyVoxelGame/src/server/IntegratedServer.cpp,1208,29938341719,667,19,
ItemEntityTick,/Users/obey/Desktop/MyVoxelGame/src/server/IntegratedServer.cpp,1208,29988027465,1083,19,
ItemEntityTick,/Users/obey/Desktop/MyVoxelGame/src/server/IntegratedServer.cpp,1208,30038761058,542,19,
ItemEntityTick,/Users/obey/Desktop/MyVoxelGame/src/server/IntegratedServer.cpp,1208,30088445054,542,19,
ItemEntityTick,/Users/obey/Desktop/MyVoxelGame/src/server/IntegratedServer.cpp,1208,30138250077,542,19,
ItemEntityTick,/Users/obey/Desktop/MyVoxelGame/src/server/IntegratedServer.cpp,1208,30190665656,84,19,
ItemEntityTick,/Users/obey/Desktop/MyVoxelGame/src/server/IntegratedServer.cpp,1208,30238532055,875,19,
ItemEntityTick,/Users/obey/Desktop/MyVoxelGame/src/server/IntegratedServer.cpp,1208,30287911583,958,19,
ItemEntityTick,/Users/obey/Desktop/MyVoxelGame/src/server/IntegratedServer.cpp,1208,30337844487,1542,19,
ItemEntityTick,/Users/obey/Desktop/MyVoxelGame/src/server/IntegratedServer.cpp,1208,30390389785,833,19,
ItemEntityTick,/Users/obey/Desktop/MyVoxelGame/src/server/IntegratedServer.cpp,1208,30438770375,917,19,
ItemEntityTick,/Users/obey/Desktop/MyVoxelGame/src/server/IntegratedServer.cpp,1208,30488184754,750,19,
ItemEntityTick,/Users/obey/Desktop/MyVoxelGame/src/server/IntegratedServer.cpp,1208,30547167861,875,19,
ItemEntityTick,/Users/obey/Desktop/MyVoxelGame/src/server/IntegratedServer.cpp,1208,30588341410,542,19,
ItemEntityTick,/Users/obey/Desktop/MyVoxelGame/src/server/IntegratedServer.cpp,1208,30638050716,1791,19,
ItemEntityTick,/Users/obey/Desktop/MyVoxelGame/src/server/IntegratedServer.cpp,1208,30688483174,1250,19,
ItemEntityTick,/Users/obey/Desktop/MyVoxelGame/src/server/IntegratedServer.cpp,1208,30738078116,667,19,
ItemEntityTick,/Users/obey/Desktop/MyVoxelGame/src/server/IntegratedServer.cpp,1208,30788652515,1500,19,
ItemEntityTick,/Users/obey/Desktop/MyVoxelGame/src/server/IntegratedServer.cpp,1208,30837854396,2000,19,
ItemEntityTick,/Users/obey/Desktop/MyVoxelGame/src/server/IntegratedServer.cpp,1208,30888043423,810,19,
ItemEntityTick,/Users/obey/Desktop/MyVoxelGame/src/server/IntegratedServer.cpp,1208,30937979369,333,19,
ItemEntityTick,/Users/obey/Desktop/MyVoxelGame/src/server/IntegratedServer.cpp,1208,30988539041,709,19,
ItemEntityTick,/Users/obey/Desktop/MyVoxelGame/src/server/IntegratedServer.cpp,1208,31038770519,750,19,
ItemEntityTick,/Users/obey/Desktop/MyVoxelGame/src/server/IntegratedServer.cpp,1208,31088942880,584,19,
ItemEntityTick,/Users/obey/Desktop/MyVoxelGame/src/server/IntegratedServer.cpp,1208,31138000423,1583,19,
ItemEntityTick,/Users/obey/Desktop/MyVoxelGame/src/server/IntegratedServer.cpp,1208,31188063313,1250,19,
ItemEntityTick,/Users/obey/Desktop/MyVoxelGame/src/server/IntegratedServer.cpp,1208,31237973683,333,19,
ItemEntityTick,/Users/obey/Desktop/MyVoxelGame/src/server/IntegratedServer.cpp,1208,31288186227,958,19,
ItemEntityTick,/Users/obey/Desktop/MyVoxelGame/src/server/IntegratedServer.cpp,1208,31340422865,1125,19,
ItemEntityTick,/Users/obey/Desktop/MyVoxelGame/src/server/IntegratedServer.cpp,1208,31388647517,1625,19,
ItemEntityTick,/Users/obey/Desktop/MyVoxelGame/src/server/IntegratedServer.cpp,1208,31438554196,625,19,
ItemEntityTick,/Users/obey/Desktop/MyVoxelGame/src/server/IntegratedServer.cpp,1208,31488218048,583,19,
ItemEntityTick,/Users/obey/Desktop/MyVoxelGame/src/server/IntegratedServer.cpp,1208,31538476754,1792,19,
ItemEntityTick,/Users/obey/Desktop/MyVoxelGame/src/server/IntegratedServer.cpp,1208,31588423782,250,19,
ItemEntityTick,/Users/obey/Desktop/MyVoxelGame/src/server/IntegratedServer.cpp,1208,31638197913,1542,19,
ItemEntityTick,/Users/obey/Desktop/MyVoxelGame/src/server/IntegratedServer.cpp,1208,31689249432,667,19,
ItemEntityTick,/Users/obey/Desktop/MyVoxelGame/src/server/IntegratedServer.cpp,1208,31738147697,375,19,
ItemEntityTick,/Users/obey/Desktop/MyVoxelGame/src/server/IntegratedServer.cpp,1208,31788383676,667,19,
ItemEntityTick,/Users/obey/Desktop/MyVoxelGame/src/server/IntegratedServer.cpp,1208,31838375347,1125,19,
ItemEntityTick,/Users/obey/Desktop/MyVoxelGame/src/server/IntegratedServer.cpp,1208,31888101820,250,19,
ItemEntityTick,/Users/obey/Desktop/MyVoxelGame/src/server/IntegratedServer.cpp,1208,31938848596,417,19,
ItemEntityTick,/Users/obey/Desktop/MyVoxelGame/src/server/IntegratedServer.cpp,1208,31988380878,1667,19,
ItemEntityTick,/Users/obey/Desktop/MyVoxelGame/src/server/IntegratedServer.cpp,1208,32038125660,750,19,
ItemEntityTick,/Users/obey/Desktop/MyVoxelGame/src/server/IntegratedServer.cpp,1208,32088734075,792,19,
ItemEntityTick,/Users/obey/Desktop/MyVoxelGame/src/server/IntegratedServer.cpp,1208,32138672670,2250,19,
ItemEntityTick,/Users/obey/Desktop/MyVoxelGame/src/server/IntegratedServer.cpp,1208,32188291631,1208,19,
ItemEntityTick,/Users/obey/Desktop/MyVoxelGame/src/server/IntegratedServer.cpp,1208,32238405914,542,19,
ItemEntityTick,/Users/obey/Desktop/MyVoxelGame/src/server/IntegratedServer.cpp,1208,32288365151,1000,19,
ItemEntityTick,/Users/obey/Desktop/MyVoxelGame/src/server/IntegratedServer.cpp,1208,32338311056,750,19,
ItemEntityTick,/Users/obey/Desktop/MyVoxelGame/src/server/IntegratedServer.cpp,1208,32388384904,625,19,
ItemEntityTick,/Users/obey/Desktop/MyVoxelGame/src/server/IntegratedServer.cpp,1208,32438413218,708,19,
ItemEntityTick,/Users/obey/Desktop/MyVoxelGame/src/server/IntegratedServer.cpp,1208,32488174058,334,19,
ItemEntityTick,/Users/obey/Desktop/MyVoxelGame/src/server/IntegratedServer.cpp,1208,32538736795,542,19,
ItemEntityTick,/Users/obey/Desktop/MyVoxelGame/src/server/IntegratedServer.cpp,1208,32588709301,1000,19,
ItemEntityTick,/Users/obey/Desktop/MyVoxelGame/src/server/IntegratedServer.cpp,1208,32639020356,642,19,
ItemEntityTick,/Users/obey/Desktop/MyVoxelGame/src/server/IntegratedServer.cpp,1208,32689897888,750,19,
ItemEntityTick,/Users/obey/Desktop/MyVoxelGame/src/server/IntegratedServer.cpp,1208,32738094272,375,19,
ItemEntityTick,/Users/obey/Desktop/MyVoxelGame/src/server/IntegratedServer.cpp,1208,32788444947,292,19,
ItemEntityTick,/Users/obey/Desktop/MyVoxelGame/src/server/IntegratedServer.cpp,1208,32838131442,917,19,
ItemEntityTick,/Users/obey/Desktop/MyVoxelGame/src/server/IntegratedServer.cpp,1208,32888124405,708,19,
ItemEntityTick,/Users/obey/Desktop/MyVoxelGame/src/server/IntegratedServer.cpp,1208,32938136261,2167,19,
ItemEntityTick,/Users/obey/Desktop/MyVoxelGame/src/server/IntegratedServer.cpp,1208,32988074021,209,19,
ItemEntityTick,/Users/obey/Desktop/MyVoxelGame/src/server/IntegratedServer.cpp,1208,33038959888,2167,19,
ItemEntityTick,/Users/obey/Desktop/MyVoxelGame/src/server/IntegratedServer.cpp,1208,33088087817,458,19,
ItemEntityTick,/Users/obey/Desktop/MyVoxelGame/src/server/IntegratedServer.cpp,1208,33138018495,333,19,
ItemEntityTick,/Users/obey/Desktop/MyVoxelGame/src/server/IntegratedServer.cpp,1208,33188189480,250,19,
ItemEntityTick,/Users/obey/Desktop/MyVoxelGame/src/server/IntegratedServer.cpp,1208,33238404441,375,19,
ItemEntityTick,/Users/obey/Desktop/MyVoxelGame/src/server/IntegratedServer.cpp,1208,33288343845,625,19,
ItemEntityTick,/Users/obey/Desktop/MyVoxelGame/src/server/IntegratedServer.cpp,1208,33338360266,708,19,
ItemEntityTick,/Users/obey/Desktop/MyVoxelGame/src/server/IntegratedServer.cpp,1208,33388089631,1208,19,
ItemEntityTick,/Users/obey/Desktop/MyVoxelGame/src/server/IntegratedServer.cpp,1208,33437849178,667,19,
ItemEntityTick,/Users/obey/Desktop/MyVoxelGame/src/server/IntegratedServer.cpp,1208,33488067223,833,19,
ItemEntityTick,/Users/obey/Desktop/MyVoxelGame/src/server/IntegratedServer.cpp,1208,33539999144,417,19,
ItemEntityTick,/Users/obey/Desktop/MyVoxelGame/src/server/IntegratedServer.cpp,1208,33588138702,709,19,
ItemEntityTick,/Users/obey/Desktop/MyVoxelGame/src/server/IntegratedServer.cpp,1208,33638188117,875,19,
ItemEntityTick,/Users/obey/Desktop/MyVoxelGame/src/server/IntegratedServer.cpp,1208,33689838589,792,19,
ItemEntityTick,/Users/obey/Desktop/MyVoxelGame/src/server/IntegratedServer.cpp,1208,33738237138,1541,19,
ItemEntityTick,/Users/obey/Desktop/MyVoxelGame/src/server/IntegratedServer.cpp,1208,33788186940,500,19,
ItemEntityTick,/Users/obey/Desktop/MyVoxelGame/src/server/IntegratedServer.cpp,1208,33838081351,2000,19,
ItemEntityTick,/Users/obey/Desktop/MyVoxelGame/src/server/IntegratedServer.cpp,1208,33888527328,416,19,
ItemEntityTick,/Users/obey/Desktop/MyVoxelGame/src/server/IntegratedServer.cpp,1208,33938229257,750,19,
ItemEntityTick,/Users/obey/Desktop/MyVoxelGame/src/server/IntegratedServer.cpp,1208,33988442593,1292,19,
ItemEntityTick,/Users/obey/Desktop/MyVoxelGame/src/server/IntegratedServer.cpp,1208,34038446158,333,19,
ItemEntityTick,/Users/obey/Desktop/MyVoxelGame/src/server/IntegratedServer.cpp,1208,34088604834,416,19,
ItemEntityTick,/Users/obey/Desktop/MyVoxelGame/src/server/IntegratedServer.cpp,1208,34139090679,500,19,
ItemEntityTick,/Users/obey/Desktop/MyVoxelGame/src/server/IntegratedServer.cpp,1208,34188229274,459,19,
ItemEntityTick,/Users/obey/Desktop/MyVoxelGame/src/server/IntegratedServer.cpp,1208,34238165494,875,19,
ItemEntityTick,/Users/obey/Desktop/MyVoxelGame/src/server/IntegratedServer.cpp,1208,34288340188,1042,19,
ItemEntityTick,/Users/obey/Desktop/MyVoxelGame/src/server/IntegratedServer.cpp,1208,34338652386,2166,19,
ItemEntityTick,/Users/obey/Desktop/MyVoxelGame/src/server/IntegratedServer.cpp,1208,34391500751,459,19,
ItemEntityTick,/Users/obey/Desktop/MyVoxelGame/src/server/IntegratedServer.cpp,1208,34438478641,500,19,
ItemEntityTick,/Users/obey/Desktop/MyVoxelGame/src/server/IntegratedServer.cpp,1208,34488755697,1042,19,
ItemEntityTick,/Users/obey/Desktop/MyVoxelGame/src/server/IntegratedServer.cpp,1208,34538562095,625,19,
ItemEntityTick,/Users/obey/Desktop/MyVoxelGame/src/server/IntegratedServer.cpp,1208,34589725934,2667,19,
ItemEntityTick,/Users/obey/Desktop/MyVoxelGame/src/server/IntegratedServer.cpp,1208,34639307003,542,19,
ItemEntityTick,/Users/obey/Desktop/MyVoxelGame/src/server/IntegratedServer.cpp,1208,34691220531,1667,19,
ItemEntityTick,/Users/obey/Desktop/MyVoxelGame/src/server/IntegratedServer.cpp,1208,34738733571,1042,19,
ItemEntityTick,/Users/obey/Desktop/MyVoxelGame/src/server/IntegratedServer.cpp,1208,34789409962,1292,19,
ItemEntityTick,/Users/obey/Desktop/MyVoxelGame/src/server/IntegratedServer.cpp,1208,34838733307,667,19,
ItemEntityTick,/Users/obey/Desktop/MyVoxelGame/src/server/IntegratedServer.cpp,1208,34888602740,750,19,
ItemEntityTick,/Users/obey/Desktop/MyVoxelGame/src/server/IntegratedServer.cpp,1208,34938256177,333,19,
ItemEntityTick,/Users/obey/Desktop/MyVoxelGame/src/server/IntegratedServer.cpp,1208,34990891003,1375,19,
ItemEntityTick,/Users/obey/Desktop/MyVoxelGame/src/server/IntegratedServer.cpp,1208,35038599439,19517,19,
ItemEntityTick,/Users/obey/Desktop/MyVoxelGame/src/server/IntegratedServer.cpp,1208,35088340470,958,19,
ItemEntityTick,/Users/obey/Desktop/MyVoxelGame/src/server/IntegratedServer.cpp,1208,35138173845,625,19,
ItemEntityTick,/Users/obey/Desktop/MyVoxelGame/src/server/IntegratedServer.cpp,1208,35188242135,542,19,
ItemEntityTick,/Users/obey/Desktop/MyVoxelGame/src/server/IntegratedServer.cpp,1208,35238164188,416,19,
ItemEntityTick,/Users/obey/Desktop/MyVoxelGame/src/server/IntegratedServer.cpp,1208,35288252680,208,19,
ItemEntityTick,/Users/obey/Desktop/MyVoxelGame/src/server/IntegratedServer.cpp,1208,35338501117,416,19,
ItemEntityTick,/Users/obey/Desktop/MyVoxelGame/src/server/IntegratedServer.cpp,1208,35388107702,708,19,
ItemEntityTick,/Users/obey/Desktop/MyVoxelGame/src/server/IntegratedServer.cpp,1208,35438060464,541,19,
ItemEntityTick,/Users/obey/Desktop/MyVoxelGame/src/server/IntegratedServer.cpp,1208,35488255258,1500,19,
ItemEntityTick,/Users/obey/Desktop/MyVoxelGame/src/server/IntegratedServer.cpp,1208,35538419993,917,19,
ItemEntityTick,/Users/obey/Desktop/MyVoxelGame/src/server/IntegratedServer.cpp,1208,35588336879,417,19,
ItemEntityTick,/Users/obey/Desktop/MyVoxelGame/src/server/IntegratedServer.cpp,1208,35638335801,458,19,
ItemEntityTick,/Users/obey/Desktop/MyVoxelGame/src/server/IntegratedServer.cpp,1208,35688013713,500,19,
ItemEntityTick,/Users/obey/Desktop/MyVoxelGame/src/server/IntegratedServer.cpp,1208,35738506791,625,19,
ItemEntityTick,/Users/obey/Desktop/MyVoxelGame/src/server/IntegratedServer.cpp,1208,35789896812,500,19,
ItemEntityTick,/Users/obey/Desktop/MyVoxelGame/src/server/IntegratedServer.cpp,1208,35838275236,333,19,
ItemEntityTick,/Users/obey/Desktop/MyVoxelGame/src/server/IntegratedServer.cpp,1208,35888965062,458,19,
ItemEntityTick,/Users/obey/Desktop/MyVoxelGame/src/server/IntegratedServer.cpp,1208,35939296844,833,19,
ItemEntityTick,/Users/obey/Desktop/MyVoxelGame/src/server/IntegratedServer.cpp,1208,35988249668,583,19,
ItemEntityTick,/Users/obey/Desktop/MyVoxelGame/src/server/IntegratedServer.cpp,1208,36039444208,709,19,
ItemEntityTick,/Users/obey/Desktop/MyVoxelGame/src/server/IntegratedServer.cpp,1208,36088127041,458,19,
ItemEntityTick,/Users/obey/Desktop/MyVoxelGame/src/server/IntegratedServer.cpp,1208,36137874571,208,19,
ItemEntityTick,/Users/obey/Desktop/MyVoxelGame/src/server/IntegratedServer.cpp,1208,36187864909,541,19,
ItemEntityTick,/Users/obey/Desktop/MyVoxelGame/src/server/IntegratedServer.cpp,1208,36237928717,458,19,
ItemEntityTick,/Users/obey/Desktop/MyVoxelGame/src/server/IntegratedServer.cpp,1208,36287942013,500,19,
ItemEntityTick,/Users/obey/Desktop/MyVoxelGame/src/server/IntegratedServer.cpp,1208,36337991887,291,19,
ItemEntityTick,/Users/obey/Desktop/MyVoxelGame/src/server/IntegratedServer.cpp,1208,36387909981,375,19,
ItemEntityTick,/Users/obey/Desktop/MyVoxelGame/src/server/IntegratedServer.cpp,1208,36437904153,417,19,
ItemEntityTick,/Users/obey/Desktop/MyVoxelGame/src/server/IntegratedServer.cpp,1208,36487911092,208,19,
ItemEntityTick,/Users/obey/Desktop/MyVoxelGame/src/server/IntegratedServer.cpp,1208,36537940447,166,19,
ItemEntityTick,/Users/obey/Desktop/MyVoxelGame/src/server/IntegratedServer.cpp,1208,36588473810,666,19,
ItemEntityTick,/Users/obey/Desktop/MyVoxelGame/src/server/IntegratedServer.cpp,1208,36638164389,2600,19,
ItemEntityTick,/Users/obey/Desktop/MyVoxelGame/src/server/IntegratedServer.cpp,1208,36688294649,792,19,
ItemEntityTick,/Users/obey/Desktop/MyVoxelGame/src/server/IntegratedServer.cpp,1208,36738297129,291,19,
ItemEntityTick,/Users/obey/Desktop/MyVoxelGame/src/server/IntegratedServer.cpp,1208,36787997041,250,19,
ItemEntityTick,/Users/obey/Desktop/MyVoxelGame/src/server/IntegratedServer.cpp,1208,36840856532,500,19,
ItemEntityTick,/Users/obey/Desktop/MyVoxelGame/src/server/IntegratedServer.cpp,1208,36888115514,375,19,
ItemEntityTick,/Users/obey/Desktop/MyVoxelGame/src/server/IntegratedServer.cpp,1208,36939125557,500,19,
ItemEntityTick,/Users/obey/Desktop/MyVoxelGame/src/server/IntegratedServer.cpp,1208,36990648001,1208,19,
ItemEntityTick,/Users/obey/Desktop/MyVoxelGame/src/server/IntegratedServer.cpp,1208,37038321044,292,19,
ItemEntityTick,/Users/obey/Desktop/MyVoxelGame/src/server/IntegratedServer.cpp,1208,37088647116,625,19,
ItemEntityTick,/Users/obey/Desktop/MyVoxelGame/src/server/IntegratedServer.cpp,1208,37139768230,333,19,
ItemEntityTick,/Users/obey/Desktop/MyVoxelGame/src/server/IntegratedServer.cpp,1208,37188324950,542,19,
ItemEntityTick,/Users/obey/Desktop/MyVoxelGame/src/server/IntegratedServer.cpp,1208,37238522578,417,19,
ItemEntityTick,/Users/obey/Desktop/MyVoxelGame/src/server/IntegratedServer.cpp,1208,37290720974,583,19,
ItemEntityTick,/Users/obey/Desktop/MyVoxelGame/src/server/IntegratedServer.cpp,1208,37338847739,417,19,
ItemEntityTick,/Users/obey/Desktop/MyVoxelGame/src/server/IntegratedServer.cpp,1208,37389591725,209,19,
ItemEntityTick,/Users/obey/Desktop/MyVoxelGame/src/server/IntegratedServer.cpp,1208,37438671535,542,19,
ItemEntityTick,/Users/obey/Desktop/MyVoxelGame/src/server/IntegratedServer.cpp,1208,37487921869,209,19,
ItemEntityTick,/Users/obey/Desktop/MyVoxelGame/src/server/IntegratedServer.cpp,1208,37538391196,1125,19,
ItemEntityTick,/Users/obey/Desktop/MyVoxelGame/src/server/IntegratedServer.cpp,1208,37588394677,417,19,
ItemEntityTick,/Users/obey/Desktop/MyVoxelGame/src/server/IntegratedServer.cpp,1208,37638316838,41,19,
ItemEntityTick,/Users/obey/Desktop/MyVoxelGame/src/server/IntegratedServer.cpp,1208,37688348045,333,19,
ItemEntityTick,/Users/obey/Desktop/MyVoxelGame/src/server/IntegratedServer.cpp,1208,37738943358,334,19,
ItemEntityTick,/Users/obey/Desktop/MyVoxelGame/src/server/IntegratedServer.cpp,1208,37788337054,209,19,
ItemEntityTick,/Users/obey/Desktop/MyVoxelGame/src/server/IntegratedServer.cpp,1208,37838860541,709,19,
ItemEntityTick,/Users/obey/Desktop/MyVoxelGame/src/server/IntegratedServer.cpp,1208,37887990095,792,19,
ItemEntityTick,/Users/obey/Desktop/MyVoxelGame/src/server/IntegratedServer.cpp,1208,37938660862,666,19,
ItemEntityTick,/Users/obey/Desktop/MyVoxelGame/src/server/IntegratedServer.cpp,1208,37988913858,209,19,
ItemEntityTick,/Users/obey/Desktop/MyVoxelGame/src/server/IntegratedServer.cpp,1208,38037935134,458,19,
ItemEntityTick,/Users/obey/Desktop/MyVoxelGame/src/server/IntegratedServer.cpp,1208,38087986257,291,19,
ItemEntityTick,/Users/obey/Desktop/MyVoxelGame/src/server/IntegratedServer.cpp,1208,38138028839,1041,19,
ItemEntityTick,/Users/obey/Desktop/MyVoxelGame/src/server/IntegratedServer.cpp,1208,38191045709,458,19,
ItemEntityTick,/Users/obey/Desktop/MyVoxelGame/src/server/IntegratedServer.cpp,1208,38240846567,375,19,
ItemEntityTick,/Users/obey/Desktop/MyVoxelGame/src/server/IntegratedServer.cpp,1208,38288465533,602,19,
ItemEntityTick,/Users/obey/Desktop/MyVoxelGame/src/server/IntegratedServer.cpp,1208,38337851204,291,19,
ItemEntityTick,/Users/obey/Desktop/MyVoxelGame/src/server/IntegratedServer.cpp,1208,38387855251,583,19,
ItemEntityTick,/Users/obey/Desktop/MyVoxelGame/src/server/IntegratedServer.cpp,1208,38437978051,209,19,
ItemEntityTick,/Users/obey/Desktop/MyVoxelGame/src/server/IntegratedServer.cpp,1208,38488122978,292,19,
ItemEntityTick,/Users/obey/Desktop/MyVoxelGame/src/server/IntegratedServer.cpp,1208,38537882966,250,19,
ItemEntityTick,/Users/obey/Desktop/MyVoxelGame/src/server/IntegratedServer.cpp,1208,38588232683,833,19,
ItemEntityTick,/Users/obey/Desktop/MyVoxelGame/src/server/IntegratedServer.cpp,1208,38638225729,458,19,
ItemEntityTick,/Users/obey/Desktop/MyVoxelGame/src/server/IntegratedServer.cpp,1208,38688439331,209,19,
ItemEntityTick,/Users/obey/Desktop/MyVoxelGame/src/server/IntegratedServer.cpp,1208,38738024317,292,19,
ItemEntityTick,/Users/obey/Desktop/MyVoxelGame/src/server/IntegratedServer.cpp,1208,38787922893,584,19,
ItemEntityTick,/Users/obey/Desktop/MyVoxelGame/src/server/IntegratedServer.cpp,1208,38838081987,416,19,
ItemEntityTick,/Users/obey/Desktop/MyVoxelGame/src/server/IntegratedServer.cpp,1208,38887963730,291,19,
ItemEntityTick,/Users/obey/Desktop/MyVoxelGame/src/server/IntegratedServer.cpp,1208,38938086055,333,19,
ItemEntityTick,/Users/obey/Desktop/MyVoxelGame/src/server/IntegratedServer.cpp,1208,38988055726,333,19,
ItemEntityTick,/Users/obey/Desktop/MyVoxelGame/src/server/IntegratedServer.cpp,1208,39038034589,417,19,
ItemEntityTick,/Users/obey/Desktop/MyVoxelGame/src/server/IntegratedServer.cpp,1208,39088074754,458,19,
ItemEntityTick,/Users/obey/Desktop/MyVoxelGame/src/server/IntegratedServer.cpp,1208,39138462694,584,19,
ItemEntityTick,/Users/obey/Desktop/MyVoxelGame/src/server/IntegratedServer.cpp,1208,39189913377,667,19,
ItemEntityTick,/Users/obey/Desktop/MyVoxelGame/src/server/IntegratedServer.cpp,1208,39237957881,250,19,
ItemEntityTick,/Users/obey/Desktop/MyVoxelGame/src/server/IntegratedServer.cpp,1208,39287989588,459,19,
ItemEntityTick,/Users/obey/Desktop/MyVoxelGame/src/server/IntegratedServer.cpp,1208,39337934784,375,19,
ItemEntityTick,/Users/obey/Desktop/MyVoxelGame/src/server/IntegratedServer.cpp,1208,39388634443,500,19,
ItemEntityTick,/Users/obey/Desktop/MyVoxelGame/src/server/IntegratedServer.cpp,1208,39438433383,292,19,
ItemEntityTick,/Users/obey/Desktop/MyVoxelGame/src/server/IntegratedServer.cpp,1208,39488669613,458,19,
ItemEntityTick,/Users/obey/Desktop/MyVoxelGame/src/server/IntegratedServer.cpp,1208,39538080992,333,19,
ItemEntityTick,/Users/obey/Desktop/MyVoxelGame/src/server/IntegratedServer.cpp,1208,39588354029,542,19,
ItemEntityTick,/Users/obey/Desktop/MyVoxelGame/src/server/IntegratedServer.cpp,1208,39638028067,250,19,
ItemEntityTick,/Users/obey/Desktop/MyVoxelGame/src/server/IntegratedServer.cpp,1208,39689816900,541,19,
ItemEntityTick,/Users/obey/Desktop/MyVoxelGame/src/server/IntegratedServer.cpp,1208,39738162789,334,19,
ItemEntityTick,/Users/obey/Desktop/MyVoxelGame/src/server/IntegratedServer.cpp,1208,39787978247,792,19,
ItemEntityTick,/Users/obey/Desktop/MyVoxelGame/src/server/IntegratedServer.cpp,1208,39837989461,375,19,
ItemEntityTick,/Users/obey/Desktop/MyVoxelGame/src/server/IntegratedServer.cpp,1208,39888391211,334,19,
ItemEntityTick,/Users/obey/Desktop/MyVoxelGame/src/server/IntegratedServer.cpp,1208,39937994863,375,19,
ItemEntityTick,/Users/obey/Desktop/MyVoxelGame/src/server/IntegratedServer.cpp,1208,39988038570,1541,19,
ItemEntityTick,/Users/obey/Desktop/MyVoxelGame/src/server/IntegratedServer.cpp,1208,40037888796,625,19,
ItemEntityTick,/Users/obey/Desktop/MyVoxelGame/src/server/IntegratedServer.cpp,1208,40088684341,250,19,
ItemEntityTick,/Users/obey/Desktop/MyVoxelGame/src/server/IntegratedServer.cpp,1208,40137981399,417,19,
ItemEntityTick,/Users/obey/Desktop/MyVoxelGame/src/server/IntegratedServer.cpp,1208,40187972881,250,19,
ItemEntityTick,/Users/obey/Desktop/MyVoxelGame/src/server/IntegratedServer.cpp,1208,40238570611,417,19,
ItemEntityTick,/Users/obey/Desktop/MyVoxelGame/src/server/IntegratedServer.cpp,1208,40288932952,500,19,
ItemEntityTick,/Users/obey/Desktop/MyVoxelGame/src/server/IntegratedServer.cpp,1208,40338318106,416,19,
ItemEntityTick,/Users/obey/Desktop/MyVoxelGame/src/server/IntegratedServer.cpp,1208,40388215307,208,19,
ItemEntityTick,/Users/obey/Desktop/MyVoxelGame/src/server/IntegratedServer.cpp,1208,40438057391,292,19,
ItemEntityTick,/Users/obey/Desktop/MyVoxelGame/src/server/IntegratedServer.cpp,1208,40488030312,167,19,
ItemEntityTick,/Users/obey/Desktop/MyVoxelGame/src/server/IntegratedServer.cpp,1208,40537920098,458,19,
ItemEntityTick,/Users/obey/Desktop/MyVoxelGame/src/server/IntegratedServer.cpp,1208,40588389866,542,19,
ItemEntityTick,/Users/obey/Desktop/MyVoxelGame/src/server/IntegratedServer.cpp,1208,40638025386,250,19,
ItemEntityTick,/Users/obey/Desktop/MyVoxelGame/src/server/IntegratedServer.cpp,1208,40688143503,166,19,
ItemEntityTick,/Users/obey/Desktop/MyVoxelGame/src/server/IntegratedServer.cpp,1208,40737976377,375,19,
ItemEntityTick,/Users/obey/Desktop/MyVoxelGame/src/server/IntegratedServer.cpp,1208,40787991150,333,19,
ItemEntityTick,/Users/obey/Desktop/MyVoxelGame/src/server/IntegratedServer.cpp,1208,40837985279,208,19,
ItemEntityTick,/Users/obey/Desktop/MyVoxelGame/src/server/IntegratedServer.cpp,1208,40888062837,625,19,
ItemEntityTick,/Users/obey/Desktop/MyVoxelGame/src/server/IntegratedServer.cpp,1208,40937910522,458,19,
ItemEntityTick,/Users/obey/Desktop/MyVoxelGame/src/server/IntegratedServer.cpp,1208,40988077989,333,19,
ItemEntityTick,/Users/obey/Desktop/MyVoxelGame/src/server/IntegratedServer.cpp,1208,41037992208,417,19,
ItemEntityTick,/Users/obey/Desktop/MyVoxelGame/src/server/IntegratedServer.cpp,1208,41090340318,208,19,
ItemEntityTick,/Users/obey/Desktop/MyVoxelGame/src/server/IntegratedServer.cpp,1208,41138190133,500,19,
ItemEntityTick,/Users/obey/Desktop/MyVoxelGame/src/server/IntegratedServer.cpp,1208,41188046234,416,19,
ItemEntityTick,/Users/obey/Desktop/MyVoxelGame/src/server/IntegratedServer.cpp,1208,41240088125,417,19,
ItemEntityTick,/Users/obey/Desktop/MyVoxelGame/src/server/IntegratedServer.cpp,1208,41288088903,459,19,
ItemEntityTick,/Users/obey/Desktop/MyVoxelGame/src/server/IntegratedServer.cpp,1208,41338136777,500,19,
ItemEntityTick,/Users/obey/Desktop/MyVoxelGame/src/server/IntegratedServer.cpp,1208,41388095056,208,19,
ItemEntityTick,/Users/obey/Desktop/MyVoxelGame/src/server/IntegratedServer.cpp,1208,41438051877,1000,19,
ItemEntityTick,/Users/obey/Desktop/MyVoxelGame/src/server/IntegratedServer.cpp,1208,41489874019,500,19,
ItemEntityTick,/Users/obey/Desktop/MyVoxelGame/src/server/IntegratedServer.cpp,1208,41538082796,875,19,
ItemEntityTick,/Users/obey/Desktop/MyVoxelGame/src/server/IntegratedServer.cpp,1208,41588036533,458,19,
ItemEntityTick,/Users/obey/Desktop/MyVoxelGame/src/server/IntegratedServer.cpp,1208,41639781707,291,19,
ItemEntityTick,/Users/obey/Desktop/MyVoxelGame/src/server/IntegratedServer.cpp,1208,41688252308,542,19,
ItemEntityTick,/Users/obey/Desktop/MyVoxelGame/src/server/IntegratedServer.cpp,1208,41738412442,375,19,
ItemEntityTick,/Users/obey/Desktop/MyVoxelGame/src/server/IntegratedServer.cpp,1208,41788214342,583,19,
ItemEntityTick,/Users/obey/Desktop/MyVoxelGame/src/server/IntegratedServer.cpp,1208,41838640777,333,19,
ItemEntityTick,/Users/obey/Desktop/MyVoxelGame/src/server/IntegratedServer.cpp,1208,41888192518,167,19,
ItemEntityTick,/Users/obey/Desktop/MyVoxelGame/src/server/IntegratedServer.cpp,1208,41938241766,208,19,
ItemEntityTick,/Users/obey/Desktop/MyVoxelGame/src/server/IntegratedServer.cpp,1208,41987951820,334,19,
ItemEntityTick,/Users/obey/Desktop/MyVoxelGame/src/server/IntegratedServer.cpp,1208,42038083039,416,19,
ItemEntityTick,/Users/obey/Desktop/MyVoxelGame/src/server/IntegratedServer.cpp,1208,42088132078,208,19,
ItemEntityTick,/Users/obey/Desktop/MyVoxelGame/src/server/IntegratedServer.cpp,1208,42138129208,375,19,
ItemEntityTick,/Users/obey/Desktop/MyVoxelGame/src/server/IntegratedServer.cpp,1208,42188149647,167,19,
ItemEntityTick,/Users/obey/Desktop/MyVoxelGame/src/server/IntegratedServer.cpp,1208,42237999082,333,19,
ItemEntityTick,/Users/obey/Desktop/MyVoxelGame/src/server/IntegratedServer.cpp,1208,42288068121,208,19,
ItemEntityTick,/Users/obey/Desktop/MyVoxelGame/src/server/IntegratedServer.cpp,1208,42337779843,250,19,
ItemEntityTick,/Users/obey/Desktop/MyVoxelGame/src/server/IntegratedServer.cpp,1208,42388038047,250,19,
ItemEntityTick,/Users/obey/Desktop/MyVoxelGame/src/server/IntegratedServer.cpp,1208,42437973035,541,19,
ItemEntityTick,/Users/obey/Desktop/MyVoxelGame/src/server/IntegratedServer.cpp,1208,42488010640,292,19,
ItemEntityTick,/Users/obey/Desktop/MyVoxelGame/src/server/IntegratedServer.cpp,1208,42538160233,416,19,
ItemEntityTick,/Users/obey/Desktop/MyVoxelGame/src/server/IntegratedServer.cpp,1208,42587889680,625,19,
ItemEntityTick,/Users/obey/Desktop/MyVoxelGame/src/server/IntegratedServer.cpp,1208,42637713139,417,19,
ItemEntityTick,/Users/obey/Desktop/MyVoxelGame/src/server/IntegratedServer.cpp,1208,42690866705,291,19,
ItemEntityTick,/Users/obey/Desktop/MyVoxelGame/src/server/IntegratedServer.cpp,1208,42739547179,292,19,
ItemEntityTick,/Users/obey/Desktop/MyVoxelGame/src/server/IntegratedServer.cpp,1208,42787905027,792,19,
ItemEntityTick,/Users/obey/Desktop/MyVoxelGame/src/server/IntegratedServer.cpp,1208,42839526939,750,19,
ItemEntityTick,/Users/obey/Desktop/MyVoxelGame/src/server/IntegratedServer.cpp,1208,42887821542,375,19,
ItemEntityTick,/Users/obey/Desktop/MyVoxelGame/src/server/IntegratedServer.cpp,1208,42937851915,459,19,
ItemEntityTick,/Users/obey/Desktop/MyVoxelGame/src/server/IntegratedServer.cpp,1208,42989422358,542,19,
ItemEntityTick,/Users/obey/Desktop/MyVoxelGame/src/server/IntegratedServer.cpp,1208,43037994346,2417,19,
ItemEntityTick,/Users/obey/Desktop/MyVoxelGame/src/server/IntegratedServer.cpp,1208,43088064654,208,19,
ItemEntityTick,/Users/obey/Desktop/MyVoxelGame/src/server/IntegratedServer.cpp,1208,43137837661,667,19,
ItemEntityTick,/Users/obey/Desktop/MyVoxelGame/src/server/IntegratedServer.cpp,1208,43187946402,625,19,
ItemEntityTick,/Users/obey/Desktop/MyVoxelGame/src/server/IntegratedServer.cpp,1208,43238056518,708,19,
ItemEntityTick,/Users/obey/Desktop/MyVoxelGame/src/server/IntegratedServer.cpp,1208,43288223171,1000,19,
ItemEntityTick,/Users/obey/Desktop/MyVoxelGame/src/server/IntegratedServer.cpp,1208,43337908958,208,19,
ItemEntityTick,/Users/obey/Desktop/MyVoxelGame/src/server/IntegratedServer.cpp,1208,43390133704,292,19,
ItemEntityTick,/Users/obey/Desktop/MyVoxelGame/src/server/IntegratedServer.cpp,1208,43438169125,1000,19,
ItemEntityTick,/Users/obey/Desktop/MyVoxelGame/src/server/IntegratedServer.cpp,1208,43487876889,375,19,
ItemEntityTick,/Users/obey/Desktop/MyVoxelGame/src/server/IntegratedServer.cpp,1208,43538257497,291,19,
ItemEntityTick,/Users/obey/Desktop/MyVoxelGame/src/server/IntegratedServer.cpp,1208,43590929091,250,19,
ItemEntityTick,/Users/obey/Desktop/MyVoxelGame/src/server/IntegratedServer.cpp,1208,43638838608,250,19,
ItemEntityTick,/Users/obey/Desktop/MyVoxelGame/src/server/IntegratedServer.cpp,1208,43689949122,583,19,
ItemEntityTick,/Users/obey/Desktop/MyVoxelGame/src/server/IntegratedServer.cpp,1208,43741074752,500,19,
ItemEntityTick,/Users/obey/Desktop/MyVoxelGame/src/server/IntegratedServer.cpp,1208,43791146251,542,19,
ItemEntityTick,/Users/obey/Desktop/MyVoxelGame/src/server/IntegratedServer.cpp,1208,43838178717,975,19,
ItemEntityTick,/Users/obey/Desktop/MyVoxelGame/src/server/IntegratedServer.cpp,1208,43888327576,375,19,
ItemEntityTick,/Users/obey/Desktop/MyVoxelGame/src/server/IntegratedServer.cpp,1208,43938813654,459,19,
ItemEntityTick,/Users/obey/Desktop/MyVoxelGame/src/server/IntegratedServer.cpp,1208,43988548185,917,19,
ItemEntityTick,/Users/obey/Desktop/MyVoxelGame/src/server/IntegratedServer.cpp,1208,44038033058,875,19,
ItemEntityTick,/Users/obey/Desktop/MyVoxelGame/src/server/IntegratedServer.cpp,1208,44090982726,167,19,
ItemEntityTick,/Users/obey/Desktop/MyVoxelGame/src/server/IntegratedServer.cpp,1208,44140187375,1333,19,
ItemEntityTick,/Users/obey/Desktop/MyVoxelGame/src/server/IntegratedServer.cpp,1208,44190968169,250,19,
ItemEntityTick,/Users/obey/Desktop/MyVoxelGame/src/server/IntegratedServer.cpp,1208,44241915928,625,19,
ItemEntityTick,/Users/obey/Desktop/MyVoxelGame/src/server/IntegratedServer.cpp,1208,44288047176,541,19,
ItemEntityTick,/Users/obey/Desktop/MyVoxelGame/src/server/IntegratedServer.cpp,1208,44338586955,459,19,
ItemEntityTick,/Users/obey/Desktop/MyVoxelGame/src/server/IntegratedServer.cpp,1208,44390867237,208,19,
ItemEntityTick,/Users/obey/Desktop/MyVoxelGame/src/server/IntegratedServer.cpp,1208,44439014186,959,19,
ItemEntityTick,/Users/obey/Desktop/MyVoxelGame/src/server/IntegratedServer.cpp,1208,44487963094,500,19,
ItemEntityTick,/Users/obey/Desktop/MyVoxelGame/src/server/IntegratedServer.cpp,1208,44539645232,333,19,
ItemEntityTick,/Users/obey/Desktop/MyVoxelGame/src/server/IntegratedServer.cpp,1208,44591016195,125,19,
ItemEntityTick,/Users/obey/Desktop/MyVoxelGame/src/server/IntegratedServer.cpp,1208,44639197995,417,19,
ItemEntityTick,/Users/obey/Desktop/MyVoxelGame/src/server/IntegratedServer.cpp,1208,44688751295,209,19,
ItemEntityTick,/Users/obey/Desktop/MyVoxelGame/src/server/IntegratedServer.cpp,1208,44740819329,333,19,
ItemEntityTick,/Users/obey/Desktop/MyVoxelGame/src/server/IntegratedServer.cpp,1208,44790879803,250,19,
ItemEntityTick,/Users/obey/Desktop/MyVoxelGame/src/server/IntegratedServer.cpp,1208,44840726137,42,19,
ItemEntityTick,/Users/obey/Desktop/MyVoxelGame/src/server/IntegratedServer.cpp,1208,44888717708,1458,19,
ItemEntityTick,/Users/obey/Desktop/MyVoxelGame/src/server/IntegratedServer.cpp,1208,44940795075,375,19,
ItemEntityTick,/Users/obey/Desktop/MyVoxelGame/src/server/IntegratedServer.cpp,1208,44988817704,167,19,
ItemEntityTick,/Users/obey/Desktop/MyVoxelGame/src/server/IntegratedServer.cpp,1208,45038667037,542,19,
ItemEntityTick,/Users/obey/Desktop/MyVoxelGame/src/server/IntegratedServer.cpp,1208,45090625352,750,19,
ItemEntityTick,/Users/obey/Desktop/MyVoxelGame/src/server/IntegratedServer.cpp,1208,45140785485,125,19,
ItemEntityTick,/Users/obey/Desktop/MyVoxelGame/src/server/IntegratedServer.cpp,1208,45189912373,292,19,
ItemEntityTick,/Users/obey/Desktop/MyVoxelGame/src/server/IntegratedServer.cpp,1208,45240979743,666,19,
ItemEntityTick,/Users/obey/Desktop/MyVoxelGame/src/server/IntegratedServer.cpp,1208,45291985971,333,19,
ItemEntityTick,/Users/obey/Desktop/MyVoxelGame/src/server/IntegratedServer.cpp,1208,45341790411,583,19,
ItemEntityTick,/Users/obey/Desktop/MyVoxelGame/src/server/IntegratedServer.cpp,1208,45391953397,1042,19,
ItemEntityTick,/Users/obey/Desktop/MyVoxelGame/src/server/IntegratedServer.cpp,1208,45440426856,1000,19,
ItemEntityTick,/Users/obey/Desktop/MyVoxelGame/src/server/IntegratedServer.cpp,1208,45489256942,584,19,
ItemEntityTick,/Users/obey/Desktop/MyVoxelGame/src/server/IntegratedServer.cpp,1208,45541607967,375,19,
ItemEntityTick,/Users/obey/Desktop/MyVoxelGame/src/server/IntegratedServer.cpp,1208,45590895961,208,19,
ItemEntityTick,/Users/obey/Desktop/MyVoxelGame/src/server/IntegratedServer.cpp,1208,45640803788,208,19,
ItemEntityTick,/Users/obey/Desktop/MyVoxelGame/src/server/IntegratedServer.cpp,1208,45688921262,500,19,
ItemEntityTick,/Users/obey/Desktop/MyVoxelGame/src/server/IntegratedServer.cpp,1208,45738117852,500,19,
ItemEntityTick,/Users/obey/Desktop/MyVoxelGame/src/server/IntegratedServer.cpp,1208,45788117106,750,19,
ItemEntityTick,/Users/obey/Desktop/MyVoxelGame/src/server/IntegratedServer.cpp,1208,45840055612,166,19,
ItemEntityTick,/Users/obey/Desktop/MyVoxelGame/src/server/IntegratedServer.cpp,1208,45887884867,500,19,
ItemEntityTick,/Users/obey/Desktop/MyVoxelGame/src/server/IntegratedServer.cpp,1208,45939988769,333,19,
ItemEntityTick,/Users/obey/Desktop/MyVoxelGame/src/server/IntegratedServer.cpp,1208,45989133032,542,19,
ItemEntityTick,/Users/obey/Desktop/MyVoxelGame/src/server/IntegratedServer.cpp,1208,46037935851,166,19,
ItemEntityTick,/Users/obey/Desktop/MyVoxelGame/src/server/IntegratedServer.cpp,1208,46090900496,208,19,
ItemEntityTick,/Users/obey/Desktop/MyVoxelGame/src/server/IntegratedServer.cpp,1208,46140929475,750,19,
ItemEntityTick,/Users/obey/Desktop/MyVoxelGame/src/server/IntegratedServer.cpp,1208,46190250136,542,19,
ItemEntityTick,/Users/obey/Desktop/MyVoxelGame/src/server/IntegratedServer.cpp,1208,46241871715,916,19,
ItemEntityTick,/Users/obey/Desktop/MyVoxelGame/src/server/IntegratedServer.cpp,1208,46288369530,792,19,
ItemEntityTick,/Users/obey/Desktop/MyVoxelGame/src/server/IntegratedServer.cpp,1208,46338641795,750,19,
ItemEntityTick,/Users/obey/Desktop/MyVoxelGame/src/server/IntegratedServer.cpp,1208,46391874121,1000,19,
ItemEntityTick,/Users/obey/Desktop/MyVoxelGame/src/server/IntegratedServer.cpp,1208,46441920578,791,19,
ItemEntityTick,/Users/obey/Desktop/MyVoxelGame/src/server/IntegratedServer.cpp,1208,46489757959,333,19,
ItemEntityTick,/Users/obey/Desktop/MyVoxelGame/src/server/IntegratedServer.cpp,1208,46538399316,167,19,
ItemEntityTick,/Users/obey/Desktop/MyVoxelGame/src/server/IntegratedServer.cpp,1208,46591865491,625,19,
ItemEntityTick,/Users/obey/Desktop/MyVoxelGame/src/server/IntegratedServer.cpp,1208,46641634082,292,19,
ItemEntityTick,/Users/obey/Desktop/MyVoxelGame/src/server/IntegratedServer.cpp,1208,46690916431,292,19,
ItemEntityTick,/Users/obey/Desktop/MyVoxelGame/src/server/IntegratedServer.cpp,1208,46742033546,708,19,
ItemEntityTick,/Users/obey/Desktop/MyVoxelGame/src/server/IntegratedServer.cpp,1208,46790930209,1125,19,
ItemEntityTick,/Users/obey/Desktop/MyVoxelGame/src/server/IntegratedServer.cpp,1208,46838722322,375,19,
ItemEntityTick,/Users/obey/Desktop/MyVoxelGame/src/server/IntegratedServer.cpp,1208,46887900496,125,19,
ItemEntityTick,/Users/obey/Desktop/MyVoxelGame/src/server/IntegratedServer.cpp,1208,46941971730,750,19,
ItemEntityTick,/Users/obey/Desktop/MyVoxelGame/src/server/IntegratedServer.cpp,1208,46987858821,500,19,
ItemEntityTick,/Users/obey/Desktop/MyVoxelGame/src/server/IntegratedServer.cpp,1208,47040542848,167,19,
ItemEntityTick,/Users/obey/Desktop/MyVoxelGame/src/server/IntegratedServer.cpp,1208,47090811470,458,19,
ItemEntityTick,/Users/obey/Desktop/MyVoxelGame/src/server/IntegratedServer.cpp,1208,47141530563,1042,19,
ItemEntityTick,/Users/obey/Desktop/MyVoxelGame/src/server/IntegratedServer.cpp,1208,47188001237,500,19,
ItemEntityTick,/Users/obey/Desktop/MyVoxelGame/src/server/IntegratedServer.cpp,1208,47237864004,125,19,
ItemEntityTick,/Users/obey/Desktop/MyVoxelGame/src/server/IntegratedServer.cpp,1208,47290795589,583,19,
ItemEntityTick,/Users/obey/Desktop/MyVoxelGame/src/server/IntegratedServer.cpp,1208,47340929765,250,19,
ItemEntityTick,/Users/obey/Desktop/MyVoxelGame/src/server/IntegratedServer.cpp,1208,47391763995,833,19,
ItemEntityTick,/Users/obey/Desktop/MyVoxelGame/src/server/IntegratedServer.cpp,1208,47439561085,875,19,
ItemEntityTick,/Users/obey/Desktop/MyVoxelGame/src/server/IntegratedServer.cpp,1208,47487936616,208,19,
ItemEntityTick,/Users/obey/Desktop/MyVoxelGame/src/server/IntegratedServer.cpp,1208,47540268809,416,19,
ItemEntityTick,/Users/obey/Desktop/MyVoxelGame/src/server/IntegratedServer.cpp,1208,47587832781,125,19,
ItemEntityTick,/Users/obey/Desktop/MyVoxelGame/src/server/IntegratedServer.cpp,1208,47637906172,291,19,
ItemEntityTick,/Users/obey/Desktop/MyVoxelGame/src/server/IntegratedServer.cpp,1208,47688144693,417,19,
ItemEntityTick,/Users/obey/Desktop/MyVoxelGame/src/server/IntegratedServer.cpp,1208,47740969706,500,19,
ItemEntityTick,/Users/obey/Desktop/MyVoxelGame/src/server/IntegratedServer.cpp,1208,47791175960,500,19,
ItemEntityTick,/Users/obey/Desktop/MyVoxelGame/src/server/IntegratedServer.cpp,1208,47837835548,625,19,
ItemEntityTick,/Users/obey/Desktop/MyVoxelGame/src/server/IntegratedServer.cpp,1208,47889934016,375,19,
ItemEntityTick,/Users/obey/Desktop/MyVoxelGame/src/server/IntegratedServer.cpp,1208,47939868879,375,19,
ItemEntityTick,/Users/obey/Desktop/MyVoxelGame/src/server/IntegratedServer.cpp,1208,47990989576,625,19,
ItemEntityTick,/Users/obey/Desktop/MyVoxelGame/src/server/IntegratedServer.cpp,1208,48040849510,750,19,
ItemEntityTick,/Users/obey/Desktop/MyVoxelGame/src/server/IntegratedServer.cpp,1208,48090896841,333,19,
ItemEntityTick,/Users/obey/Desktop/MyVoxelGame/src/server/IntegratedServer.cpp,1208,48139486996,458,19,
ItemEntityTick,/Users/obey/Desktop/MyVoxelGame/src/server/IntegratedServer.cpp,1208,48190848166,208,19,
ItemEntityTick,/Users/obey/Desktop/MyVoxelGame/src/server/IntegratedServer.cpp,1208,48238257261,458,19,
ItemEntityTick,/Users/obey/Desktop/MyVoxelGame/src/server/IntegratedServer.cpp,1208,48290144480,517,19,
ItemEntityTick,/Users/obey/Desktop/MyVoxelGame/src/server/IntegratedServer.cpp,1208,48340815848,250,19,
ItemEntityTick,/Users/obey/Desktop/MyVoxelGame/src/server/IntegratedServer.cpp,1208,48388257417,791,19,
ItemEntityTick,/Users/obey/Desktop/MyVoxelGame/src/server/IntegratedServer.cpp,1208,48438049816,292,19,
ItemEntityTick,/Users/obey/Desktop/MyVoxelGame/src/server/IntegratedServer.cpp,1208,48490972050,208,19,
ItemEntityTick,/Users/obey/Desktop/MyVoxelGame/src/server/IntegratedServer.cpp,1208,48539880231,833,19,
ItemEntityTick,/Users/obey/Desktop/MyVoxelGame/src/server/IntegratedServer.cpp,1208,48587917070,250,19,
ItemEntityTick,/Users/obey/Desktop/MyVoxelGame/src/server/IntegratedServer.cpp,1208,48637996127,375,19,
ItemEntityTick,/Users/obey/Desktop/MyVoxelGame/src/server/IntegratedServer.cpp,1208,48688294350,833,19,
ItemEntityTick,/Users/obey/Desktop/MyVoxelGame/src/server/IntegratedServer.cpp,1208,48739431521,1667,19,
ItemEntityTick,/Users/obey/Desktop/MyVoxelGame/src/server/IntegratedServer.cpp,1208,48791300141,167,19,
ItemEntityTick,/Users/obey/Desktop/MyVoxelGame/src/server/IntegratedServer.cpp,1208,48838163144,834,19,
ItemEntityTick,/Users/obey/Desktop/MyVoxelGame/src/server/IntegratedServer.cpp,1208,48891325977,500,19,
ItemEntityTick,/Users/obey/Desktop/MyVoxelGame/src/server/IntegratedServer.cpp,1208,48941317524,291,19,
ItemEntityTick,/Users/obey/Desktop/MyVoxelGame/src/server/IntegratedServer.cpp,1208,48991348980,583,19,
ItemEntityTick,/Users/obey/Desktop/MyVoxelGame/src/server/IntegratedServer.cpp,1208,49041255349,583,19,
ItemEntityTick,/Users/obey/Desktop/MyVoxelGame/src/server/IntegratedServer.cpp,1208,49088616383,458,19,
ItemEntityTick,/Users/obey/Desktop/MyVoxelGame/src/server/IntegratedServer.cpp,1208,49141511933,625,19,
ItemEntityTick,/Users/obey/Desktop/MyVoxelGame/src/server/IntegratedServer.cpp,1208,49191690460,833,19,
ItemEntityTick,/Users/obey/Desktop/MyVoxelGame/src/server/IntegratedServer.cpp,1208,49239004476,1375,19,
ItemEntityTick,/Users/obey/Desktop/MyVoxelGame/src/server/IntegratedServer.cpp,1208,49290181084,833,19,
ItemEntityTick,/Users/obey/Desktop/MyVoxelGame/src/server/IntegratedServer.cpp,1208,49339290120,375,19,
ItemEntityTick,/Users/obey/Desktop/MyVoxelGame/src/server/IntegratedServer.cpp,1208,49389401362,667,19,
ItemEntityTick,/Users/obey/Desktop/MyVoxelGame/src/server/IntegratedServer.cpp,1208,49438539333,416,19,
ItemEntityTick,/Users/obey/Desktop/MyVoxelGame/src/server/IntegratedServer.cpp,1208,49491499460,434,19,
ItemEntityTick,/Users/obey/Desktop/MyVoxelGame/src/server/IntegratedServer.cpp,1208,49541443072,750,19,
ItemEntityTick,/Users/obey/Desktop/MyVoxelGame/src/server/IntegratedServer.cpp,1208,49589671349,375,19,
ItemEntityTick,/Users/obey/Desktop/MyVoxelGame/src/server/IntegratedServer.cpp,1208,49641476283,1625,19,
ItemEntityTick,/Users/obey/Desktop/MyVoxelGame/src/server/IntegratedServer.cpp,1208,49691537865,459,19,
ItemEntityTick,/Users/obey/Desktop/MyVoxelGame/src/server/IntegratedServer.cpp,1208,49739456150,750,19,
ItemEntityTick,/Users/obey/Desktop/MyVoxelGame/src/server/IntegratedServer.cpp,1208,49788539961,250,19,
ItemEntityTick,/Users/obey/Desktop/MyVoxelGame/src/server/IntegratedServer.cpp,1208,49840127463,2042,19,
ItemEntityTick,/Users/obey/Desktop/MyVoxelGame/src/server/IntegratedServer.cpp,1208,49888566005,250,19,
ItemEntityTick,/Users/obey/Desktop/MyVoxelGame/src/server/IntegratedServer.cpp,1208,49940697241,708,19,
ItemEntityTick,/Users/obey/Desktop/MyVoxelGame/src/server/IntegratedServer.cpp,1208,49991548487,333,19,
ItemEntityTick,/Users/obey/Desktop/MyVoxelGame/src/server/IntegratedServer.cpp,1208,50041608277,292,19,
ItemEntityTick,/Users/obey/Desktop/MyVoxelGame/src/server/IntegratedServer.cpp,1208,50091607633,208,19,
ItemEntityTick,/Users/obey/Desktop/MyVoxelGame/src/server/IntegratedServer.cpp,1208,50141602804,958,19,
ItemEntityTick,/Users/obey/Desktop/MyVoxelGame/src/server/IntegratedServer.cpp,1208,50191696879,1125,19,
ItemEntityTick,/Users/obey/Desktop/MyVoxelGame/src/server/IntegratedServer.cpp,1208,50241636765,417,19,
ItemEntityTick,/Users/obey/Desktop/MyVoxelGame/src/server/IntegratedServer.cpp,1208,50291707115,667,19,
ItemEntityTick,/Users/obey/Desktop/MyVoxelGame/src/server/IntegratedServer.cpp,1208,50339433235,375,19,
ItemEntityTick,/Users/obey/Desktop/MyVoxelGame/src/server/IntegratedServer.cpp,1208,50391524061,393,19,
ItemEntityTick,/Users/obey/Desktop/MyVoxelGame/src/server/IntegratedServer.cpp,1208,50439640035,1166,19,
ItemEntityTick,/Users/obey/Desktop/MyVoxelGame/src/server/IntegratedServer.cpp,1208,50488753880,167,19,
ItemEntityTick,/Users/obey/Desktop/MyVoxelGame/src/server/IntegratedServer.cpp,1208,50539005026,500,19,
ItemEntityTick,/Users/obey/Desktop/MyVoxelGame/src/server/IntegratedServer.cpp,1208,50590809043,334,19,
ItemEntityTick,/Users/obey/Desktop/MyVoxelGame/src/server/IntegratedServer.cpp,1208,50639458859,625,19,
ItemEntityTick,/Users/obey/Desktop/MyVoxelGame/src/server/IntegratedServer.cpp,1208,50691501707,583,19,
ItemEntityTick,/Users/obey/Desktop/MyVoxelGame/src/server/IntegratedServer.cpp,1208,50741638675,750,19,
ItemEntityTick,/Users/obey/Desktop/MyVoxelGame/src/server/IntegratedServer.cpp,1208,50791714566,542,19,
ItemEntityTick,/Users/obey/Desktop/MyVoxelGame/src/server/IntegratedServer.cpp,1208,50839035040,1542,19,
ItemEntityTick,/Users/obey/Desktop/MyVoxelGame/src/server/IntegratedServer.cpp,1208,50891031855,1584,19,
ItemEntityTick,/Users/obey/Desktop/MyVoxelGame/src/server/IntegratedServer.cpp,1208,50941441773,834,19,
ItemEntityTick,/Users/obey/Desktop/MyVoxelGame/src/server/IntegratedServer.cpp,1208,50989399743,666,19,
ItemEntityTick,/Users/obey/Desktop/MyVoxelGame/src/server/IntegratedServer.cpp,1208,51038618873,392,19,
ItemEntityTick,/Users/obey/Desktop/MyVoxelGame/src/server/IntegratedServer.cpp,1208,51088438832,584,19,
ItemEntityTick,/Users/obey/Desktop/MyVoxelGame/src/server/IntegratedServer.cpp,1208,51141297489,291,19,
ItemEntityTick,/Users/obey/Desktop/MyVoxelGame/src/server/IntegratedServer.cpp,1208,51190106976,416,19,
ItemEntityTick,/Users/obey/Desktop/MyVoxelGame/src/server/IntegratedServer.cpp,1208,51239217945,1042,19,
ItemEntityTick,/Users/obey/Desktop/MyVoxelGame/src/server/IntegratedServer.cpp,1208,51291647858,416,19,
ItemEntityTick,/Users/obey/Desktop/MyVoxelGame/src/server/IntegratedServer.cpp,1208,51341576243,416,19,
ItemEntityTick,/Users/obey/Desktop/MyVoxelGame/src/server/IntegratedServer.cpp,1208,51388626393,959,19,
ItemEntityTick,/Users/obey/Desktop/MyVoxelGame/src/server/IntegratedServer.cpp,1208,51439242750,541,19,
ItemEntityTick,/Users/obey/Desktop/MyVoxelGame/src/server/IntegratedServer.cpp,1208,51489476478,709,19,
ItemEntityTick,/Users/obey/Desktop/MyVoxelGame/src/server/IntegratedServer.cpp,1208,51539489835,792,19,
ItemEntityTick,/Users/obey/Desktop/MyVoxelGame/src/server/IntegratedServer.cpp,1208,51590423925,1083,19,
ItemEntityTick,/Users/obey/Desktop/MyVoxelGame/src/server/IntegratedServer.cpp,1208,51639900591,500,19,
ItemEntityTick,/Users/obey/Desktop/MyVoxelGame/src/server/IntegratedServer.cpp,1208,51690092301,209,19,
ItemEntityTick,/Users/obey/Desktop/MyVoxelGame/src/server/IntegratedServer.cpp,1208,51740874264,500,19,
ItemEntityTick,/Users/obey/Desktop/MyVoxelGame/src/server/IntegratedServer.cpp,1208,51789809420,708,19,
ItemEntityTick,/Users/obey/Desktop/MyVoxelGame/src/server/IntegratedServer.cpp,1208,51840992443,208,19,
ItemEntityTick,/Users/obey/Desktop/MyVoxelGame/src/server/IntegratedServer.cpp,1208,51891182471,500,19,
ItemEntityTick,/Users/obey/Desktop/MyVoxelGame/src/server/IntegratedServer.cpp,1208,51941456693,458,19,
ItemEntityTick,/Users/obey/Desktop/MyVoxelGame/src/server/IntegratedServer.cpp,1208,51991224599,500,19,
ItemEntityTick,/Users/obey/Desktop/MyVoxelGame/src/server/IntegratedServer.cpp,1208,52041314465,583,19,
ItemEntityTick,/Users/obey/Desktop/MyVoxelGame/src/server/IntegratedServer.cpp,1208,52089326161,250,19,
ItemEntityTick,/Users/obey/Desktop/MyVoxelGame/src/server/IntegratedServer.cpp,1208,52141028441,459,19,
ItemEntityTick,/Users/obey/Desktop/MyVoxelGame/src/server/IntegratedServer.cpp,1208,52191617132,333,19,
ItemEntityTick,/Users/obey/Desktop/MyVoxelGame/src/server/IntegratedServer.cpp,1208,52241606386,417,19,
ItemEntityTick,/Users/obey/Desktop/MyVoxelGame/src/server/IntegratedServer.cpp,1208,52291514213,708,19,
ItemEntityTick,/Users/obey/Desktop/MyVoxelGame/src/server/IntegratedServer.cpp,1208,52341438516,959,19,
ItemEntityTick,/Users/obey/Desktop/MyVoxelGame/src/server/IntegratedServer.cpp,1208,52388472440,1309,19,
ItemEntityTick,/Users/obey/Desktop/MyVoxelGame/src/server/IntegratedServer.cpp,1208,52441620732,292,19,
ItemEntityTick,/Users/obey/Desktop/MyVoxelGame/src/server/IntegratedServer.cpp,1208,52491486082,250,19,
ItemEntityTick,/Users/obey/Desktop/MyVoxelGame/src/server/IntegratedServer.cpp,1208,52541662235,375,19,
ItemEntityTick,/Users/obey/Desktop/MyVoxelGame/src/server/IntegratedServer.cpp,1208,52588526863,375,19,
ItemEntityTick,/Users/obey/Desktop/MyVoxelGame/src/server/IntegratedServer.cpp,1208,52640582063,416,19,
ItemEntityTick,/Users/obey/Desktop/MyVoxelGame/src/server/IntegratedServer.cpp,1208,52690581068,458,19,
ItemEntityTick,/Users/obey/Desktop/MyVoxelGame/src/server/IntegratedServer.cpp,1208,52741424814,1250,19,
ItemEntityTick,/Users/obey/Desktop/MyVoxelGame/src/server/IntegratedServer.cpp,1208,52791318850,375,19,
ItemEntityTick,/Users/obey/Desktop/MyVoxelGame/src/server/IntegratedServer.cpp,1208,52838525755,292,19,
ItemEntityTick,/Users/obey/Desktop/MyVoxelGame/src/server/IntegratedServer.cpp,1208,52889875409,750,19,
ItemEntityTick,/Users/obey/Desktop/MyVoxelGame/src/server/IntegratedServer.cpp,1208,52941512713,584,19,
ItemEntityTick,/Users/obey/Desktop/MyVoxelGame/src/server/IntegratedServer.cpp,1208,52988558471,208,19,
ItemEntityTick,/Users/obey/Desktop/MyVoxelGame/src/server/IntegratedServer.cpp,1208,53041437188,1708,19,
ItemEntityTick,/Users/obey/Desktop/MyVoxelGame/src/server/IntegratedServer.cpp,1208,53089864879,708,19,
ItemEntityTick,/Users/obey/Desktop/MyVoxelGame/src/server/IntegratedServer.cpp,1208,53139978412,1084,19,
ItemEntityTick,/Users/obey/Desktop/MyVoxelGame/src/server/IntegratedServer.cpp,1208,53191479654,791,19,
ItemEntityTick,/Users/obey/Desktop/MyVoxelGame/src/server/IntegratedServer.cpp,1208,53241309363,458,19,
ItemEntityTick,/Users/obey/Desktop/MyVoxelGame/src/server/IntegratedServer.cpp,1208,53291453080,1583,19,
ItemEntityTick,/Users/obey/Desktop/MyVoxelGame/src/server/IntegratedServer.cpp,1208,53340448189,708,19,
ItemEntityTick,/Users/obey/Desktop/MyVoxelGame/src/server/IntegratedServer.cpp,1208,53390201094,667,19,
ItemEntityTick,/Users/obey/Desktop/MyVoxelGame/src/server/IntegratedServer.cpp,1208,53439694067,917,19,
ItemEntityTick,/Users/obey/Desktop/MyVoxelGame/src/server/IntegratedServer.cpp,1208,53490684361,417,19,
ItemEntityTick,/Users/obey/Desktop/MyVoxelGame/src/server/IntegratedServer.cpp,1208,53540594937,542,19,
ItemEntityTick,/Users/obey/Desktop/MyVoxelGame/src/server/IntegratedServer.cpp,1208,53588491164,459,19,
ItemEntityTick,/Users/obey/Desktop/MyVoxelGame/src/server/IntegratedServer.cpp,1208,53640715035,1250,19,
ItemEntityTick,/Users/obey/Desktop/MyVoxelGame/src/server/IntegratedServer.cpp,1208,53688517817,833,19,
ItemEntityTick,/Users/obey/Desktop/MyVoxelGame/src/server/IntegratedServer.cpp,1208,53740897168,916,19,
ItemEntityTick,/Users/obey/Desktop/MyVoxelGame/src/server/IntegratedServer.cpp,1208,53791453573,292,19,
ItemEntityTick,/Users/obey/Desktop/MyVoxelGame/src/server/IntegratedServer.cpp,1208,53838388570,750,19,
ItemEntityTick,/Users/obey/Desktop/MyVoxelGame/src/server/IntegratedServer.cpp,1208,53891498802,208,19,
ItemEntityTick,/Users/obey/Desktop/MyVoxelGame/src/server/IntegratedServer.cpp,1208,53941024585,1125,19,
ItemEntityTick,/Users/obey/Desktop/MyVoxelGame/src/server/IntegratedServer.cpp,1208,53988625367,583,19,
ItemEntityTick,/Users/obey/Desktop/MyVoxelGame/src/server/IntegratedServer.cpp,1208,54038479885,625,19,
ItemEntityTick,/Users/obey/Desktop/MyVoxelGame/src/server/IntegratedServer.cpp,1208,54088553358,1125,19,
ItemEntityTick,/Users/obey/Desktop/MyVoxelGame/src/server/IntegratedServer.cpp,1208,54138560030,709,19,
ItemEntityTick,/Users/obey/Desktop/MyVoxelGame/src/server/IntegratedServer.cpp,1208,54190759568,208,19,
ItemEntityTick,/Users/obey/Desktop/MyVoxelGame/src/server/IntegratedServer.cpp,1208,54240387570,917,19,
ItemEntityTick,/Users/obey/Desktop/MyVoxelGame/src/server/IntegratedServer.cpp,1208,54288492819,167,19,
ItemEntityTick,/Users/obey/Desktop/MyVoxelGame/src/server/IntegratedServer.cpp,1208,54341475795,810,19,
ItemEntityTick,/Users/obey/Desktop/MyVoxelGame/src/server/IntegratedServer.cpp,1208,54389911672,416,19,
ItemEntityTick,/Users/obey/Desktop/MyVoxelGame/src/server/IntegratedServer.cpp,1208,54440054139,250,19,
ItemEntityTick,/Users/obey/Desktop/MyVoxelGame/src/server/IntegratedServer.cpp,1208,54488425921,1000,19,
ItemEntityTick,/Users/obey/Desktop/MyVoxelGame/src/server/IntegratedServer.cpp,1208,54541372755,208,19,
ItemEntityTick,/Users/obey/Desktop/MyVoxelGame/src/server/IntegratedServer.cpp,1208,54590179992,458,19,
ItemEntityTick,/Users/obey/Desktop/MyVoxelGame/src/server/IntegratedServer.cpp,1208,54638894800,167,19,
ItemEntityTick,/Users/obey/Desktop/MyVoxelGame/src/server/IntegratedServer.cpp,1208,54690308505,834,19,
ItemEntityTick,/Users/obey/Desktop/MyVoxelGame/src/server/IntegratedServer.cpp,1208,54738864600,542,19,
ItemEntityTick,/Users/obey/Desktop/MyVoxelGame/src/server/IntegratedServer.cpp,1208,54791470658,500,19,
ItemEntityTick,/Users/obey/Desktop/MyVoxelGame/src/server/IntegratedServer.cpp,1208,54840210693,333,19,
ItemEntityTick,/Users/obey/Desktop/MyVoxelGame/src/server/IntegratedServer.cpp,1208,54888946894,291,19,
ItemEntityTick,/Users/obey/Desktop/MyVoxelGame/src/server/IntegratedServer.cpp,1208,54941476691,667,19,
ItemEntityTick,/Users/obey/Desktop/MyVoxelGame/src/server/IntegratedServer.cpp,1208,54991566516,583,19,
ItemEntityTick,/Users/obey/Desktop/MyVoxelGame/src/server/IntegratedServer.cpp,1208,55039439706,500,19,
ItemEntityTick,/Users/obey/Desktop/MyVoxelGame/src/server/IntegratedServer.cpp,1208,55088633504,417,19,
ItemEntityTick,/Users/obey/Desktop/MyVoxelGame/src/server/IntegratedServer.cpp,1208,55138540015,667,19,
ItemEntityTick,/Users/obey/Desktop/MyVoxelGame/src/server/IntegratedServer.cpp,1208,55191981881,1667,19,
ItemEntityTick,/Users/obey/Desktop/MyVoxelGame/src/server/IntegratedServer.cpp,1208,55240491733,1000,19,
ItemEntityTick,/Users/obey/Desktop/MyVoxelGame/src/server/IntegratedServer.cpp,1208,55288860681,1375,19,
ItemEntityTick,/Users/obey/Desktop/MyVoxelGame/src/server/IntegratedServer.cpp,1208,55338506993,750,19,
ItemEntityTick,/Users/obey/Desktop/MyVoxelGame/src/server/IntegratedServer.cpp,1208,55388729014,792,19,
ItemEntityTick,/Users/obey/Desktop/MyVoxelGame/src/server/IntegratedServer.cpp,1208,55441362047,417,19,
ItemEntityTick,/Users/obey/Desktop/MyVoxelGame/src/server/IntegratedServer.cpp,1208,55489291315,1458,19,
ItemEntityTick,/Users/obey/Desktop/MyVoxelGame/src/server/IntegratedServer.cpp,1208,55541768678,792,19,
ItemEntityTick,/Users/obey/Desktop/MyVoxelGame/src/server/IntegratedServer.cpp,1208,55588922214,792,19,
ItemEntityTick,/Users/obey/Desktop/MyVoxelGame/src/server/IntegratedServer.cpp,1208,55638359737,875,19,
ItemEntityTick,/Users/obey/Desktop/MyVoxelGame/src/server/IntegratedServer.cpp,1208,55688884498,375,19,
ItemEntityTick,/Users/obey/Desktop/MyVoxelGame/src/server/IntegratedServer.cpp,1208,55739707204,542,19,
ItemEntityTick,/Users/obey/Desktop/MyVoxelGame/src/server/IntegratedServer.cpp,1208,55791904848,417,19,
ItemEntityTick,/Users/obey/Desktop/MyVoxelGame/src/server/IntegratedServer.cpp,1208,55839128772,458,19,
ItemEntityTick,/Users/obey/Desktop/MyVoxelGame/src/server/IntegratedServer.cpp,1208,55888457181,3250,19,
ItemEntityTick,/Users/obey/Desktop/MyVoxelGame/src/server/IntegratedServer.cpp,1208,55941954458,625,19,
ItemEntityTick,/Users/obey/Desktop/MyVoxelGame/src/server/IntegratedServer.cpp,1208,55989161946,625,19,
ItemEntityTick,/Users/obey/Desktop/MyVoxelGame/src/server/IntegratedServer.cpp,1208,56038674044,458,19,
ItemEntityTick,/Users/obey/Desktop/MyVoxelGame/src/server/IntegratedServer.cpp,1208,56088667049,1250,19,
ItemEntityTick,/Users/obey/Desktop/MyVoxelGame/src/server/IntegratedServer.cpp,1208,56138840427,1000,19,
ItemEntityTick,/Users/obey/Desktop/MyVoxelGame/src/server/IntegratedServer.cpp,1208,56188633101,1416,19,
ItemEntityTick,/Users/obey/Desktop/MyVoxelGame/src/server/IntegratedServer.cpp,1208,56240601080,1125,19,
ItemEntityTick,/Users/obey/Desktop/MyVoxelGame/src/server/IntegratedServer.cpp,1208,56291459512,875,19,
ItemEntityTick,/Users/obey/Desktop/MyVoxelGame/src/server/IntegratedServer.cpp,1208,56341568420,458,19,
ItemEntityTick,/Users/obey/Desktop/MyVoxelGame/src/server/IntegratedServer.cpp,1208,56388346020,625,19,
ItemEntityTick,/Users/obey/Desktop/MyVoxelGame/src/server/IntegratedServer.cpp,1208,56438732546,916,19,
ItemEntityTick,/Users/obey/Desktop/MyVoxelGame/src/server/IntegratedServer.cpp,1208,56489290342,542,19,
ItemEntityTick,/Users/obey/Desktop/MyVoxelGame/src/server/IntegratedServer.cpp,1208,56539387626,542,19,
ItemEntityTick,/Users/obey/Desktop/MyVoxelGame/src/server/IntegratedServer.cpp,1208,56588339741,291,19,
ItemEntityTick,/Users/obey/Desktop/MyVoxelGame/src/server/IntegratedServer.cpp,1208,56639429171,500,19,
ItemEntityTick,/Users/obey/Desktop/MyVoxelGame/src/server/IntegratedServer.cpp,1208,56691494620,2667,19,
ItemEntityTick,/Users/obey/Desktop/MyVoxelGame/src/server/IntegratedServer.cpp,1208,56741493167,292,19,
ItemEntityTick,/Users/obey/Desktop/MyVoxelGame/src/server/IntegratedServer.cpp,1208,56788404438,1934,19,
ItemEntityTick,/Users/obey/Desktop/MyVoxelGame/src/server/IntegratedServer.cpp,1208,56840059368,1166,19,
ItemEntityTick,/Users/obey/Desktop/MyVoxelGame/src/server/IntegratedServer.cpp,1208,56888529494,875,19,
ItemEntityTick,/Users/obey/Desktop/MyVoxelGame/src/server/IntegratedServer.cpp,1208,56940187881,1292,19,
ItemEntityTick,/Users/obey/Desktop/MyVoxelGame/src/server/IntegratedServer.cpp,1208,56990175345,1041,19,
ItemEntityTick,/Users/obey/Desktop/MyVoxelGame/src/server/IntegratedServer.cpp,1208,57038501692,458,19,
ItemEntityTick,/Users/obey/Desktop/MyVoxelGame/src/server/IntegratedServer.cpp,1208,57089037763,958,19,
ItemEntityTick,/Users/obey/Desktop/MyVoxelGame/src/server/IntegratedServer.cpp,1208,57138939507,917,19,
ItemEntityTick,/Users/obey/Desktop/MyVoxelGame/src/server/IntegratedServer.cpp,1208,57188661977,1000,19,
ItemEntityTick,/Users/obey/Desktop/MyVoxelGame/src/server/IntegratedServer.cpp,1208,57238302040,583,19,
ItemEntityTick,/Users/obey/Desktop/MyVoxelGame/src/server/IntegratedServer.cpp,1208,57288656213,584,19,
ItemEntityTick,/Users/obey/Desktop/MyVoxelGame/src/server/IntegratedServer.cpp,1208,57338795140,542,19,
ItemEntityTick,/Users/obey/Desktop/MyVoxelGame/src/server/IntegratedServer.cpp,1208,57388717091,518,19,
ItemEntityTick,/Users/obey/Desktop/MyVoxelGame/src/server/IntegratedServer.cpp,1208,57438718740,750,19,
ItemEntityTick,/Users/obey/Desktop/MyVoxelGame/src/server/IntegratedServer.cpp,1208,57488833356,416,19,
ItemEntityTick,/Users/obey/Desktop/MyVoxelGame/src/server/IntegratedServer.cpp,1208,57541351945,1208,19,
ItemEntityTick,/Users/obey/Desktop/MyVoxelGame/src/server/IntegratedServer.cpp,1208,57591525471,417,19,
ItemEntityTick,/Users/obey/Desktop/MyVoxelGame/src/server/IntegratedServer.cpp,1208,57640629132,1292,19,
ItemEntityTick,/Users/obey/Desktop/MyVoxelGame/src/server/IntegratedServer.cpp,1208,57689543647,542,19,
ItemEntityTick,/Users/obey/Desktop/MyVoxelGame/src/server/IntegratedServer.cpp,1208,57739579853,709,19,
ItemEntityTick,/Users/obey/Desktop/MyVoxelGame/src/server/IntegratedServer.cpp,1208,57791440973,375,19,
ItemEntityTick,/Users/obey/Desktop/MyVoxelGame/src/server/IntegratedServer.cpp,1208,57841382442,1041,19,
ItemEntityTick,/Users/obey/Desktop/MyVoxelGame/src/server/IntegratedServer.cpp,1208,57891388507,416,19,
ItemEntityTick,/Users/obey/Desktop/MyVoxelGame/src/server/IntegratedServer.cpp,1208,57938424181,542,19,
ItemEntityTick,/Users/obey/Desktop/MyVoxelGame/src/server/IntegratedServer.cpp,1208,57991470878,375,19,
ItemEntityTick,/Users/obey/Desktop/MyVoxelGame/src/server/IntegratedServer.cpp,1208,58038312013,375,19,
ItemEntityTick,/Users/obey/Desktop/MyVoxelGame/src/server/IntegratedServer.cpp,1208,58088483205,834,19,
ItemEntityTick,/Users/obey/Desktop/MyVoxelGame/src/server/IntegratedServer.cpp,1208,58141545487,1208,19,
ItemEntityTick,/Users/obey/Desktop/MyVoxelGame/src/server/IntegratedServer.cpp,1208,58189750054,625,19,
ItemEntityTick,/Users/obey/Desktop/MyVoxelGame/src/server/IntegratedServer.cpp,1208,58241446253,542,19,
ItemEntityTick,/Users/obey/Desktop/MyVoxelGame/src/server/IntegratedServer.cpp,1208,58288545421,333,19,
ItemEntityTick,/Users/obey/Desktop/MyVoxelGame/src/server/IntegratedServer.cpp,1208,58338434955,709,19,
ItemEntityTick,/Users/obey/Desktop/MyVoxelGame/src/server/IntegratedServer.cpp,1208,58388268831,958,19,
ItemEntityTick,/Users/obey/Desktop/MyVoxelGame/src/server/IntegratedServer.cpp,1208,58441112596,834,19,
ItemEntityTick,/Users/obey/Desktop/MyVoxelGame/src/server/IntegratedServer.cpp,1208,58488627802,708,19,
ItemEntityTick,/Users/obey/Desktop/MyVoxelGame/src/server/IntegratedServer.cpp,1208,58538389266,375,19,
ItemEntityTick,/Users/obey/Desktop/MyVoxelGame/src/server/IntegratedServer.cpp,1208,58591628176,375,19,
ItemEntityTick,/Users/obey/Desktop/MyVoxelGame/src/server/IntegratedServer.cpp,1208,58639947898,209,19,
ItemEntityTick,/Users/obey/Desktop/MyVoxelGame/src/server/IntegratedServer.cpp,1208,58688662165,41,19,
ItemEntityTick,/Users/obey/Desktop/MyVoxelGame/src/server/IntegratedServer.cpp,1208,58740137614,584,19,
ItemEntityTick,/Users/obey/Desktop/MyVoxelGame/src/server/IntegratedServer.cpp,1208,58791287288,375,19,
ItemEntityTick,/Users/obey/Desktop/MyVoxelGame/src/server/IntegratedServer.cpp,1208,58841162346,792,19,
ItemEntityTick,/Users/obey/Desktop/MyVoxelGame/src/server/IntegratedServer.cpp,1208,58891346599,334,19,
ItemEntityTick,/Users/obey/Desktop/MyVoxelGame/src/server/IntegratedServer.cpp,1208,58940846531,42,19,
ItemEntityTick,/Users/obey/Desktop/MyVoxelGame/src/server/IntegratedServer.cpp,1208,58988569467,1084,19,
ItemEntityTick,/Users/obey/Desktop/MyVoxelGame/src/server/IntegratedServer.cpp,1208,59039908347,375,19,
ItemEntityTick,/Users/obey/Desktop/MyVoxelGame/src/server/IntegratedServer.cpp,1208,59089792364,458,19,
ItemEntityTick,/Users/obey/Desktop/MyVoxelGame/src/server/IntegratedServer.cpp,1208,59141660001,625,19,
ItemEntityTick,/Users/obey/Desktop/MyVoxelGame/src/server/IntegratedServer.cpp,1208,59188860364,1209,19,
ItemEntityTick,/Users/obey/Desktop/MyVoxelGame/src/server/IntegratedServer.cpp,1208,59240255803,166,19,
ItemEntityTick,/Users/obey/Desktop/MyVoxelGame/src/server/IntegratedServer.cpp,1208,59290215164,42,19,
ItemEntityTick,/Users/obey/Desktop/MyVoxelGame/src/server/IntegratedServer.cpp,1208,59338428733,708,19,
ItemEntityTick,/Users/obey/Desktop/MyVoxelGame/src/server/IntegratedServer.cpp,1208,59388941287,583,19,
ItemEntityTick,/Users/obey/Desktop/MyVoxelGame/src/server/IntegratedServer.cpp,1208,59440560014,500,19,
ItemEntityTick,/Users/obey/Desktop/MyVoxelGame/src/server/IntegratedServer.cpp,1208,59490202326,5667,19,
ItemEntityTick,/Users/obey/Desktop/MyVoxelGame/src/server/IntegratedServer.cpp,1208,59538403710,917,19,
ItemEntityTick,/Users/obey/Desktop/MyVoxelGame/src/server/IntegratedServer.cpp,1208,59589848850,667,19,
ItemEntityTick,/Users/obey/Desktop/MyVoxelGame/src/server/IntegratedServer.cpp,1208,59638611652,625,19,
ItemEntityTick,/Users/obey/Desktop/MyVoxelGame/src/server/IntegratedServer.cpp,1208,59688489919,542,19,
ItemEntityTick,/Users/obey/Desktop/MyVoxelGame/src/server/IntegratedServer.cpp,1208,59741564093,541,19,
ItemEntityTick,/Users/obey/Desktop/MyVoxelGame/src/server/IntegratedServer.cpp,1208,59788441929,958,19,
ItemEntityTick,/Users/obey/Desktop/MyVoxelGame/src/server/IntegratedServer.cpp,1208,59840738002,584,19,
ItemEntityTick,/Users/obey/Desktop/MyVoxelGame/src/server/IntegratedServer.cpp,1208,59891400477,458,19,
ItemEntityTick,/Users/obey/Desktop/MyVoxelGame/src/server/IntegratedServer.cpp,1208,59941012021,792,19,
ItemEntityTick,/Users/obey/Desktop/MyVoxelGame/src/server/IntegratedServer.cpp,1208,59988646547,708,19,
ItemEntityTick,/Users/obey/Desktop/MyVoxelGame/src/server/IntegratedServer.cpp,1208,60040151931,2792,19,
ItemEntityTick,/Users/obey/Desktop/MyVoxelGame/src/server/IntegratedServer.cpp,1208,60091516143,833,19,
ItemEntityTick,/Users/obey/Desktop/MyVoxelGame/src/server/IntegratedServer.cpp,1208,60138549359,1792,19,
ItemEntityTick,/Users/obey/Desktop/MyVoxelGame/src/server/IntegratedServer.cpp,1208,60188423586,1833,19,
ItemEntityTick,/Users/obey/Desktop/MyVoxelGame/src/server/IntegratedServer.cpp,1208,60240676908,625,19,
ItemEntityTick,/Users/obey/Desktop/MyVoxelGame/src/server/IntegratedServer.cpp,1208,60290385863,791,19,
ItemEntityTick,/Users/obey/Desktop/MyVoxelGame/src/server/IntegratedServer.cpp,1208,60338941708,875,19,
ItemEntityTick,/Users/obey/Desktop/MyVoxelGame/src/server/IntegratedServer.cpp,1208,60388925588,708,19,
ItemEntityTick,/Users/obey/Desktop/MyVoxelGame/src/server/IntegratedServer.cpp,1208,60438589916,1000,19,
ItemEntityTick,/Users/obey/Desktop/MyVoxelGame/src/server/IntegratedServer.cpp,1208,60489348111,2083,19,
ItemEntityTick,/Users/obey/Desktop/MyVoxelGame/src/server/IntegratedServer.cpp,1208,60541012415,542,19,
ItemEntityTick,/Users/obey/Desktop/MyVoxelGame/src/server/IntegratedServer.cpp,1208,60591561904,792,19,
ItemEntityTick,/Users/obey/Desktop/MyVoxelGame/src/server/IntegratedServer.cpp,1208,60640222278,666,19,
ItemEntityTick,/Users/obey/Desktop/MyVoxelGame/src/server/IntegratedServer.cpp,1208,60688824098,1042,19,
ItemEntityTick,/Users/obey/Desktop/MyVoxelGame/src/server/IntegratedServer.cpp,1208,60741575370,375,19,
ItemEntityTick,/Users/obey/Desktop/MyVoxelGame/src/server/IntegratedServer.cpp,1208,60790803268,333,19,
ItemEntityTick,/Users/obey/Desktop/MyVoxelGame/src/server/IntegratedServer.cpp,1208,60838427294,542,19,
ItemEntityTick,/Users/obey/Desktop/MyVoxelGame/src/server/IntegratedServer.cpp,1208,60946856382,500,19,
ItemEntityTick,/Users/obey/Desktop/MyVoxelGame/src/server/IntegratedServer.cpp,1208,61307948308,625,19,
ItemEntityTick,/Users/obey/Desktop/MyVoxelGame/src/server/IntegratedServer.cpp,1208,61572213701,459,19,
ItemEntityTick,/Users/obey/Desktop/MyVoxelGame/src/server/IntegratedServer.cpp,1208,61808353446,250,19,
ItemEntityTick,/Users/obey/Desktop/MyVoxelGame/src/server/IntegratedServer.cpp,1208,62038789819,416,19,
ItemEntityTick,/Users/obey/Desktop/MyVoxelGame/src/server/IntegratedServer.cpp,1208,62226656668,208,19,
ItemEntityTick,/Users/obey/Desktop/MyVoxelGame/src/server/IntegratedServer.cpp,1208,62398121077,458,19,
ItemEntityTick,/Users/obey/Desktop/MyVoxelGame/src/server/IntegratedServer.cpp,1208,62557329751,625,19,
ItemEntityTick,/Users/obey/Desktop/MyVoxelGame/src/server/IntegratedServer.cpp,1208,62714937577,333,19,
ItemEntityTick,/Users/obey/Desktop/MyVoxelGame/src/server/IntegratedServer.cpp,1208,62869868831,458,19,
ItemEntityTick,/Users/obey/Desktop/MyVoxelGame/src/server/IntegratedServer.cpp,1208,63028896108,375,19,
ItemEntityTick,/Users/obey/Desktop/MyVoxelGame/src/server/IntegratedServer.cpp,1208,63179032770,417,19,
ItemEntityTick,/Users/obey/Desktop/MyVoxelGame/src/server/IntegratedServer.cpp,1208,63324091412,417,19,
ItemEntityTick,/Users/obey/Desktop/MyVoxelGame/src/server/IntegratedServer.cpp,1208,63465499445,291,19,
ItemEntityTick,/Users/obey/Desktop/MyVoxelGame/src/server/IntegratedServer.cpp,1208,63604511916,333,19,
ItemEntityTick,/Users/obey/Desktop/MyVoxelGame/src/server/IntegratedServer.cpp,1208,63736842184,292,19,
ItemEntityTick,/Users/obey/Desktop/MyVoxelGame/src/server/IntegratedServer.cpp,1208,63873270643,334,19,
ItemEntityTick,/Users/obey/Desktop/MyVoxelGame/src/server/IntegratedServer.cpp,1208,64003768108,417,19,
ItemEntityTick,/Users/obey/Desktop/MyVoxelGame/src/server/IntegratedServer.cpp,1208,64136012258,417,19,
ItemEntityTick,/Users/obey/Desktop/MyVoxelGame/src/server/IntegratedServer.cpp,1208,64261794124,708,19,
ItemEntityTick,/Users/obey/Desktop/MyVoxelGame/src/server/IntegratedServer.cpp,1208,64388637205,458,19,
ItemEntityTick,/Users/obey/Desktop/MyVoxelGame/src/server/IntegratedServer.cpp,1208,64512703251,167,19,
ItemEntityTick,/Users/obey/Desktop/MyVoxelGame/src/server/IntegratedServer.cpp,1208,64642974135,625,19,
ItemEntityTick,/Users/obey/Desktop/MyVoxelGame/src/server/IntegratedServer.cpp,1208,64780524453,125,19,
ItemEntityTick,/Users/obey/Desktop/MyVoxelGame/src/server/IntegratedServer.cpp,1208,64925557761,292,19,
ItemEntityTick,/Users/obey/Desktop/MyVoxelGame/src/server/IntegratedServer.cpp,1208,65080639128,625,19,
ItemEntityTick,/Users/obey/Desktop/MyVoxelGame/src/server/IntegratedServer.cpp,1208,65233388260,625,19,
ItemEntityTick,/Users/obey/Desktop/MyVoxelGame/src/server/IntegratedServer.cpp,1208,65380589299,500,19,
ItemEntityTick,/Users/obey/Desktop/MyVoxelGame/src/server/IntegratedServer.cpp,1208,65513828262,625,19,
ItemEntityTick,/Users/obey/Desktop/MyVoxelGame/src/server/IntegratedServer.cpp,1208,65725200023,375,19,
ItemEntityTick,/Users/obey/Desktop/MyVoxelGame/src/server/IntegratedServer.cpp,1208,65844477244,750,19,
ItemEntityTick,/Users/obey/Desktop/MyVoxelGame/src/server/IntegratedServer.cpp,1208,65960863753,334,19,
ItemEntityTick,/Users/obey/Desktop/MyVoxelGame/src/server/IntegratedServer.cpp,1208,66078420722,459,19,
ItemEntityTick,/Users/obey/Desktop/MyVoxelGame/src/server/IntegratedServer.cpp,1208,66195172384,375,19,
ItemEntityTick,/Users/obey/Desktop/MyVoxelGame/src/server/IntegratedServer.cpp,1208,66315291746,375,19,
ItemEntityTick,/Users/obey/Desktop/MyVoxelGame/src/server/IntegratedServer.cpp,1208,66432578990,167,19,
ItemEntityTick,/Users/obey/Desktop/MyVoxelGame/src/server/IntegratedServer.cpp,1208,66552126895,625,19,
ItemEntityTick,/Users/obey/Desktop/MyVoxelGame/src/server/IntegratedServer.cpp,1208,66668407501,625,19,
ItemEntityTick,/Users/obey/Desktop/MyVoxelGame/src/server/IntegratedServer.cpp,1208,66787300535,208,19,
ItemEntityTick,/Users/obey/Desktop/MyVoxelGame/src/server/IntegratedServer.cpp,1208,66901118775,334,19,
ItemEntityTick,/Users/obey/Desktop/MyVoxelGame/src/server/IntegratedServer.cpp,1208,67018287766,250,19,
ItemEntityTick,/Users/obey/Desktop/MyVoxelGame/src/server/IntegratedServer.cpp,1208,67133049510,292,19,
ItemEntityTick,/Users/obey/Desktop/MyVoxelGame/src/server/IntegratedServer.cpp,1208,67251207248,542,19,
ItemEntityTick,/Users/obey/Desktop/MyVoxelGame/src/server/IntegratedServer.cpp,1208,67364987079,500,19,
ItemEntityTick,/Users/obey/Desktop/MyVoxelGame/src/server/IntegratedServer.cpp,1208,67482455370,458,19,
ItemEntityTick,/Users/obey/Desktop/MyVoxelGame/src/server/IntegratedServer.cpp,1208,67596640695,125,19,
ItemEntityTick,/Users/obey/Desktop/MyVoxelGame/src/server/IntegratedServer.cpp,1208,67712842998,250,19,
ItemEntityTick,/Users/obey/Desktop/MyVoxelGame/src/server/IntegratedServer.cpp,1208,67826345731,333,19,
ItemEntityTick,/Users/obey/Desktop/MyVoxelGame/src/server/IntegratedServer.cpp,1208,67942307619,167,19,
ItemEntityTick,/Users/obey/Desktop/MyVoxelGame/src/server/IntegratedServer.cpp,1208,68055589294,125,19,
ItemEntityTick,/Users/obey/Desktop/MyVoxelGame/src/server/IntegratedServer.cpp,1208,68172868438,292,19,
ItemEntityTick,/Users/obey/Desktop/MyVoxelGame/src/server/IntegratedServer.cpp,1208,68286523074,208,19,
ItemEntityTick,/Users/obey/Desktop/MyVoxelGame/src/server/IntegratedServer.cpp,1208,68407178734,334,19,
ItemEntityTick,/Users/obey/Desktop/MyVoxelGame/src/server/IntegratedServer.cpp,1208,68521634052,459,19,
ItemEntityTick,/Users/obey/Desktop/MyVoxelGame/src/server/IntegratedServer.cpp,1208,68638401773,250,19,
ItemEntityTick,/Users/obey/Desktop/MyVoxelGame/src/server/IntegratedServer.cpp,1208,68753180643,250,19,
ItemEntityTick,/Users/obey/Desktop/MyVoxelGame/src/server/IntegratedServer.cpp,1208,68868531637,209,19,
ItemEntityTick,/Users/obey/Desktop/MyVoxelGame/src/server/IntegratedServer.cpp,1208,68983663801,208,19,
ItemEntityTick,/Users/obey/Desktop/MyVoxelGame/src/server/IntegratedServer.cpp,1208,69104532210,167,19,
ItemEntityTick,/Users/obey/Desktop/MyVoxelGame/src/server/IntegratedServer.cpp,1208,69220673954,500,19,
ItemEntityTick,/Users/obey/Desktop/MyVoxelGame/src/server/IntegratedServer.cpp,1208,69342611580,333,19,
ItemEntityTick,/Users/obey/Desktop/MyVoxelGame/src/server/IntegratedServer.cpp,1208,69457505186,375,19,
ItemEntityTick,/Users/obey/Desktop/MyVoxelGame/src/server/IntegratedServer.cpp,1208,69576261340,334,19,
ItemEntityTick,/Users/obey/Desktop/MyVoxelGame/src/server/IntegratedServer.cpp,1208,69692466703,208,19,
ItemEntityTick,/Users/obey/Desktop/MyVoxelGame/src/server/IntegratedServer.cpp,1208,69808511376,334,19,
ItemEntityTick,/Users/obey/Desktop/MyVoxelGame/src/server/IntegratedServer.cpp,1208,69923867996,250,19,
ItemEntityTick,/Users/obey/Desktop/MyVoxelGame/src/server/IntegratedServer.cpp,1208,70040587448,334,19,
ItemEntityTick,/Users/obey/Desktop/MyVoxelGame/src/server/IntegratedServer.cpp,1208,70156529028,83,19,
ItemEntityTick,/Users/obey/Desktop/MyVoxelGame/src/server/IntegratedServer.cpp,1208,70273380967,375,19,
ItemEntityTick,/Users/obey/Desktop/MyVoxelGame/src/server/IntegratedServer.cpp,1208,70388785748,208,19,
ItemEntityTick,/Users/obey/Desktop/MyVoxelGame/src/server/IntegratedServer.cpp,1208,70504324557,250,19,
ItemEntityTick,/Users/obey/Desktop/MyVoxelGame/src/server/IntegratedServer.cpp,1208,70620885153,333,19,
ItemEntityTick,/Users/obey/Desktop/MyVoxelGame/src/server/IntegratedServer.cpp,1208,70740221492,375,19,
ItemEntityTick,/Users/obey/Desktop/MyVoxelGame/src/server/IntegratedServer.cpp,1208,70856013817,375,19,
ItemEntityTick,/Users/obey/Desktop/MyVoxelGame/src/server/IntegratedServer.cpp,1208,70975160117,333,19,
ItemEntityTick,/Users/obey/Desktop/MyVoxelGame/src/server/IntegratedServer.cpp,1208,71091518733,167,19,
ItemEntityTick,/Users/obey/Desktop/MyVoxelGame/src/server/IntegratedServer.cpp,1208,71207510098,167,19,
ItemEntityTick,/Users/obey/Desktop/MyVoxelGame/src/server/IntegratedServer.cpp,1208,71322690946,125,19,
ItemEntityTick,/Users/obey/Desktop/MyVoxelGame/src/server/IntegratedServer.cpp,1208,71441578855,458,19,
ItemEntityTick,/Users/obey/Desktop/MyVoxelGame/src/server/IntegratedServer.cpp,1208,71558087500,375,19,
ItemEntityTick,/Users/obey/Desktop/MyVoxelGame/src/server/IntegratedServer.cpp,1208,71708311672,17434,19,
ItemEntityTick,/Users/obey/Desktop/MyVoxelGame/src/server/IntegratedServer.cpp,1208,71825866933,16559,19,
ItemEntityTick,/Users/obey/Desktop/MyVoxelGame/src/server/IntegratedServer.cpp,1208,71958884108,15000,19,
ItemEntityTick,/Users/obey/Desktop/MyVoxelGame/src/server/IntegratedServer.cpp,1208,72100787938,16917,19,
ItemEntityTick,/Users/obey/Desktop/MyVoxelGame/src/server/IntegratedServer.cpp,1208,72287515702,34643,19,
ItemEntityTick,/Users/obey/Desktop/MyVoxelGame/src/server/IntegratedServer.cpp,1208,72483619798,13560,19,
ItemEntityTick,/Users/obey/Desktop/MyVoxelGame/src/server/IntegratedServer.cpp,1208,72706787779,18600,19,
ItemEntityTick,/Users/obey/Desktop/MyVoxelGame/src/server/IntegratedServer.cpp,1208,72870800505,20767,19,
ItemEntityTick,/Users/obey/Desktop/MyVoxelGame/src/server/IntegratedServer.cpp,1208,73020341416,18917,19,
ItemEntityTick,/Users/obey/Desktop/MyVoxelGame/src/server/IntegratedServer.cpp,1208,73150250321,21809,19,
ItemEntityTick,/Users/obey/Desktop/MyVoxelGame/src/server/IntegratedServer.cpp,1208,73292831289,19183,19,
ItemEntityTick,/Users/obey/Desktop/MyVoxelGame/src/server/IntegratedServer.cpp,1208,73419114594,20750,19,
ItemEntityTick,/Users/obey/Desktop/MyVoxelGame/src/server/IntegratedServer.cpp,1208,73552412867,23185,19,
ItemEntityTick,/Users/obey/Desktop/MyVoxelGame/src/server/IntegratedServer.cpp,1208,73697440510,23250,19,
ItemEntityTick,/Users/obey/Desktop/MyVoxelGame/src/server/IntegratedServer.cpp,1208,73853723122,28059,19,
ItemEntityTick,/Users/obey/Desktop/MyVoxelGame/src/server/IntegratedServer.cpp,1208,74001826605,20083,19,
ItemEntityTick,/Users/obey/Desktop/MyVoxelGame/src/server/IntegratedServer.cpp,1208,74119306562,18893,19,
ItemEntityTick,/Users/obey/Desktop/MyVoxelGame/src/server/IntegratedServer.cpp,1208,74247046903,24935,19,
ItemEntityTick,/Users/obey/Desktop/MyVoxelGame/src/server/IntegratedServer.cpp,1208,74367765117,22018,19,
ItemEntityTick,/Users/obey/Desktop/MyVoxelGame/src/server/IntegratedServer.cpp,1208,74482227644,18792,19,
ItemEntityTick,/Users/obey/Desktop/MyVoxelGame/src/server/IntegratedServer.cpp,1208,74625509475,27810,19,
ItemEntityTick,/Users/obey/Desktop/MyVoxelGame/src/server/IntegratedServer.cpp,1208,74754626607,20333,19,
ItemEntityTick,/Users/obey/Desktop/MyVoxelGame/src/server/IntegratedServer.cpp,1208,74875490475,18392,19,
ItemEntityTick,/Users/obey/Desktop/MyVoxelGame/src/server/IntegratedServer.cpp,1208,74987471060,19934,19,
ItemEntityTick,/Users/obey/Desktop/MyVoxelGame/src/server/IntegratedServer.cpp,1208,75111313651,19142,19,
ItemEntityTick,/Users/obey/Desktop/MyVoxelGame/src/server/IntegratedServer.cpp,1208,75263953129,26559,19,
ItemEntityTick,/Users/obey/Desktop/MyVoxelGame/src/server/IntegratedServer.cpp,1208,75394162519,21517,19,
ItemEntityTick,/Users/obey/Desktop/MyVoxelGame/src/server/IntegratedServer.cpp,1208,75507109666,29060,19,
ItemEntityTick,/Users/obey/Desktop/MyVoxelGame/src/server/IntegratedServer.cpp,1208,75671585323,26892,19,
ItemEntityTick,/Users/obey/Desktop/MyVoxelGame/src/server/IntegratedServer.cpp,1208,75812146715,32350,19,
ItemEntityTick,/Users/obey/Desktop/MyVoxelGame/src/server/IntegratedServer.cpp,1208,75937443148,27018,19,
ItemEntityTick,/Users/obey/Desktop/MyVoxelGame/src/server/IntegratedServer.cpp,1208,76082554200,35518,19,
ItemEntityTick,/Users/obey/Desktop/MyVoxelGame/src/server/IntegratedServer.cpp,1208,76209106064,26601,19,
ItemEntityTick,/Users/obey/Desktop/MyVoxelGame/src/server/IntegratedServer.cpp,1208,76336433909,23809,19,
ItemEntityTick,/Users/obey/Desktop/MyVoxelGame/src/server/IntegratedServer.cpp,1208,76462811709,23559,19,
ItemEntityTick,/Users/obey/Desktop/MyVoxelGame/src/server/IntegratedServer.cpp,1208,76588406693,24977,19,
ItemEntityTick,/Users/obey/Desktop/MyVoxelGame/src/server/IntegratedServer.cpp,1208,76715497440,22434,19,
ItemEntityTick,/Users/obey/Desktop/MyVoxelGame/src/server/IntegratedServer.cpp,1208,76835679396,24250,19,
ItemEntityTick,/Users/obey/Desktop/MyVoxelGame/src/server/IntegratedServer.cpp,1208,76938469565,24268,19,
ItemEntityTick,/Users/obey/Desktop/MyVoxelGame/src/server/IntegratedServer.cpp,1208,77139302594,38517,19,
ItemEntityTick,/Users/obey/Desktop/MyVoxelGame/src/server/IntegratedServer.cpp,1208,77268256703,28352,19,
ItemEntityTick,/Users/obey/Desktop/MyVoxelGame/src/server/IntegratedServer.cpp,1208,77418607905,26017,19,
ItemEntityTick,/Users/obey/Desktop/MyVoxelGame/src/server/IntegratedServer.cpp,1208,77527331876,27208,19,
ItemEntityTick,/Users/obey/Desktop/MyVoxelGame/src/server/IntegratedServer.cpp,1208,77657761455,29642,19,
ItemEntityTick,/Users/obey/Desktop/MyVoxelGame/src/server/IntegratedServer.cpp,1208,77795838047,23517,19,
ItemEntityTick,/Users/obey/Desktop/MyVoxelGame/src/server/IntegratedServer.cpp,1208,77933617089,24309,19,
ItemEntityTick,/Users/obey/Desktop/MyVoxelGame/src/server/IntegratedServer.cpp,1208,78066603269,26018,19,
ItemEntityTick,/Users/obey/Desktop/MyVoxelGame/src/server/IntegratedServer.cpp,1208,78185760462,20433,19,
ItemEntityTick,/Users/obey/Desktop/MyVoxelGame/src/server/IntegratedServer.cpp,1208,78312670994,26000,19,
ItemEntityTick,/Users/obey/Desktop/MyVoxelGame/src/server/IntegratedServer.cpp,1208,78441288536,24893,19,
ItemEntityTick,/Users/obey/Desktop/MyVoxelGame/src/server/IntegratedServer.cpp,1208,78568696849,25267,19,
ItemEntityTick,/Users/obey/Desktop/MyVoxelGame/src/server/IntegratedServer.cpp,1208,78713235734,34726,19,
ItemEntityTick,/Users/obey/Desktop/MyVoxelGame/src/server/IntegratedServer.cpp,1208,78839329751,24601,19,
ItemEntityTick,/Users/obey/Desktop/MyVoxelGame/src/server/IntegratedServer.cpp,1208,78959486548,27767,19,
ItemEntityTick,/Users/obey/Desktop/MyVoxelGame/src/server/IntegratedServer.cpp,1208,79101778066,33476,19,
ItemEntityTick,/Users/obey/Desktop/MyVoxelGame/src/server/IntegratedServer.cpp,1208,79231050577,29060,19,
ItemEntityTick,/Users/obey/Desktop/MyVoxelGame/src/server/IntegratedServer.cpp,1208,79364053525,32685,19,
ItemEntityTick,/Users/obey/Desktop/MyVoxelGame/src/server/IntegratedServer.cpp,1208,79496917069,44352,19,
ItemEntityTick,/Users/obey/Desktop/MyVoxelGame/src/server/IntegratedServer.cpp,1208,79625946065,34060,19,
ItemEntityTick,/Users/obey/Desktop/MyVoxelGame/src/server/IntegratedServer.cpp,1208,79754219747,32768,19,
ItemEntityTick,/Users/obey/Desktop/MyVoxelGame/src/server/IntegratedServer.cpp,1208,79898993398,37267,19,
ItemEntityTick,/Users/obey/Desktop/MyVoxelGame/src/server/IntegratedServer.cpp,1208,80014101377,33517,19,
ItemEntityTick,/Users/obey/Desktop/MyVoxelGame/src/server/IntegratedServer.cpp,1208,80152133308,37643,19,
ItemEntityTick,/Users/obey/Desktop/MyVoxelGame/src/server/IntegratedServer.cpp,1208,80286920794,40393,19,
ItemEntityTick,/Users/obey/Desktop/MyVoxelGame/src/server/IntegratedServer.cpp,1208,80424101151,41517,19,
ItemEntityTick,/Users/obey/Desktop/MyVoxelGame/src/server/IntegratedServer.cpp,1208,80587659279,39244,19,
ItemEntityTick,/Users/obey/Desktop/MyVoxelGame/src/server/IntegratedServer.cpp,1208,80723991412,39726,19,
ItemEntityTick,/Users/obey/Desktop/MyVoxelGame/src/server/IntegratedServer.cpp,1208,80848175736,44727,19,
ItemEntityTick,/Users/obey/Desktop/MyVoxelGame/src/server/IntegratedServer.cpp,1208,80981227136,35143,19,
ItemEntityTick,/Users/obey/Desktop/MyVoxelGame/src/server/IntegratedServer.cpp,1208,81131679807,45727,19,
ItemEntityTick,/Users/obey/Desktop/MyVoxelGame/src/server/IntegratedServer.cpp,1208,81273664425,44868,19,
ItemEntityTick,/Users/obey/Desktop/MyVoxelGame/src/server/IntegratedServer.cpp,1208,81414666578,43352,19,
ItemEntityTick,/Users/obey/Desktop/MyVoxelGame/src/server/IntegratedServer.cpp,1208,81534564318,44559,19,
ItemEntityTick,/Users/obey/Desktop/MyVoxelGame/src/server/IntegratedServer.cpp,1208,81651551203,42643,19,
ItemEntityTick,/Users/obey/Desktop/MyVoxelGame/src/server/IntegratedServer.cpp,1208,81791613104,34393,19,
ItemEntityTick,/Users/obey/Desktop/MyVoxelGame/src/server/IntegratedServer.cpp,1208,81916914896,37285,19,
ItemEntityTick,/Users/obey/Desktop/MyVoxelGame/src/server/IntegratedServer.cpp,1208,82055386217,47309,19,
ItemEntityTick,/Users/obey/Desktop/MyVoxelGame/src/server/IntegratedServer.cpp,1208,82191454775,37683,19,
ItemEntityTick,/Users/obey/Desktop/MyVoxelGame/src/server/IntegratedServer.cpp,1208,82326242867,40577,19,
ItemEntityTick,/Users/obey/Desktop/MyVoxelGame/src/server/IntegratedServer.cpp,1208,82461727965,46767,19,
ItemEntityTick,/Users/obey/Desktop/MyVoxelGame/src/server/IntegratedServer.cpp,1208,82579650894,39559,19,
ItemEntityTick,/Users/obey/Desktop/MyVoxelGame/src/server/IntegratedServer.cpp,1208,82738053594,53327,19,
ItemEntityTick,/Users/obey/Desktop/MyVoxelGame/src/server/IntegratedServer.cpp,1208,82873200915,51161,19,
ItemEntityTick,/Users/obey/Desktop/MyVoxelGame/src/server/IntegratedServer.cpp,1208,83024614148,52560,19,
ItemEntityTick,/Users/obey/Desktop/MyVoxelGame/src/server/IntegratedServer.cpp,1208,83155169065,54726,19,
ItemEntityTick,/Users/obey/Desktop/MyVoxelGame/src/server/IntegratedServer.cpp,1208,83278265549,45660,19,
ItemEntityTick,/Users/obey/Desktop/MyVoxelGame/src/server/IntegratedServer.cpp,1208,83401310683,41350,19,
ItemEntityTick,/Users/obey/Desktop/MyVoxelGame/src/server/IntegratedServer.cpp,1208,83531434353,42268,19,
ItemEntityTick,/Users/obey/Desktop/MyVoxelGame/src/server/IntegratedServer.cpp,1208,83655970222,51768,19,
ItemEntityTick,/Users/obey/Desktop/MyVoxelGame/src/server/IntegratedServer.cpp,1208,83803331702,61868,19,
ItemEntityTick,/Users/obey/Desktop/MyVoxelGame/src/server/IntegratedServer.cpp,1208,83928651927,53285,19,
ItemEntityTick,/Users/obey/Desktop/MyVoxelGame/src/server/IntegratedServer.cpp,1208,84077797383,60243,19,
ItemEntityTick,/Users/obey/Desktop/MyVoxelGame/src/server/IntegratedServer.cpp,1208,84201576939,76553,19,
ItemEntityTick,/Users/obey/Desktop/MyVoxelGame/src/server/IntegratedServer.cpp,1208,84333378201,76720,19,
ItemEntityTick,/Users/obey/Desktop/MyVoxelGame/src/server/IntegratedServer.cpp,1208,84477254259,71827,19,
ItemEntityTick,/Users/obey/Desktop/MyVoxelGame/src/server/IntegratedServer.cpp,1208,84614016952,85886,19,
ItemEntityTick,/Users/obey/Desktop/MyVoxelGame/src/server/IntegratedServer.cpp,1208,84740262890,86095,19,
ItemEntityTick,/Users/obey/Desktop/MyVoxelGame/src/server/IntegratedServer.cpp,1208,84878485761,82928,19,
ItemEntityTick,/Users/obey/Desktop/MyVoxelGame/src/server/IntegratedServer.cpp,1208,85019248858,100303,19,
ItemEntityTick,/Users/obey/Desktop/MyVoxelGame/src/server/IntegratedServer.cpp,1208,85150743611,76036,19,
ItemEntityTick,/Users/obey/Desktop/MyVoxelGame/src/server/IntegratedServer.cpp,1208,85272602977,77576,19,
ItemEntityTick,/Users/obey/Desktop/MyVoxelGame/src/server/IntegratedServer.cpp,1208,85402510631,82261,19,
ItemEntityTick,/Users/obey/Desktop/MyVoxelGame/src/server/IntegratedServer.cpp,1208,85555327840,74285,19,
ItemEntityTick,/Users/obey/Desktop/MyVoxelGame/src/server/IntegratedServer.cpp,1208,85700475159,76053,19,
ItemEntityTick,/Users/obey/Desktop/MyVoxelGame/src/server/IntegratedServer.cpp,1208,85841562933,86761,19,
ItemEntityTick,/Users/obey/Desktop/MyVoxelGame/src/server/IntegratedServer.cpp,1208,85983491782,77552,19,
ItemEntityTick,/Users/obey/Desktop/MyVoxelGame/src/server/IntegratedServer.cpp,1208,86123937019,73469,19,
ItemEntityTick,/Users/obey/Desktop/MyVoxelGame/src/server/IntegratedServer.cpp,1208,86257857702,80303,19,
ItemEntityTick,/Users/obey/Desktop/MyVoxelGame/src/server/IntegratedServer.cpp,1208,86397311753,85511,19,
ItemEntityTick,/Users/obey/Desktop/MyVoxelGame/src/server/IntegratedServer.cpp,1208,86536265462,97553,19,
ItemEntityTick,/Users/obey/Desktop/MyVoxelGame/src/server/IntegratedServer.cpp,1208,86678659283,102695,19,
ItemEntityTick,/Users/obey/Desktop/MyVoxelGame/src/server/IntegratedServer.cpp,1208,86823184126,95095,19,
ItemEntityTick,/Users/obey/Desktop/MyVoxelGame/src/server/IntegratedServer.cpp,1208,86964607302,92219,19,
ItemEntityTick,/Users/obey/Desktop/MyVoxelGame/src/server/IntegratedServer.cpp,1208,87109738663,97011,19,
ItemEntityTick,/Users/obey/Desktop/MyVoxelGame/src/server/IntegratedServer.cpp,1208,87236439865,84368,19,
ItemEntityTick,/Users/obey/Desktop/MyVoxelGame/src/server/IntegratedServer.cpp,1208,87370974358,94511,19,
ItemEntityTick,/Users/obey/Desktop/MyVoxelGame/src/server/IntegratedServer.cpp,1208,87511354978,81719,19,
ItemEntityTick,/Users/obey/Desktop/MyVoxelGame/src/server/IntegratedServer.cpp,1208,87652629231,95719,19,
ItemEntityTick,/Users/obey/Desktop/MyVoxelGame/src/server/IntegratedServer.cpp,1208,87794382016,85886,19,
ItemEntityTick,/Users/obey/Desktop/MyVoxelGame/src/server/IntegratedServer.cpp,1208,87953265139,101803,19,
ItemEntityTick,/Users/obey/Desktop/MyVoxelGame/src/server/IntegratedServer.cpp,1208,88099616561,87970,19,
ItemEntityTick,/Users/obey/Desktop/MyVoxelGame/src/server/IntegratedServer.cpp,1208,88236050830,97595,19,
ItemEntityTick,/Users/obey/Desktop/MyVoxelGame/src/server/IntegratedServer.cpp,1208,88367715921,94678,19,
ItemEntityTick,/Users/obey/Desktop/MyVoxelGame/src/server/IntegratedServer.cpp,1208,88503250912,114695,19,
ItemEntityTick,/Users/obey/Desktop/MyVoxelGame/src/server/IntegratedServer.cpp,1208,88647866808,91052,19,
ItemEntityTick,/Users/obey/Desktop/MyVoxelGame/src/server/IntegratedServer.cpp,1208,88794154879,113861,19,
ItemEntityTick,/Users/obey/Desktop/MyVoxelGame/src/server/IntegratedServer.cpp,1208,88929444437,111945,19,
ItemEntityTick,/Users/obey/Desktop/MyVoxelGame/src/server/IntegratedServer.cpp,1208,89072621881,129238,19,
ItemEntityTick,/Users/obey/Desktop/MyVoxelGame/src/server/IntegratedServer.cpp,1208,89206753104,104178,19,
ItemEntityTick,/Users/obey/Desktop/MyVoxelGame/src/server/IntegratedServer.cpp,1208,89343739439,119363,19,
ItemEntityTick,/Users/obey/Desktop/MyVoxelGame/src/server/IntegratedServer.cpp,1208,89491682151,103320,19,
ItemEntityTick,/Users/obey/Desktop/MyVoxelGame/src/server/IntegratedServer.cpp,1208,89631123535,128486,19,
ItemEntityTick,/Users/obey/Desktop/MyVoxelGame/src/server/IntegratedServer.cpp,1208,89788479344,110761,19,
ItemEntityTick,/Users/obey/Desktop/MyVoxelGame/src/server/IntegratedServer.cpp,1208,89931152490,123862,19,
ItemEntityTick,/Users/obey/Desktop/MyVoxelGame/src/server/IntegratedServer.cpp,1208,90090039263,111611,19,
ItemEntityTick,/Users/obey/Desktop/MyVoxelGame/src/server/IntegratedServer.cpp,1208,90220168808,137671,19,
ItemEntityTick,/Users/obey/Desktop/MyVoxelGame/src/server/IntegratedServer.cpp,1208,90366311000,103612,19,
ItemEntityTick,/Users/obey/Desktop/MyVoxelGame/src/server/IntegratedServer.cpp,1208,90520091004,123695,19,
ItemEntityTick,/Users/obey/Desktop/MyVoxelGame/src/server/IntegratedServer.cpp,1208,90666524412,109345,19,
ItemEntityTick,/Users/obey/Desktop/MyVoxelGame/src/server/IntegratedServer.cpp,1208,90805845415,129655,19,
ItemEntityTick,/Users/obey/Desktop/MyVoxelGame/src/server/IntegratedServer.cpp,1208,90970772754,107611,19,
ItemEntityTick,/Users/obey/Desktop/MyVoxelGame/src/server/IntegratedServer.cpp,1208,91120552453,152880,19,
ItemEntityTick,/Users/obey/Desktop/MyVoxelGame/src/server/IntegratedServer.cpp,1208,91249864150,122403,19,
ItemEntityTick,/Users/obey/Desktop/MyVoxelGame/src/server/IntegratedServer.cpp,1208,91399682593,136779,19,
ItemEntityTick,/Users/obey/Desktop/MyVoxelGame/src/server/IntegratedServer.cpp,1208,91556291006,125629,19,
ItemEntityTick,/Users/obey/Desktop/MyVoxelGame/src/server/IntegratedServer.cpp,1208,91702290752,131820,19,
ItemEntityTick,/Users/obey/Desktop/MyVoxelGame/src/server/IntegratedServer.cpp,1208,91842142472,123278,19,
ItemEntityTick,/Users/obey/Desktop/MyVoxelGame/src/server/IntegratedServer.cpp,1208,91978822379,124405,19,
ItemEntityTick,/Users/obey/Desktop/MyVoxelGame/src/server/IntegratedServer.cpp,1208,92134918886,158004,19,
ItemEntityTick,/Users/obey/Desktop/MyVoxelGame/src/server/IntegratedServer.cpp,1208,92276885628,133528,19,
ItemEntityTick,/Users/obey/Desktop/MyVoxelGame/src/server/IntegratedServer.cpp,1208,92429906733,121862,19,
ItemEntityTick,/Users/obey/Desktop/MyVoxelGame/src/server/IntegratedServer.cpp,1208,92566031159,136112,19,
ItemEntityTick,/Users/obey/Desktop/MyVoxelGame/src/server/IntegratedServer.cpp,1208,92721337541,134903,19,
ItemEntityTick,/Users/obey/Desktop/MyVoxelGame/src/server/IntegratedServer.cpp,1208,92858497839,131588,19,
ItemEntityTick,/Users/obey/Desktop/MyVoxelGame/src/server/IntegratedServer.cpp,1208,93022636485,137863,19,
ItemEntityTick,/Users/obey/Desktop/MyVoxelGame/src/server/IntegratedServer.cpp,1208,93146533694,139654,19,
ItemEntityTick,/Users/obey/Desktop/MyVoxelGame/src/server/IntegratedServer.cpp,1208,93284917820,130903,19,
ItemEntityTick,/Users/obey/Desktop/MyVoxelGame/src/server/IntegratedServer.cpp,1208,93427078417,145338,19,
ItemEntityTick,/Users/obey/Desktop/MyVoxelGame/src/server/IntegratedServer.cpp,1208,93577868257,144945,19,
ItemEntityTick,/Users/obey/Desktop/MyVoxelGame/src/server/IntegratedServer.cpp,1208,93727756551,173523,19,
ItemEntityTick,/Users/obey/Desktop/MyVoxelGame/src/server/IntegratedServer.cpp,1208,93888133560,156296,19,
ItemEntityTick,/Users/obey/Desktop/MyVoxelGame/src/server/IntegratedServer.cpp,1208,94042854692,150796,19,
ItemEntityTick,/Users/obey/Desktop/MyVoxelGame/src/server/IntegratedServer.cpp,1208,94194248366,152922,19,
ItemEntityTick,/Users/obey/Desktop/MyVoxelGame/src/server/IntegratedServer.cpp,1208,94342209054,148421,19,
ItemEntityTick,/Users/obey/Desktop/MyVoxelGame/src/server/IntegratedServer.cpp,1208,94479373035,148005,19,
ItemEntityTick,/Users/obey/Desktop/MyVoxelGame/src/server/IntegratedServer.cpp,1208,94617251838,157005,19,
ItemEntityTick,/Users/obey/Desktop/MyVoxelGame/src/server/IntegratedServer.cpp,1208,94762236319,166838,19,
ItemEntityTick,/Users/obey/Desktop/MyVoxelGame/src/server/IntegratedServer.cpp,1208,94890717956,153880,19,
ItemEntityTick,/Users/obey/Desktop/MyVoxelGame/src/server/IntegratedServer.cpp,1208,95035562017,175272,19,
ItemEntityTick,/Users/obey/Desktop/MyVoxelGame/src/server/IntegratedServer.cpp,1208,95174576970,178148,19,
ItemEntityTick,/Users/obey/Desktop/MyVoxelGame/src/server/IntegratedServer.cpp,1208,95324588478,178314,19,
ItemEntityTick,/Users/obey/Desktop/MyVoxelGame/src/server/IntegratedServer.cpp,1208,95462588477,184230,19,
ItemEntityTick,/Users/obey/Desktop/MyVoxelGame/src/server/IntegratedServer.cpp,1208,95603797279,170272,19,
ItemEntityTick,/Users/obey/Desktop/MyVoxelGame/src/server/IntegratedServer.cpp,1208,95735158129,187980,19,
ItemEntityTick,/Users/obey/Desktop/MyVoxelGame/src/server/IntegratedServer.cpp,1208,95884554724,170231,19,
ItemEntityTick,/Users/obey/Desktop/MyVoxelGame/src/server/IntegratedServer.cpp,1208,96030158600,199665,19,
ItemEntityTick,/Users/obey/Desktop/MyVoxelGame/src/server/IntegratedServer.cpp,1208,96167432800,182606,19,
ItemEntityTick,/Users/obey/Desktop/MyVoxelGame/src/server/IntegratedServer.cpp,1208,96318096511,186314,19,
ItemEntityTick,/Users/obey/Desktop/MyVoxelGame/src/server/IntegratedServer.cpp,1208,96466680026,192564,19,
ItemEntityTick,/Users/obey/Desktop/MyVoxelGame/src/server/IntegratedServer.cpp,1208,96617212624,196856,19,
ItemEntityTick,/Users/obey/Desktop/MyVoxelGame/src/server/IntegratedServer.cpp,1208,96771647913,177689,19,
ItemEntityTick,/Users/obey/Desktop/MyVoxelGame/src/server/IntegratedServer.cpp,1208,96911848177,208665,19,
ItemEntityTick,/Users/obey/Desktop/MyVoxelGame/src/server/IntegratedServer.cpp,1208,97042956844,197148,19,
ItemEntityTick,/Users/obey/Desktop/MyVoxelGame/src/server/IntegratedServer.cpp,1208,97185229845,196313,19,
ItemEntityTick,/Users/obey/Desktop/MyVoxelGame/src/server/IntegratedServer.cpp,1208,97322915025,184313,19,
ItemEntityTick,/Users/obey/Desktop/MyVoxelGame/src/server/IntegratedServer.cpp,1208,97476070550,188398,19,
ItemEntityTick,/Users/obey/Desktop/MyVoxelGame/src/server/IntegratedServer.cpp,1208,97614026597,160606,19,
ItemEntityTick,/Users/obey/Desktop/MyVoxelGame/src/server/IntegratedServer.cpp,1208,97776089424,183105,19,
ItemEntityTick,/Users/obey/Desktop/MyVoxelGame/src/server/IntegratedServer.cpp,1208,97923976450,178148,19,
ItemEntityTick,/Users/obey/Desktop/MyVoxelGame/src/server/IntegratedServer.cpp,1208,98069296459,190148,19,
ItemEntityTick,/Users/obey/Desktop/MyVoxelGame/src/server/IntegratedServer.cpp,1208,98224671336,188772,19,
ItemEntityTick,/Users/obey/Desktop/MyVoxelGame/src/server/IntegratedServer.cpp,1208,98372700659,180379,19,
ItemEntityTick,/Users/obey/Desktop/MyVoxelGame/src/server/IntegratedServer.cpp,1208,98530189831,174106,19,
ItemEntityTick,/Users/obey/Desktop/MyVoxelGame/src/server/IntegratedServer.cpp,1208,98673563631,189148,19,
ItemEntityTick,/Users/obey/Desktop/MyVoxelGame/src/server/IntegratedServer.cpp,1208,98818033148,187064,19,
ItemEntityTick,/Users/obey/Desktop/MyVoxelGame/src/server/IntegratedServer.cpp,1208,98947562651,193439,19,
ItemEntityTick,/Users/obey/Desktop/MyVoxelGame/src/server/IntegratedServer.cpp,1208,99100866956,190981,19,
ItemEntityTick,/Users/obey/Desktop/MyVoxelGame/src/server/IntegratedServer.cpp,1208,99236714973,216082,19,
ItemEntityTick,/Users/obey/Desktop/MyVoxelGame/src/server/IntegratedServer.cpp,1208,99384457538,179022,19,
ItemEntityTick,/Users/obey/Desktop/MyVoxelGame/src/server/IntegratedServer.cpp,1208,99531463097,188397,19,
ItemEntityTick,/Users/obey/Desktop/MyVoxelGame/src/server/IntegratedServer.cpp,1208,99676578858,187313,19,
ItemEntityTick,/Users/obey/Desktop/MyVoxelGame/src/server/IntegratedServer.cpp,1208,99810511684,197105,19,
ItemEntityTick,/Users/obey/Desktop/MyVoxelGame/src/server/IntegratedServer.cpp,1208,99945617011,182147,19,
ItemEntityTick,/Users/obey/Desktop/MyVoxelGame/src/server/IntegratedServer.cpp,1208,100095241333,197938,19,
ItemEntityTick,/Users/obey/Desktop/MyVoxelGame/src/server/IntegratedServer.cpp,1208,100239578344,199874,19,
ItemEntityTick,/Users/obey/Desktop/MyVoxelGame/src/server/IntegratedServer.cpp,1208,100369172423,190606,19,
ItemEntityTick,/Users/obey/Desktop/MyVoxelGame/src/server/IntegratedServer.cpp,1208,100514327869,184230,19,
ItemEntityTick,/Users/obey/Desktop/MyVoxelGame/src/server/IntegratedServer.cpp,1208,100644533549,195690,19,
ItemEntityTick,/Users/obey/Desktop/MyVoxelGame/src/server/IntegratedServer.cpp,1208,100781117531,207856,19,
ItemEntityTick,/Users/obey/Desktop/MyVoxelGame/src/server/IntegratedServer.cpp,1208,100931788782,194148,19,
ItemEntityTick,/Users/obey/Desktop/MyVoxelGame/src/server/IntegratedServer.cpp,1208,101071144679,196582,19,
ItemEntityTick,/Users/obey/Desktop/MyVoxelGame/src/server/IntegratedServer.cpp,1208,101216328743,197397,19,
ItemEntityTick,/Users/obey/Desktop/MyVoxelGame/src/server/IntegratedServer.cpp,1208,101363569467,194956,19,
ItemEntityTick,/Users/obey/Desktop/MyVoxelGame/src/server/IntegratedServer.cpp,1208,101527765357,195647,19,
ItemEntityTick,/Users/obey/Desktop/MyVoxelGame/src/server/IntegratedServer.cpp,1208,101668374558,184980,19,
ItemEntityTick,/Users/obey/Desktop/MyVoxelGame/src/server/IntegratedServer.cpp,1208,101796135417,213164,19,
ItemEntityTick,/Users/obey/Desktop/MyVoxelGame/src/server/IntegratedServer.cpp,1208,101937917885,194397,19,
ItemEntityTick,/Users/obey/Desktop/MyVoxelGame/src/server/IntegratedServer.cpp,1208,102079862567,224581,19,
ItemEntityTick,/Users/obey/Desktop/MyVoxelGame/src/server/IntegratedServer.cpp,1208,102222584123,186356,19,
ItemEntityTick,/Users/obey/Desktop/MyVoxelGame/src/server/IntegratedServer.cpp,1208,102366187255,186689,19,
ItemEntityTick,/Users/obey/Desktop/MyVoxelGame/src/server/IntegratedServer.cpp,1208,102510954781,184439,19,
ItemEntityTick,/Users/obey/Desktop/MyVoxelGame/src/server/IntegratedServer.cpp,1208,102646728412,200064,19,
ItemEntityTick,/Users/obey/Desktop/MyVoxelGame/src/server/IntegratedServer.cpp,1208,102781999243,188748,19,
ItemEntityTick,/Users/obey/Desktop/MyVoxelGame/src/server/IntegratedServer.cpp,1208,102926866781,197998,19,
ItemEntityTick,/Users/obey/Desktop/MyVoxelGame/src/server/IntegratedServer.cpp,1208,103071817912,181188,19,
ItemEntityTick,/Users/obey/Desktop/MyVoxelGame/src/server/IntegratedServer.cpp,1208,103217036076,202731,19,
ItemEntityTick,/Users/obey/Desktop/MyVoxelGame/src/server/IntegratedServer.cpp,1208,103346657905,199665,19,
ItemEntityTick,/Users/obey/Desktop/MyVoxelGame/src/server/IntegratedServer.cpp,1208,103484049427,183440,19,
ItemEntityTick,/Users/obey/Desktop/MyVoxelGame/src/server/IntegratedServer.cpp,1208,103632465604,213040,19,
ItemEntityTick,/Users/obey/Desktop/MyVoxelGame/src/server/IntegratedServer.cpp,1208,103779918826,245266,19,
ItemEntityTick,/Users/obey/Desktop/MyVoxelGame/src/server/IntegratedServer.cpp,1208,103927427725,226832,19,
ItemEntityTick,/Users/obey/Desktop/MyVoxelGame/src/server/IntegratedServer.cpp,1208,104075096420,233790,19,
ItemEntityTick,/Users/obey/Desktop/MyVoxelGame/src/server/IntegratedServer.cpp,1208,104202279552,241100,19,
ItemEntityTick,/Users/obey/Desktop/MyVoxelGame/src/server/IntegratedServer.cpp,1208,104342303562,276534,19,
ItemEntityTick,/Users/obey/Desktop/MyVoxelGame/src/server/IntegratedServer.cpp,1208,104486934166,250266,19,
ItemEntityTick,/Users/obey/Desktop/MyVoxelGame/src/server/IntegratedServer.cpp,1208,104630174379,236182,19,
ItemEntityTick,/Users/obey/Desktop/MyVoxelGame/src/server/IntegratedServer.cpp,1208,104776732900,234599,19,
ItemEntityTick,/Users/obey/Desktop/MyVoxelGame/src/server/IntegratedServer.cpp,1208,104926053628,232040,19,
ItemEntityTick,/Users/obey/Desktop/MyVoxelGame/src/server/IntegratedServer.cpp,1208,105079856816,258807,19,
ItemEntityTick,/Users/obey/Desktop/MyVoxelGame/src/server/IntegratedServer.cpp,1208,105223375144,244932,19,
ItemEntityTick,/Users/obey/Desktop/MyVoxelGame/src/server/IntegratedServer.cpp,1208,105372630213,257034,19,
ItemEntityTick,/Users/obey/Desktop/MyVoxelGame/src/server/IntegratedServer.cpp,1208,105525100960,228140,19,
ItemEntityTick,/Users/obey/Desktop/MyVoxelGame/src/server/IntegratedServer.cpp,1208,105675892467,226915,19,
ItemEntityTick,/Users/obey/Desktop/MyVoxelGame/src/server/IntegratedServer.cpp,1208,105819055269,252056,19,
ItemEntityTick,/Users/obey/Desktop/MyVoxelGame/src/server/IntegratedServer.cpp,1208,105968835511,225623,19,
ItemEntityTick,/Users/obey/Desktop/MyVoxelGame/src/server/IntegratedServer.cpp,1208,106113730649,237414,19,
ItemEntityTick,/Users/obey/Desktop/MyVoxelGame/src/server/IntegratedServer.cpp,1208,106250866595,239557,19,
ItemEntityTick,/Users/obey/Desktop/MyVoxelGame/src/server/IntegratedServer.cpp,1208,106380726166,227040,19,
ItemEntityTick,/Users/obey/Desktop/MyVoxelGame/src/server/IntegratedServer.cpp,1208,106521557115,211998,19,
ItemEntityTick,/Users/obey/Desktop/MyVoxelGame/src/server/IntegratedServer.cpp,1208,106660742422,254100,19,
ItemEntityTick,/Users/obey/Desktop/MyVoxelGame/src/server/IntegratedServer.cpp,1208,106819074671,228473,19,
ItemEntityTick,/Users/obey/Desktop/MyVoxelGame/src/server/IntegratedServer.cpp,1208,106969284118,242224,19,
ItemEntityTick,/Users/obey/Desktop/MyVoxelGame/src/server/IntegratedServer.cpp,1208,107105529155,232974,19,
ItemEntityTick,/Users/obey/Desktop/MyVoxelGame/src/server/IntegratedServer.cpp,1208,107236114297,287367,19,
ItemEntityTick,/Users/obey/Desktop/MyVoxelGame/src/server/IntegratedServer.cpp,1208,107380559922,245223,19,
ItemEntityTick,/Users/obey/Desktop/MyVoxelGame/src/server/IntegratedServer.cpp,1208,107520875880,251016,19,
ItemEntityTick,/Users/obey/Desktop/MyVoxelGame/src/server/IntegratedServer.cpp,1208,107667186785,244724,19,
ItemEntityTick,/Users/obey/Desktop/MyVoxelGame/src/server/IntegratedServer.cpp,1208,107797475519,295575,19,
ItemEntityTick,/Users/obey/Desktop/MyVoxelGame/src/server/IntegratedServer.cpp,1208,107928209649,258449,19,
ItemEntityTick,/Users/obey/Desktop/MyVoxelGame/src/server/IntegratedServer.cpp,1208,108063100579,276950,19,
ItemEntityTick,/Users/obey/Desktop/MyVoxelGame/src/server/IntegratedServer.cpp,1208,108216297081,267141,19,
ItemEntityTick,/Users/obey/Desktop/MyVoxelGame/src/server/IntegratedServer.cpp,1208,108349337755,264867,19,
ItemEntityTick,/Users/obey/Desktop/MyVoxelGame/src/server/IntegratedServer.cpp,1208,108492052711,256449,19,
ItemEntityTick,/Users/obey/Desktop/MyVoxelGame/src/server/IntegratedServer.cpp,1208,108634778474,277159,19,
ItemEntityTick,/Users/obey/Desktop/MyVoxelGame/src/server/IntegratedServer.cpp,1208,108781362222,260432,19,
ItemEntityTick,/Users/obey/Desktop/MyVoxelGame/src/server/IntegratedServer.cpp,1208,108933559228,264850,19,
ItemEntityTick,/Users/obey/Desktop/MyVoxelGame/src/server/IntegratedServer.cpp,1208,109073606778,261933,19,
ItemEntityTick,/Users/obey/Desktop/MyVoxelGame/src/server/IntegratedServer.cpp,1208,109218810050,258807,19,
ItemEntityTick,/Users/obey/Desktop/MyVoxelGame/src/server/IntegratedServer.cpp,1208,109366022107,260099,19,
ItemEntityTick,/Users/obey/Desktop/MyVoxelGame/src/server/IntegratedServer.cpp,1208,109505157839,258349,19,
ItemEntityTick,/Users/obey/Desktop/MyVoxelGame/src/server/IntegratedServer.cpp,1208,109651205644,277200,19,
ItemEntityTick,/Users/obey/Desktop/MyVoxelGame/src/server/IntegratedServer.cpp,1208,109791398599,262992,19,
ItemEntityTick,/Users/obey/Desktop/MyVoxelGame/src/server/IntegratedServer.cpp,1208,109921220261,260574,19,
ItemEntityTick,/Users/obey/Desktop/MyVoxelGame/src/server/IntegratedServer.cpp,1208,110065637926,268616,19,
ItemEntityTick,/Users/obey/Desktop/MyVoxelGame/src/server/IntegratedServer.cpp,1208,110208927714,263992,19,
ItemEntityTick,/Users/obey/Desktop/MyVoxelGame/src/server/IntegratedServer.cpp,1208,110334175781,259033,19,
ItemEntityTick,/Users/obey/Desktop/MyVoxelGame/src/server/IntegratedServer.cpp,1208,110471607921,260057,19,
ItemEntityTick,/Users/obey/Desktop/MyVoxelGame/src/server/IntegratedServer.cpp,1208,110614908251,251182,19,
ItemEntityTick,/Users/obey/Desktop/MyVoxelGame/src/server/IntegratedServer.cpp,1208,110745678290,264117,19,
ItemEntityTick,/Users/obey/Desktop/MyVoxelGame/src/server/IntegratedServer.cpp,1208,110877410601,269949,19,
ItemEntityTick,/Users/obey/Desktop/MyVoxelGame/src/server/IntegratedServer.cpp,1208,111018691396,260118,19,
ItemEntityTick,/Users/obey/Desktop/MyVoxelGame/src/server/IntegratedServer.cpp,1208,111158285785,282866,19,
ItemEntityTick,/Users/obey/Desktop/MyVoxelGame/src/server/IntegratedServer.cpp,1208,111287462018,274991,19,
ItemEntityTick,/Users/obey/Desktop/MyVoxelGame/src/server/IntegratedServer.cpp,1208,111418282134,301009,19,
ItemEntityTick,/Users/obey/Desktop/MyVoxelGame/src/server/IntegratedServer.cpp,1208,111565288401,423871,19,
ItemEntityTick,/Users/obey/Desktop/MyVoxelGame/src/server/IntegratedServer.cpp,1208,111700870469,291883,19,
ItemEntityTick,/Users/obey/Desktop/MyVoxelGame/src/server/IntegratedServer.cpp,1208,111833450628,299260,19,
ItemEntityTick,/Users/obey/Desktop/MyVoxelGame/src/server/IntegratedServer.cpp,1208,111970376553,302051,19,
ItemEntityTick,/Users/obey/Desktop/MyVoxelGame/src/server/IntegratedServer.cpp,1208,112117192173,327277,19,
ItemEntityTick,/Users/obey/Desktop/MyVoxelGame/src/server/IntegratedServer.cpp,1208,112259037886,327069,19,
ItemEntityTick,/Users/obey/Desktop/MyVoxelGame/src/server/IntegratedServer.cpp,1208,112400576464,303468,19,
ItemEntityTick,/Users/obey/Desktop/MyVoxelGame/src/server/IntegratedServer.cpp,1208,112530424977,337818,19,
ItemEntityTick,/Users/obey/Desktop/MyVoxelGame/src/server/IntegratedServer.cpp,1208,112663048171,317218,19,
ItemEntityTick,/Users/obey/Desktop/MyVoxelGame/src/server/IntegratedServer.cpp,1208,112799942644,320069,19,
ItemEntityTick,/Users/obey/Desktop/MyVoxelGame/src/server/IntegratedServer.cpp,1208,112940478310,301383,19,
ItemEntityTick,/Users/obey/Desktop/MyVoxelGame/src/server/IntegratedServer.cpp,1208,113072072799,344985,19,
ItemEntityTick,/Users/obey/Desktop/MyVoxelGame/src/server/IntegratedServer.cpp,1208,113215818394,285491,19,
ItemEntityTick,/Users/obey/Desktop/MyVoxelGame/src/server/IntegratedServer.cpp,1208,113343077912,286117,19,
ItemEntityTick,/Users/obey/Desktop/MyVoxelGame/src/server/IntegratedServer.cpp,1208,113477654107,305884,19,
ItemEntityTick,/Users/obey/Desktop/MyVoxelGame/src/server/IntegratedServer.cpp,1208,113606443463,294241,19,
ItemEntityTick,/Users/obey/Desktop/MyVoxelGame/src/server/IntegratedServer.cpp,1208,113751784971,312068,19,
ItemEntityTick,/Users/obey/Desktop/MyVoxelGame/src/server/IntegratedServer.cpp,1208,113886973726,329069,19,
ItemEntityTick,/Users/obey/Desktop/MyVoxelGame/src/server/IntegratedServer.cpp,1208,114033300024,300760,19,
ItemEntityTick,/Users/obey/Desktop/MyVoxelGame/src/server/IntegratedServer.cpp,1208,114161973101,307550,19,
ItemEntityTick,/Users/obey/Desktop/MyVoxelGame/src/server/IntegratedServer.cpp,1208,114292163740,309717,19,
ItemEntityTick,/Users/obey/Desktop/MyVoxelGame/src/server/IntegratedServer.cpp,1208,114426577706,304884,19,
ItemEntityTick,/Users/obey/Desktop/MyVoxelGame/src/server/IntegratedServer.cpp,1208,114561431309,314134,19,
ItemEntityTick,/Users/obey/Desktop/MyVoxelGame/src/server/IntegratedServer.cpp,1208,114710221971,303509,19,
ItemEntityTick,/Users/obey/Desktop/MyVoxelGame/src/server/IntegratedServer.cpp,1208,114858573112,320051,19,
ItemEntityTick,/Users/obey/Desktop/MyVoxelGame/src/server/IntegratedServer.cpp,1208,114976401365,319467,19,
ItemEntityTick,/Users/obey/Desktop/MyVoxelGame/src/server/IntegratedServer.cpp,1208,115113695024,336693,19,
ItemEntityTick,/Users/obey/Desktop/MyVoxelGame/src/server/IntegratedServer.cpp,1208,115251670480,334360,19,
ItemEntityTick,/Users/obey/Desktop/MyVoxelGame/src/server/IntegratedServer.cpp,1208,115394622784,364836,19,
ItemEntityTick,/Users/obey/Desktop/MyVoxelGame/src/server/IntegratedServer.cpp,1208,115531920086,327861,19,
ItemEntityTick,/Users/obey/Desktop/MyVoxelGame/src/server/IntegratedServer.cpp,1208,115670323021,342109,19,
ItemEntityTick,/Users/obey/Desktop/MyVoxelGame/src/server/IntegratedServer.cpp,1208,115804070283,314468,19,
ItemEntityTick,/Users/obey/Desktop/MyVoxelGame/src/server/IntegratedServer.cpp,1208,115930368238,360753,19,
ItemEntityTick,/Users/obey/Desktop/MyVoxelGame/src/server/IntegratedServer.cpp,1208,116065896021,315776,19,
ItemEntityTick,/Users/obey/Desktop/MyVoxelGame/src/server/IntegratedServer.cpp,1208,116205103138,352777,19,
ItemEntityTick,/Users/obey/Desktop/MyVoxelGame/src/server/IntegratedServer.cpp,1208,116346362792,343128,19,
ItemEntityTick,/Users/obey/Desktop/MyVoxelGame/src/server/IntegratedServer.cpp,1208,116477356556,399728,19,
ItemEntityTick,/Users/obey/Desktop/MyVoxelGame/src/server/IntegratedServer.cpp,1208,116618990603,319717,19,
ItemEntityTick,/Users/obey/Desktop/MyVoxelGame/src/server/IntegratedServer.cpp,1208,116762984254,339528,19,
ItemEntityTick,/Users/obey/Desktop/MyVoxelGame/src/server/IntegratedServer.cpp,1208,116896065047,335653,19,
ItemEntityTick,/Users/obey/Desktop/MyVoxelGame/src/server/IntegratedServer.cpp,1208,117032189431,349652,19,
ItemEntityTick,/Users/obey/Desktop/MyVoxelGame/src/server/IntegratedServer.cpp,1208,117177780164,319151,19,
ItemEntityTick,/Users/obey/Desktop/MyVoxelGame/src/server/IntegratedServer.cpp,1208,117292872268,333152,19,
ItemEntityTick,/Users/obey/Desktop/MyVoxelGame/src/server/IntegratedServer.cpp,1208,117412240066,321818,19,
ItemEntityTick,/Users/obey/Desktop/MyVoxelGame/src/server/IntegratedServer.cpp,1208,117555281339,329152,19,
ItemEntityTick,/Users/obey/Desktop/MyVoxelGame/src/server/IntegratedServer.cpp,1208,117695677518,336777,19,
ItemEntityTick,/Users/obey/Desktop/MyVoxelGame/src/server/IntegratedServer.cpp,1208,117819068345,346026,19,
ItemEntityTick,/Users/obey/Desktop/MyVoxelGame/src/server/IntegratedServer.cpp,1208,117977223838,313592,19,
ItemEntityTick,/Users/obey/Desktop/MyVoxelGame/src/server/IntegratedServer.cpp,1208,118140822318,386144,19,
ItemEntityTick,/Users/obey/Desktop/MyVoxelGame/src/server/IntegratedServer.cpp,1208,118260079312,307051,19,
ItemEntityTick,/Users/obey/Desktop/MyVoxelGame/src/server/IntegratedServer.cpp,1208,118391066642,356670,19,
ItemEntityTick,/Users/obey/Desktop/MyVoxelGame/src/server/IntegratedServer.cpp,1208,118521576999,318301,19,
ItemEntityTick,/Users/obey/Desktop/MyVoxelGame/src/server/IntegratedServer.cpp,1208,118662959699,335860,19,
ItemEntityTick,/Users/obey/Desktop/MyVoxelGame/src/server/IntegratedServer.cpp,1208,118790249276,331193,19,
ItemEntityTick,/Users/obey/Desktop/MyVoxelGame/src/server/IntegratedServer.cpp,1208,118910094980,335152,19,
ItemEntityTick,/Users/obey/Desktop/MyVoxelGame/src/server/IntegratedServer.cpp,1208,119044356774,336443,19,
ItemEntityTick,/Users/obey/Desktop/MyVoxelGame/src/server/IntegratedServer.cpp,1208,119172734192,350128,19,
ItemEntityTick,/Users/obey/Desktop/MyVoxelGame/src/server/IntegratedServer.cpp,1208,119314973300,342194,19,
ItemEntityTick,/Users/obey/Desktop/MyVoxelGame/src/server/IntegratedServer.cpp,1208,119454518612,325884,19,
ItemEntityTick,/Users/obey/Desktop/MyVoxelGame/src/server/IntegratedServer.cpp,1208,119584673699,335277,19,
ItemEntityTick,/Users/obey/Desktop/MyVoxelGame/src/server/IntegratedServer.cpp,1208,119705248574,330236,19,
ItemEntityTick,/Users/obey/Desktop/MyVoxelGame/src/server/IntegratedServer.cpp,1208,119844238902,354836,19,
ItemEntityTick,/Users/obey/Desktop/MyVoxelGame/src/server/IntegratedServer.cpp,1208,119959939382,320777,19,
ItemEntityTick,/Users/obey/Desktop/MyVoxelGame/src/server/IntegratedServer.cpp,1208,120109368973,339985,19,
ItemEntityTick,/Users/obey/Desktop/MyVoxelGame/src/server/IntegratedServer.cpp,1208,120248286248,317092,19,
ItemEntityTick,/Users/obey/Desktop/MyVoxelGame/src/server/IntegratedServer.cpp,1208,120384107314,350003,19,
ItemEntityTick,/Users/obey/Desktop/MyVoxelGame/src/server/IntegratedServer.cpp,1208,120511868254,303343,19,
ItemEntityTick,/Users/obey/Desktop/MyVoxelGame/src/server/IntegratedServer.cpp,1208,120641959824,297783,19,
ItemEntityTick,/Users/obey/Desktop/MyVoxelGame/src/server/IntegratedServer.cpp,1208,120774559919,328342,19,
ItemEntityTick,/Users/obey/Desktop/MyVoxelGame/src/server/IntegratedServer.cpp,1208,120904975372,323027,19,
ItemEntityTick,/Users/obey/Desktop/MyVoxelGame/src/server/IntegratedServer.cpp,1208,121033897482,320093,19,
ItemEntityTick,/Users/obey/Desktop/MyVoxelGame/src/server/IntegratedServer.cpp,1208,121155791073,330860,19,
ItemEntityTick,/Users/obey/Desktop/MyVoxelGame/src/server/IntegratedServer.cpp,1208,121285273541,322968,19,
ItemEntityTick,/Users/obey/Desktop/MyVoxelGame/src/server/IntegratedServer.cpp,1208,121408947275,327319,19,
ItemEntityTick,/Users/obey/Desktop/MyVoxelGame/src/server/IntegratedServer.cpp,1208,121539573411,314093,19,
ItemEntityTick,/Users/obey/Desktop/MyVoxelGame/src/server/IntegratedServer.cpp,1208,121666948774,326527,19,
ItemEntityTick,/Users/obey/Desktop/MyVoxelGame/src/server/IntegratedServer.cpp,1208,121801001588,319401,19,
ItemEntityTick,/Users/obey/Desktop/MyVoxelGame/src/server/IntegratedServer.cpp,1208,121925894377,321259,19,
ItemEntityTick,/Users/obey/Desktop/MyVoxelGame/src/server/IntegratedServer.cpp,1208,122050272016,326026,19,
ItemEntityTick,/Users/obey/Desktop/MyVoxelGame/src/server/IntegratedServer.cpp,1208,122181814346,326926,19,
ItemEntityTick,/Users/obey/Desktop/MyVoxelGame/src/server/IntegratedServer.cpp,1208,122306356341,337819,19,
ItemEntityTick,/Users/obey/Desktop/MyVoxelGame/src/server/IntegratedServer.cpp,1208,122443389192,326277,19,
ItemEntityTick,/Users/obey/Desktop/MyVoxelGame/src/server/IntegratedServer.cpp,1208,122569148391,330902,19,
ItemEntityTick,/Users/obey/Desktop/MyVoxelGame/src/server/IntegratedServer.cpp,1208,122702087095,333068,19,
ItemEntityTick,/Users/obey/Desktop/MyVoxelGame/src/server/IntegratedServer.cpp,1208,122842648654,433704,19,
ItemEntityTick,/Users/obey/Desktop/MyVoxelGame/src/server/IntegratedServer.cpp,1208,122980830631,351319,19,
ItemEntityTick,/Users/obey/Desktop/MyVoxelGame/src/server/IntegratedServer.cpp,1208,123135603822,479573,19,
ItemEntityTick,/Users/obey/Desktop/MyVoxelGame/src/server/IntegratedServer.cpp,1208,123282997276,610185,19,
ItemEntityTick,/Users/obey/Desktop/MyVoxelGame/src/server/IntegratedServer.cpp,1208,123474700840,585876,19,
ItemEntityTick,/Users/obey/Desktop/MyVoxelGame/src/server/IntegratedServer.cpp,1208,123676330243,561608,19,
ItemEntityTick,/Users/obey/Desktop/MyVoxelGame/src/server/IntegratedServer.cpp,1208,123837876045,479239,19,
ItemEntityTick,/Users/obey/Desktop/MyVoxelGame/src/server/IntegratedServer.cpp,1208,124001455459,497781,19,
ItemEntityTick,/Users/obey/Desktop/MyVoxelGame/src/server/IntegratedServer.cpp,1208,124163371473,511049,19,
ItemEntityTick,/Users/obey/Desktop/MyVoxelGame/src/server/IntegratedServer.cpp,1208,124338925195,604560,19,
ItemEntityTick,/Users/obey/Desktop/MyVoxelGame/src/server/IntegratedServer.cpp,1208,124539824425,527508,19,
ItemEntityTick,/Users/obey/Desktop/MyVoxelGame/src/server/IntegratedServer.cpp,1208,124739554280,542465,19,
ItemEntityTick,/Users/obey/Desktop/MyVoxelGame/src/server/IntegratedServer.cpp,1208,124921681199,560232,19,
ItemEntityTick,/Users/obey/Desktop/MyVoxelGame/src/server/IntegratedServer.cpp,1208,125109829122,541841,19,
ItemEntityTick,/Users/obey/Desktop/MyVoxelGame/src/server/IntegratedServer.cpp,1208,125310654550,836992,19,
ItemEntityTick,/Users/obey/Desktop/MyVoxelGame/src/server/IntegratedServer.cpp,1208,125586907204,706321,19,
ItemEntityTick,/Users/obey/Desktop/MyVoxelGame/src/server/IntegratedServer.cpp,1208,125783848149,623976,19,
ItemEntityTick,/Users/obey/Desktop/MyVoxelGame/src/server/IntegratedServer.cpp,1208,125955528972,610185,19,
ItemEntityTick,/Users/obey/Desktop/MyVoxelGame/src/server/IntegratedServer.cpp,1208,126147581771,585917,19,
ItemEntityTick,/Users/obey/Desktop/MyVoxelGame/src/server/IntegratedServer.cpp,1208,126349317602,697362,19,
ItemEntityTick,/Users/obey/Desktop/MyVoxelGame/src/server/IntegratedServer.cpp,1208,126547360948,607976,19,
ItemEntityTick,/Users/obey/Desktop/MyVoxelGame/src/server/IntegratedServer.cpp,1208,126751850836,624851,19,
ItemEntityTick,/Users/obey/Desktop/MyVoxelGame/src/server/IntegratedServer.cpp,1208,126970052326,615685,19,
ItemEntityTick,/Users/obey/Desktop/MyVoxelGame/src/server/IntegratedServer.cpp,1208,127155494559,611644,19,
ItemEntityTick,/Users/obey/Desktop/MyVoxelGame/src/server/IntegratedServer.cpp,1208,127342718164,618268,19,
ItemEntityTick,/Users/obey/Desktop/MyVoxelGame/src/server/IntegratedServer.cpp,1208,127533970964,494907,19,
ItemEntityTick,/Users/obey/Desktop/MyVoxelGame/src/server/IntegratedServer.cpp,1208,127708902235,610601,19,
ItemEntityTick,/Users/obey/Desktop/MyVoxelGame/src/server/IntegratedServer.cpp,1208,127911270392,577334,19,
ItemEntityTick,/Users/obey/Desktop/MyVoxelGame/src/server/IntegratedServer.cpp,1208,128113644692,578251,19,
ItemEntityTick,/Users/obey/Desktop/MyVoxelGame/src/server/IntegratedServer.cpp,1208,128283145750,597852,19,
ItemEntityTick,/Users/obey/Desktop/MyVoxelGame/src/server/IntegratedServer.cpp,1208,128483933952,740648,19,
ItemEntityTick,/Users/obey/Desktop/MyVoxelGame/src/server/IntegratedServer.cpp,1208,128690353739,604727,19,
ItemEntityTick,/Users/obey/Desktop/MyVoxelGame/src/server/IntegratedServer.cpp,1208,128895369218,650429,19,
ItemEntityTick,/Users/obey/Desktop/MyVoxelGame/src/server/IntegratedServer.cpp,1208,129273560507,1644532,19,
ItemEntityTick,/Users/obey/Desktop/MyVoxelGame/src/server/IntegratedServer.cpp,1208,129603680505,2054571,19,
ItemEntityTick,/Users/obey/Desktop/MyVoxelGame/src/server/IntegratedServer.cpp,1208,129842680402,696196,19,
ItemEntityTick,/Users/obey/Desktop/MyVoxelGame/src/server/IntegratedServer.cpp,1208,130105150258,906027,19,
ItemEntityTick,/Users/obey/Desktop/MyVoxelGame/src/server/IntegratedServer.cpp,1208,130329050412,693821,19,
ItemEntityTick,/Users/obey/Desktop/MyVoxelGame/src/server/IntegratedServer.cpp,1208,130563462487,891111,19,
ItemEntityTick,/Users/obey/Desktop/MyVoxelGame/src/server/IntegratedServer.cpp,1208,130829042779,850117,19,
ItemEntityTick,/Users/obey/Desktop/MyVoxelGame/src/server/IntegratedServer.cpp,1208,131161630452,715505,19,
ItemEntityTick,/Users/obey/Desktop/MyVoxelGame/src/server/IntegratedServer.cpp,1208,131348200146,617059,19,
ItemEntityTick,/Users/obey/Desktop/MyVoxelGame/src/server/IntegratedServer.cpp,1208,131542929075,732172,19,
ItemEntityTick,/Users/obey/Desktop/MyVoxelGame/src/server/IntegratedServer.cpp,1208,131836514780,1025790,19,
ItemEntityTick,/Users/obey/Desktop/MyVoxelGame/src/server/IntegratedServer.cpp,1208,132078841076,730588,19,
ItemEntityTick,/Users/obey/Desktop/MyVoxelGame/src/server/IntegratedServer.cpp,1208,132364053214,2184849,19,
ItemEntityTick,/Users/obey/Desktop/MyVoxelGame/src/server/IntegratedServer.cpp,1208,132728656537,913027,19,
ItemEntityTick,/Users/obey/Desktop/MyVoxelGame/src/server/IntegratedServer.cpp,1208,132991097518,1136275,19,
ItemEntityTick,/Users/obey/Desktop/MyVoxelGame/src/server/IntegratedServer.cpp,1208,133337895008,1035681,19,
ItemEntityTick,/Users/obey/Desktop/MyVoxelGame/src/server/IntegratedServer.cpp,1208,133636598041,942045,19,
ItemEntityTick,/Users/obey/Desktop/MyVoxelGame/src/server/IntegratedServer.cpp,1208,133924247336,817874,19,
ItemEntityTick,/Users/obey/Desktop/MyVoxelGame/src/server/IntegratedServer.cpp,1208,134209893262,966920,19,
ItemEntityTick,/Users/obey/Desktop/MyVoxelGame/src/server/IntegratedServer.cpp,1208,134470884108,874867,19,
ItemEntityTick,/Users/obey/Desktop/MyVoxelGame/src/server/IntegratedServer.cpp,1208,134763946640,978353,19,
ItemEntityTick,/Users/obey/Desktop/MyVoxelGame/src/server/IntegratedServer.cpp,1208,135038432589,847368,19,
ItemEntityTick,/Users/obey/Desktop/MyVoxelGame/src/server/IntegratedServer.cpp,1208,135293538209,1078299,19,
ItemEntityTick,/Users/obey/Desktop/MyVoxelGame/src/server/IntegratedServer.cpp,1208,135516905938,778523,19,
ItemEntityTick,/Users/obey/Desktop/MyVoxelGame/src/server/IntegratedServer.cpp,1208,135783694541,815682,19,
ItemEntityTick,/Users/obey/Desktop/MyVoxelGame/src/server/IntegratedServer.cpp,1208,136023419217,755773,19,
ItemEntityTick,/Users/obey/Desktop/MyVoxelGame/src/server/IntegratedServer.cpp,1208,136303596746,806724,19,
ItemEntityTick,/Users/obey/Desktop/MyVoxelGame/src/server/IntegratedServer.cpp,1208,136599453145,712779,19,
ItemEntityTick,/Users/obey/Desktop/MyVoxelGame/src/server/IntegratedServer.cpp,1208,136856756239,935753,19,
ItemEntityTick,/Users/obey/Desktop/MyVoxelGame/src/server/IntegratedServer.cpp,1208,137179927371,919485,19,
ItemEntityTick,/Users/obey/Desktop/MyVoxelGame/src/server/IntegratedServer.cpp,1208,137443671841,940628,19,
ItemEntityTick,/Users/obey/Desktop/MyVoxelGame/src/server/IntegratedServer.cpp,1208,137727146644,956628,19,
ItemEntityTick,/Users/obey/Desktop/MyVoxelGame/src/server/IntegratedServer.cpp,1208,138006076036,810082,19,
ItemEntityTick,/Users/obey/Desktop/MyVoxelGame/src/server/IntegratedServer.cpp,1208,138295298935,977396,19,
ItemEntityTick,/Users/obey/Desktop/MyVoxelGame/src/server/IntegratedServer.cpp,1208,138561363258,883510,19,
ItemEntityTick,/Users/obey/Desktop/MyVoxelGame/src/server/IntegratedServer.cpp,1208,138822686090,879617,19,
ItemEntityTick,/Users/obey/Desktop/MyVoxelGame/src/server/IntegratedServer.cpp,1208,139121242202,847933,19,
ItemEntityTick,/Users/obey/Desktop/MyVoxelGame/src/server/IntegratedServer.cpp,1208,139394820209,881259,19,
ItemEntityTick,/Users/obey/Desktop/MyVoxelGame/src/server/IntegratedServer.cpp,1208,139670297780,834516,19,
ItemEntityTick,/Users/obey/Desktop/MyVoxelGame/src/server/IntegratedServer.cpp,1208,139984020880,856450,19,
ItemEntityTick,/Users/obey/Desktop/MyVoxelGame/src/server/IntegratedServer.cpp,1208,140239577097,846533,19,
ItemEntityTick,/Users/obey/Desktop/MyVoxelGame/src/server/IntegratedServer.cpp,1208,140552374752,879467,19,
ItemEntityTick,/Users/obey/Desktop/MyVoxelGame/src/server/IntegratedServer.cpp,1208,140812171995,960397,19,
ItemEntityTick,/Users/obey/Desktop/MyVoxelGame/src/server/IntegratedServer.cpp,1208,141107330365,984270,19,
ItemEntityTick,/Users/obey/Desktop/MyVoxelGame/src/server/IntegratedServer.cpp,1208,141362291063,914070,19,
ItemEntityTick,/Users/obey/Desktop/MyVoxelGame/src/server/IntegratedServer.cpp,1208,141636575742,912985,19,
ItemEntityTick,/Users/obey/Desktop/MyVoxelGame/src/server/IntegratedServer.cpp,1208,141920824191,788040,19,
ItemEntityTick,/Users/obey/Desktop/MyVoxelGame/src/server/IntegratedServer.cpp,1208,142185715580,1071366,19,
ItemEntityTick,/Users/obey/Desktop/MyVoxelGame/src/server/IntegratedServer.cpp,1208,142445323134,1010623,19,
ItemEntityTick,/Users/obey/Desktop/MyVoxelGame/src/server/IntegratedServer.cpp,1208,142725218172,949920,19,
ItemEntityTick,/Users/obey/Desktop/MyVoxelGame/src/server/IntegratedServer.cpp,1208,143007303708,907110,19,
ItemEntityTick,/Users/obey/Desktop/MyVoxelGame/src/server/IntegratedServer.cpp,1208,143275729594,796499,19,
ItemEntityTick,/Users/obey/Desktop/MyVoxelGame/src/server/IntegratedServer.cpp,1208,143551975313,918152,19,
ItemEntityTick,/Users/obey/Desktop/MyVoxelGame/src/server/IntegratedServer.cpp,1208,143828323836,927753,19,
ItemEntityTick,/Users/obey/Desktop/MyVoxelGame/src/server/IntegratedServer.cpp,1208,144086208197,932111,19,
ItemEntityTick,/Users/obey/Desktop/MyVoxelGame/src/server/IntegratedServer.cpp,1208,144356410811,919903,19,
ItemEntityTick,/Users/obey/Desktop/MyVoxelGame/src/server/IntegratedServer.cpp,1208,144629859955,993455,19,
ItemEntityTick,/Users/obey/Desktop/MyVoxelGame/src/server/IntegratedServer.cpp,1208,144905425496,937962,19,
ItemEntityTick,/Users/obey/Desktop/MyVoxelGame/src/server/IntegratedServer.cpp,1208,145187330468,1032223,19,
ItemEntityTick,/Users/obey/Desktop/MyVoxelGame/src/server/IntegratedServer.cpp,1208,145460120034,886177,19,
ItemEntityTick,/Users/obey/Desktop/MyVoxelGame/src/server/IntegratedServer.cpp,1208,145739252549,921902,19,
ItemEntityTick,/Users/obey/Desktop/MyVoxelGame/src/server/IntegratedServer.cpp,1208,145993302512,853617,19,
ItemEntityTick,/Users/obey/Desktop/MyVoxelGame/src/server/IntegratedServer.cpp,1208,146270588204,904860,19,
ItemEntityTick,/Users/obey/Desktop/MyVoxelGame/src/server/IntegratedServer.cpp,1208,146545248986,709404,19,
ItemEntityTick,/Users/obey/Desktop/MyVoxelGame/src/server/IntegratedServer.cpp,1208,146808334485,892195,19,
ItemEntityTick,/Users/obey/Desktop/MyVoxelGame/src/server/IntegratedServer.cpp,1208,147082988707,1007747,19,
ItemEntityTick,/Users/obey/Desktop/MyVoxelGame/src/server/IntegratedServer.cpp,1208,147357097487,867135,19,
ItemEntityTick,/Users/obey/Desktop/MyVoxelGame/src/server/IntegratedServer.cpp,1208,147607709982,866467,19,
ItemEntityTick,/Users/obey/Desktop/MyVoxelGame/src/server/IntegratedServer.cpp,1208,147853231040,1015972,19,
ItemEntityTick,/Users/obey/Desktop/MyVoxelGame/src/server/IntegratedServer.cpp,1208,148136524319,942004,19,
ItemEntityTick,/Users/obey/Desktop/MyVoxelGame/src/server/IntegratedServer.cpp,1208,148420297007,952961,19,
ItemEntityTick,/Users/obey/Desktop/MyVoxelGame/src/server/IntegratedServer.cpp,1208,148698191593,869218,19,
ItemEntityTick,/Users/obey/Desktop/MyVoxelGame/src/server/IntegratedServer.cpp,1208,148950598165,837974,19,
ItemEntityTick,/Users/obey/Desktop/MyVoxelGame/src/server/IntegratedServer.cpp,1208,149237582323,938461,19,
ItemEntityTick,/Users/obey/Desktop/MyVoxelGame/src/server/IntegratedServer.cpp,1208,149497715427,897760,19,
ItemEntityTick,/Users/obey/Desktop/MyVoxelGame/src/server/IntegratedServer.cpp,1208,149753601920,894509,19,
ItemEntityTick,/Users/obey/Desktop/MyVoxelGame/src/server/IntegratedServer.cpp,1208,150001897119,1047098,19,
ItemEntityTick,/Users/obey/Desktop/MyVoxelGame/src/server/IntegratedServer.cpp,1208,150303493073,1030538,19,
ItemEntityTick,/Users/obey/Desktop/MyVoxelGame/src/server/IntegratedServer.cpp,1208,150590664753,946045,19,
ItemEntityTick,/Users/obey/Desktop/MyVoxelGame/src/server/IntegratedServer.cpp,1208,150839582595,880344,19,
ItemEntityTick,/Users/obey/Desktop/MyVoxelGame/src/server/IntegratedServer.cpp,1208,151173232509,937920,19,
ItemEntityTick,/Users/obey/Desktop/MyVoxelGame/src/server/IntegratedServer.cpp,1208,151461549023,1004205,19,
ItemEntityTick,/Users/obey/Desktop/MyVoxelGame/src/server/IntegratedServer.cpp,1208,151727591871,960003,19,
ItemEntityTick,/Users/obey/Desktop/MyVoxelGame/src/server/IntegratedServer.cpp,1208,152005614277,995312,19,
ItemEntityTick,/Users/obey/Desktop/MyVoxelGame/src/server/IntegratedServer.cpp,1208,152273216938,974170,19,
ItemEntityTick,/Users/obey/Desktop/MyVoxelGame/src/server/IntegratedServer.cpp,1208,152522240351,952045,19,
ItemEntityTick,/Users/obey/Desktop/MyVoxelGame/src/server/IntegratedServer.cpp,1208,152809075171,938236,19,
ItemEntityTick,/Users/obey/Desktop/MyVoxelGame/src/server/IntegratedServer.cpp,1208,153092039633,985521,19,
ItemEntityTick,/Users/obey/Desktop/MyVoxelGame/src/server/IntegratedServer.cpp,1208,153360755343,972230,19,
ItemEntityTick,/Users/obey/Desktop/MyVoxelGame/src/server/IntegratedServer.cpp,1208,153623502459,941629,19,
ItemEntityTick,/Users/obey/Desktop/MyVoxelGame/src/server/IntegratedServer.cpp,1208,153907807236,957837,19,
ItemEntityTick,/Users/obey/Desktop/MyVoxelGame/src/server/IntegratedServer.cpp,1208,154173050609,893903,19,
ItemEntityTick,/Users/obey/Desktop/MyVoxelGame/src/server/IntegratedServer.cpp,1208,154441765004,886177,19,
ItemEntityTick,/Users/obey/Desktop/MyVoxelGame/src/server/IntegratedServer.cpp,1208,154720184347,889843,19,
ItemEntityTick,/Users/obey/Desktop/MyVoxelGame/src/server/IntegratedServer.cpp,1208,154971752010,904236,19,
ItemEntityTick,/Users/obey/Desktop/MyVoxelGame/src/server/IntegratedServer.cpp,1208,155237055770,1035765,19,
ItemEntityTick,/Users/obey/Desktop/MyVoxelGame/src/server/IntegratedServer.cpp,1208,155514421706,883885,19,
ItemEntityTick,/Users/obey/Desktop/MyVoxelGame/src/server/IntegratedServer.cpp,1208,155812652225,980813,19,
ItemEntityTick,/Users/obey/Desktop/MyVoxelGame/src/server/IntegratedServer.cpp,1208,156085975216,856950,19,
ItemEntityTick,/Users/obey/Desktop/MyVoxelGame/src/server/IntegratedServer.cpp,1208,156355066280,1014747,19,
ItemEntityTick,/Users/obey/Desktop/MyVoxelGame/src/server/IntegratedServer.cpp,1208,156597585681,935378,19,
ItemEntityTick,/Users/obey/Desktop/MyVoxelGame/src/server/IntegratedServer.cpp,1208,156991458880,1023789,19,
ItemEntityTick,/Users/obey/Desktop/MyVoxelGame/src/server/IntegratedServer.cpp,1208,157279331089,809624,19,
ItemEntityTick,/Users/obey/Desktop/MyVoxelGame/src/server/IntegratedServer.cpp,1208,157552578837,933068,19,
ItemEntityTick,/Users/obey/Desktop/MyVoxelGame/src/server/IntegratedServer.cpp,1208,157816707576,1003455,19,
ItemEntityTick,/Users/obey/Desktop/MyVoxelGame/src/server/IntegratedServer.cpp,1208,158088868399,992645,19,
ItemEntityTick,/Users/obey/Desktop/MyVoxelGame/src/server/IntegratedServer.cpp,1208,158365206963,911068,19,
ItemEntityTick,/Users/obey/Desktop/MyVoxelGame/src/server/IntegratedServer.cpp,1208,158638793528,895177,19,
ItemEntityTick,/Users/obey/Desktop/MyVoxelGame/src/server/IntegratedServer.cpp,1208,158927073632,1074116,19,
ItemEntityTick,/Users/obey/Desktop/MyVoxelGame/src/server/IntegratedServer.cpp,1208,159196730679,1058865,19,
ItemEntityTick,/Users/obey/Desktop/MyVoxelGame/src/server/IntegratedServer.cpp,1208,159463752756,942837,19,
ItemEntityTick,/Users/obey/Desktop/MyVoxelGame/src/server/IntegratedServer.cpp,1208,159711095993,894635,19,
ItemEntityTick,/Users/obey/Desktop/MyVoxelGame/src/server/IntegratedServer.cpp,1208,159979776770,826517,19,
ItemEntityTick,/Users/obey/Desktop/MyVoxelGame/src/server/IntegratedServer.cpp,1208,160184448848,717862,19,
ItemEntityTick,/Users/obey/Desktop/MyVoxelGame/src/server/IntegratedServer.cpp,1208,160415362068,917360,19,
ItemEntityTick,/Users/obey/Desktop/MyVoxelGame/src/server/IntegratedServer.cpp,1208,160705086849,1100841,19,
ItemEntityTick,/Users/obey/Desktop/MyVoxelGame/src/server/IntegratedServer.cpp,1208,160970687183,867802,19,
ItemEntityTick,/Users/obey/Desktop/MyVoxelGame/src/server/IntegratedServer.cpp,1208,161253025961,880343,19,
ItemEntityTick,/Users/obey/Desktop/MyVoxelGame/src/server/IntegratedServer.cpp,1208,161526835399,726255,19,
ItemEntityTick,/Users/obey/Desktop/MyVoxelGame/src/server/IntegratedServer.cpp,1208,161785895303,919612,19,
ItemEntityTick,/Users/obey/Desktop/MyVoxelGame/src/server/IntegratedServer.cpp,1208,162035058430,936568,19,
ItemEntityTick,/Users/obey/Desktop/MyVoxelGame/src/server/IntegratedServer.cpp,1208,162392476937,1047365,19,
ItemEntityTick,/Users/obey/Desktop/MyVoxelGame/src/server/IntegratedServer.cpp,1208,162657196445,1037848,19,
ItemEntityTick,/Users/obey/Desktop/MyVoxelGame/src/server/IntegratedServer.cpp,1208,162865896950,693780,19,
ItemEntityTick,/Users/obey/Desktop/MyVoxelGame/src/server/IntegratedServer.cpp,1208,163089963084,893510,19,
ItemEntityTick,/Users/obey/Desktop/MyVoxelGame/src/server/IntegratedServer.cpp,1208,163418844112,1057157,19,
ItemEntityTick,/Users/obey/Desktop/MyVoxelGame/src/server/IntegratedServer.cpp,1208,163704062541,871677,19,
ItemEntityTick,/Users/obey/Desktop/MyVoxelGame/src/server/IntegratedServer.cpp,1208,163974733395,934777,19,
ItemEntityTick,/Users/obey/Desktop/MyVoxelGame/src/server/IntegratedServer.cpp,1208,164292384888,943461,19,
ItemEntityTick,/Users/obey/Desktop/MyVoxelGame/src/server/IntegratedServer.cpp,1208,164581923004,914487,19,
ItemEntityTick,/Users/obey/Desktop/MyVoxelGame/src/server/IntegratedServer.cpp,1208,164844649894,684238,19,
ItemEntityTick,/Users/obey/Desktop/MyVoxelGame/src/server/IntegratedServer.cpp,1208,165106027386,923568,19,
ItemEntityTick,/Users/obey/Desktop/MyVoxelGame/src/server/IntegratedServer.cpp,1208,165394754503,919903,19,
ItemEntityTick,/Users/obey/Desktop/MyVoxelGame/src/server/IntegratedServer.cpp,1208,165667586754,935878,19,
ItemEntityTick,/Users/obey/Desktop/MyVoxelGame/src/server/IntegratedServer.cpp,1208,165936725335,977897,19,
ItemEntityTick,/Users/obey/Desktop/MyVoxelGame/src/server/IntegratedServer.cpp,1208,166208830266,957962,19,
ItemEntityTick,/Users/obey/Desktop/MyVoxelGame/src/server/IntegratedServer.cpp,1208,166451539497,1045181,19,
ItemEntityTick,/Users/obey/Desktop/MyVoxelGame/src/server/IntegratedServer.cpp,1208,166743292772,1055533,19,
ItemEntityTick,/Users/obey/Desktop/MyVoxelGame/src/server/IntegratedServer.cpp,1208,167021327863,982853,19,
ItemEntityTick,/Users/obey/Desktop/MyVoxelGame/src/server/IntegratedServer.cpp,1208,167290617532,946754,19,
ItemEntityTick,/Users/obey/Desktop/MyVoxelGame/src/server/IntegratedServer.cpp,1208,167558862312,1001729,19,
ItemEntityTick,/Users/obey/Desktop/MyVoxelGame/src/server/IntegratedServer.cpp,1208,167808923574,1088073,19,
ItemEntityTick,/Users/obey/Desktop/MyVoxelGame/src/server/IntegratedServer.cpp,1208,168097613655,891654,19,
ItemEntityTick,/Users/obey/Desktop/MyVoxelGame/src/server/IntegratedServer.cpp,1208,168365910263,936295,19,
ItemEntityTick,/Users/obey/Desktop/MyVoxelGame/src/server/IntegratedServer.cpp,1208,168640497283,964879,19,
ItemEntityTick,/Users/obey/Desktop/MyVoxelGame/src/server/IntegratedServer.cpp,1208,168903524289,986831,19,
ItemEntityTick,/Users/obey/Desktop/MyVoxelGame/src/server/IntegratedServer.cpp,1208,169190835725,1022472,19,
ItemEntityTick,/Users/obey/Desktop/MyVoxelGame/src/server/IntegratedServer.cpp,1208,169478999902,767980,19,
ItemEntityTick,/Users/obey/Desktop/MyVoxelGame/src/server/IntegratedServer.cpp,1208,169739688862,1016706,19,
ItemEntityTick,/Users/obey/Desktop/MyVoxelGame/src/server/IntegratedServer.cpp,1208,170024446571,1048680,19,
ItemEntityTick,/Users/obey/Desktop/MyVoxelGame/src/server/IntegratedServer.cpp,1208,170309638066,1070074,19,
ItemEntityTick,/Users/obey/Desktop/MyVoxelGame/src/server/IntegratedServer.cpp,1208,170570871220,1035390,19,
ItemEntityTick,/Users/obey/Desktop/MyVoxelGame/src/server/IntegratedServer.cpp,1208,170887808498,995081,19,
ItemEntityTick,/Users/obey/Desktop/MyVoxelGame/src/server/IntegratedServer.cpp,1208,171158352448,1026246,19,
ItemEntityTick,/Users/obey/Desktop/MyVoxelGame/src/server/IntegratedServer.cpp,1208,171433947073,1109733,19,
ItemEntityTick,/Users/obey/Desktop/MyVoxelGame/src/server/IntegratedServer.cpp,1208,171740940888,1078448,19,
ItemEntityTick,/Users/obey/Desktop/MyVoxelGame/src/server/IntegratedServer.cpp,1208,171998309059,891777,19,
ItemEntityTick,/Users/obey/Desktop/MyVoxelGame/src/server/IntegratedServer.cpp,1208,172304622320,1172043,19,
ItemEntityTick,/Users/obey/Desktop/MyVoxelGame/src/server/IntegratedServer.cpp,1208,172569487399,1041765,19,
ItemEntityTick,/Users/obey/Desktop/MyVoxelGame/src/server/IntegratedServer.cpp,1208,172848639622,1069532,19,
ItemEntityTick,/Users/obey/Desktop/MyVoxelGame/src/server/IntegratedServer.cpp,1208,173121828750,785040,19,
ItemEntityTick,/Users/obey/Desktop/MyVoxelGame/src/server/IntegratedServer.cpp,1208,173361060187,1084425,19,
ItemEntityTick,/Users/obey/Desktop/MyVoxelGame/src/server/IntegratedServer.cpp,1208,173740801688,950253,19,
ItemEntityTick,/Users/obey/Desktop/MyVoxelGame/src/server/IntegratedServer.cpp,1208,174022233104,1159126,19,
ItemEntityTick,/Users/obey/Desktop/MyVoxelGame/src/server/IntegratedServer.cpp,1208,174331637933,1053640,19,
ItemEntityTick,/Users/obey/Desktop/MyVoxelGame/src/server/IntegratedServer.cpp,1208,174586616858,973229,19,
ItemEntityTick,/Users/obey/Desktop/MyVoxelGame/src/server/IntegratedServer.cpp,1208,174849233761,1186477,19,
ItemEntityTick,/Users/obey/Desktop/MyVoxelGame/src/server/IntegratedServer.cpp,1208,175145957484,1247222,19,
ItemEntityTick,/Users/obey/Desktop/MyVoxelGame/src/server/IntegratedServer.cpp,1208,175419465515,1097508,19,
ItemEntityTick,/Users/obey/Desktop/MyVoxelGame/src/server/IntegratedServer.cpp,1208,175699646628,825599,19,
ItemEntityTick,/Users/obey/Desktop/MyVoxelGame/src/server/IntegratedServer.cpp,1208,175971394911,1000080,19,
ItemEntityTick,/Users/obey/Desktop/MyVoxelGame/src/server/IntegratedServer.cpp,1208,176234546380,1056324,19,
ItemEntityTick,/Users/obey/Desktop/MyVoxelGame/src/server/IntegratedServer.cpp,1208,176477265422,824724,19,
ItemEntityTick,/Users/obey/Desktop/MyVoxelGame/src/server/IntegratedServer.cpp,1208,176686722741,881344,19,
ItemEntityTick,/Users/obey/Desktop/MyVoxelGame/src/server/IntegratedServer.cpp,1208,176900204191,814124,19,
ItemEntityTick,/Users/obey/Desktop/MyVoxelGame/src/server/IntegratedServer.cpp,1208,177166788254,1137026,19,
ItemEntityTick,/Users/obey/Desktop/MyVoxelGame/src/server/IntegratedServer.cpp,1208,177447433839,957688,19,
ItemEntityTick,/Users/obey/Desktop/MyVoxelGame/src/server/IntegratedServer.cpp,1208,177726785811,1089590,19,
ItemEntityTick,/Users/obey/Desktop/MyVoxelGame/src/server/IntegratedServer.cpp,1208,178046301584,1113674,19,
ItemEntityTick,/Users/obey/Desktop/MyVoxelGame/src/server/IntegratedServer.cpp,1208,178308792458,1189477,19,
ItemEntityTick,/Users/obey/Desktop/MyVoxelGame/src/server/IntegratedServer.cpp,1208,178564753212,982438,19,
ItemEntityTick,/Users/obey/Desktop/MyVoxelGame/src/server/IntegratedServer.cpp,1208,178828014859,1041890,19,
ItemEntityTick,/Users/obey/Desktop/MyVoxelGame/src/server/IntegratedServer.cpp,1208,179104894824,1067906,19,
ItemEntityTick,/Users/obey/Desktop/MyVoxelGame/src/server/IntegratedServer.cpp,1208,179371166169,1157960,19,
ItemEntityTick,/Users/obey/Desktop/MyVoxelGame/src/server/IntegratedServer.cpp,1208,179655526482,1006330,19,
ItemEntityTick,/Users/obey/Desktop/MyVoxelGame/src/server/IntegratedServer.cpp,1208,179911759585,873426,19,
ItemEntityTick,/Users/obey/Desktop/MyVoxelGame/src/server/IntegratedServer.cpp,1208,180184940338,1059865,19,
ItemEntityTick,/Users/obey/Desktop/MyVoxelGame/src/server/IntegratedServer.cpp,1208,180453348290,1145835,19,
ItemEntityTick,/Users/obey/Desktop/MyVoxelGame/src/server/IntegratedServer.cpp,1208,180737430443,922737,19,
ItemEntityTick,/Users/obey/Desktop/MyVoxelGame/src/server/IntegratedServer.cpp,1208,181031564215,1052282,19,
ItemEntityTick,/Users/obey/Desktop/MyVoxelGame/src/server/IntegratedServer.cpp,1208,181329759325,710589,19,
ItemEntityTick,/Users/obey/Desktop/MyVoxelGame/src/server/IntegratedServer.cpp,1208,181562114223,1156084,19,
ItemEntityTick,/Users/obey/Desktop/MyVoxelGame/src/server/IntegratedServer.cpp,1208,181877600551,981104,19,
ItemEntityTick,/Users/obey/Desktop/MyVoxelGame/src/server/IntegratedServer.cpp,1208,182157243430,1048615,19,
ItemEntityTick,/Users/obey/Desktop/MyVoxelGame/src/server/IntegratedServer.cpp,1208,182407484963,967728,19,
ItemEntityTick,/Users/obey/Desktop/MyVoxelGame/src/server/IntegratedServer.cpp,1208,182773494945,1036763,19,
ItemEntityTick,/Users/obey/Desktop/MyVoxelGame/src/server/IntegratedServer.cpp,1208,183067193720,952128,19,
ItemEntityTick,/Users/obey/Desktop/MyVoxelGame/src/server/IntegratedServer.cpp,1208,183321168690,976853,19,
ItemEntityTick,/Users/obey/Desktop/MyVoxelGame/src/server/IntegratedServer.cpp,1208,183681026287,929569,19,
ItemEntityTick,/Users/obey/Desktop/MyVoxelGame/src/server/IntegratedServer.cpp,1208,183977693059,1104258,19,
ItemEntityTick,/Users/obey/Desktop/MyVoxelGame/src/server/IntegratedServer.cpp,1208,184243868643,1052807,19,
ItemEntityTick,/Users/obey/Desktop/MyVoxelGame/src/server/IntegratedServer.cpp,1208,184494467329,870593,19,
ItemEntityTick,/Users/obey/Desktop/MyVoxelGame/src/server/IntegratedServer.cpp,1208,184788849508,939795,19,
ItemEntityTick,/Users/obey/Desktop/MyVoxelGame/src/server/IntegratedServer.cpp,1208,185067589401,1091342,19,
ItemEntityTick,/Users/obey/Desktop/MyVoxelGame/src/server/IntegratedServer.cpp,1208,185351301387,1192769,19,
ItemEntityTick,/Users/obey/Desktop/MyVoxelGame/src/server/IntegratedServer.cpp,1208,185600846683,916652,19,
ItemEntityTick,/Users/obey/Desktop/MyVoxelGame/src/server/IntegratedServer.cpp,1208,185894643468,1061532,19,
ItemEntityTick,/Users/obey/Desktop/MyVoxelGame/src/server/IntegratedServer.cpp,1208,186175236577,1021663,19,
ItemEntityTick,/Users/obey/Desktop/MyVoxelGame/src/server/IntegratedServer.cpp,1208,186465048519,1130066,19,
ItemEntityTick,/Users/obey/Desktop/MyVoxelGame/src/server/IntegratedServer.cpp,1208,186721055416,1043140,19,
ItemEntityTick,/Users/obey/Desktop/MyVoxelGame/src/server/IntegratedServer.cpp,1208,187048204042,911653,19,
ItemEntityTick,/Users/obey/Desktop/MyVoxelGame/src/server/IntegratedServer.cpp,1208,187322888407,1070323,19,
ItemEntityTick,/Users/obey/Desktop/MyVoxelGame/src/server/IntegratedServer.cpp,1208,187640635077,1029848,19,
ItemEntityTick,/Users/obey/Desktop/MyVoxelGame/src/server/IntegratedServer.cpp,1208,187909307979,1184561,19,
ItemEntityTick,/Users/obey/Desktop/MyVoxelGame/src/server/IntegratedServer.cpp,1208,188210641733,819099,19,
ItemEntityTick,/Users/obey/Desktop/MyVoxelGame/src/server/IntegratedServer.cpp,1208,188466981490,1054723,19,
ItemEntityTick,/Users/obey/Desktop/MyVoxelGame/src/server/IntegratedServer.cpp,1208,188780158899,780832,19,
ItemEntityTick,/Users/obey/Desktop/MyVoxelGame/src/server/IntegratedServer.cpp,1208,189020044429,849725,19,
ItemEntityTick,/Users/obey/Desktop/MyVoxelGame/src/server/IntegratedServer.cpp,1208,189301402751,1059824,19,
ItemEntityTick,/Users/obey/Desktop/MyVoxelGame/src/server/IntegratedServer.cpp,1208,189612700213,949628,19,
ItemEntityTick,/Users/obey/Desktop/MyVoxelGame/src/server/IntegratedServer.cpp,1208,189891129056,936878,19,
ItemEntityTick,/Users/obey/Desktop/MyVoxelGame/src/server/IntegratedServer.cpp,1208,190173735074,1120758,19,
ItemEntityTick,/Users/obey/Desktop/MyVoxelGame/src/server/IntegratedServer.cpp,1208,190498716453,741463,19,
ItemEntityTick,/Users/obey/Desktop/MyVoxelGame/src/server/IntegratedServer.cpp,1208,190770257030,1120151,19,
ItemEntityTick,/Users/obey/Desktop/MyVoxelGame/src/server/IntegratedServer.cpp,1208,191077494445,780749,19,
ItemEntityTick,/Users/obey/Desktop/MyVoxelGame/src/server/IntegratedServer.cpp,1208,191361894192,892985,19,
ItemEntityTick,/Users/obey/Desktop/MyVoxelGame/src/server/IntegratedServer.cpp,1208,191626551956,1030164,19,
ItemEntityTick,/Users/obey/Desktop/MyVoxelGame/src/server/IntegratedServer.cpp,1208,191846575485,859950,19,
ItemEntityTick,/Users/obey/Desktop/MyVoxelGame/src/server/IntegratedServer.cpp,1208,192171850497,1086157,19,
ItemEntityTick,/Users/obey/Desktop/MyVoxelGame/src/server/IntegratedServer.cpp,1208,192472589750,1050181,19,
ItemEntityTick,/Users/obey/Desktop/MyVoxelGame/src/server/IntegratedServer.cpp,1208,192739038493,965212,19,
ItemEntityTick,/Users/obey/Desktop/MyVoxelGame/src/server/IntegratedServer.cpp,1208,193001253292,1095008,19,
ItemEntityTick,/Users/obey/Desktop/MyVoxelGame/src/server/IntegratedServer.cpp,1208,193289878632,1037056,19,
ItemEntityTick,/Users/obey/Desktop/MyVoxelGame/src/server/IntegratedServer.cpp,1208,193575426754,1097051,19,
ItemEntityTick,/Users/obey/Desktop/MyVoxelGame/src/server/IntegratedServer.cpp,1208,193835378045,979979,19,
ItemEntityTick,/Users/obey/Desktop/MyVoxelGame/src/server/IntegratedServer.cpp,1208,194158804735,1106484,19,
ItemEntityTick,/Users/obey/Desktop/MyVoxelGame/src/server/IntegratedServer.cpp,1208,194426148588,1011415,19,
ItemEntityTick,/Users/obey/Desktop/MyVoxelGame/src/server/IntegratedServer.cpp,1208,194729302755,869218,19,
ItemEntityTick,/Users/obey/Desktop/MyVoxelGame/src/server/IntegratedServer.cpp,1208,195008359943,1125025,19,
ItemEntityTick,/Users/obey/Desktop/MyVoxelGame/src/server/IntegratedServer.cpp,1208,195308025605,1119067,19,
ItemEntityTick,/Users/obey/Desktop/MyVoxelGame/src/server/IntegratedServer.cpp,1208,195610764043,1099590,19,
ItemEntityTick,/Users/obey/Desktop/MyVoxelGame/src/server/IntegratedServer.cpp,1208,195908715945,1126550,19,
ItemEntityTick,/Users/obey/Desktop/MyVoxelGame/src/server/IntegratedServer.cpp,1208,196180719471,967920,19,
ItemEntityTick,/Users/obey/Desktop/MyVoxelGame/src/server/IntegratedServer.cpp,1208,196482551714,833684,19,
ItemEntityTick,/Users/obey/Desktop/MyVoxelGame/src/server/IntegratedServer.cpp,1208,196764860016,1031580,19,
ItemEntityTick,/Users/obey/Desktop/MyVoxelGame/src/server/IntegratedServer.cpp,1208,197042337647,1103341,19,
ItemEntityTick,/Users/obey/Desktop/MyVoxelGame/src/server/IntegratedServer.cpp,1208,197325005100,1069675,19,
ItemEntityTick,/Users/obey/Desktop/MyVoxelGame/src/server/IntegratedServer.cpp,1208,197599164832,795082,19,
ItemEntityTick,/Users/obey/Desktop/MyVoxelGame/src/server/IntegratedServer.cpp,1208,197893039089,1029723,19,
ItemEntityTick,/Users/obey/Desktop/MyVoxelGame/src/server/IntegratedServer.cpp,1208,198200520585,914943,19,
ItemEntityTick,/Users/obey/Desktop/MyVoxelGame/src/server/IntegratedServer.cpp,1208,198503759488,1084782,19,
ItemEntityTick,/Users/obey/Desktop/MyVoxelGame/src/server/IntegratedServer.cpp,1208,198765768456,788915,19,
ItemEntityTick,/Users/obey/Desktop/MyVoxelGame/src/server/IntegratedServer.cpp,1208,199025604442,981605,19,
ItemEntityTick,/Users/obey/Desktop/MyVoxelGame/src/server/IntegratedServer.cpp,1208,199290502539,1174210,19,
ItemEntityTick,/Users/obey/Desktop/MyVoxelGame/src/server/IntegratedServer.cpp,1208,199595558980,824349,19,
ItemEntityTick,/Users/obey/Desktop/MyVoxelGame/src/server/IntegratedServer.cpp,1208,199880729540,1106609,19,
ItemEntityTick,/Users/obey/Desktop/MyVoxelGame/src/server/IntegratedServer.cpp,1208,200153762580,1133817,19,
ItemEntityTick,/Users/obey/Desktop/MyVoxelGame/src/server/IntegratedServer.cpp,1208,200420533308,1265139,19,
ItemEntityTick,/Users/obey/Desktop/MyVoxelGame/src/server/IntegratedServer.cpp,1208,200726769751,1004371,19,
ItemEntityTick,/Users/obey/Desktop/MyVoxelGame/src/server/IntegratedServer.cpp,1208,200987721245,1110235,19,
ItemEntityTick,/Users/obey/Desktop/MyVoxelGame/src/server/IntegratedServer.cpp,1208,201284682277,1113984,19,
ItemEntityTick,/Users/obey/Desktop/MyVoxelGame/src/server/IntegratedServer.cpp,1208,201567590578,1072800,19,
ItemEntityTick,/Users/obey/Desktop/MyVoxelGame/src/server/IntegratedServer.cpp,1208,201854999649,1039723,19,
ItemEntityTick,/Users/obey/Desktop/MyVoxelGame/src/server/IntegratedServer.cpp,1208,202135418236,1135067,19,
ItemEntityTick,/Users/obey/Desktop/MyVoxelGame/src/server/IntegratedServer.cpp,1208,202372180624,1158668,19,
ItemEntityTick,/Users/obey/Desktop/MyVoxelGame/src/server/IntegratedServer.cpp,1208,202641185843,1033348,19,
ItemEntityTick,/Users/obey/Desktop/MyVoxelGame/src/server/IntegratedServer.cpp,1208,202918624790,1000163,19,
ItemEntityTick,/Users/obey/Desktop/MyVoxelGame/src/server/IntegratedServer.cpp,1208,203189427547,1124691,19,
ItemEntityTick,/Users/obey/Desktop/MyVoxelGame/src/server/IntegratedServer.cpp,1208,203490527160,1166894,19,
ItemEntityTick,/Users/obey/Desktop/MyVoxelGame/src/server/IntegratedServer.cpp,1208,203754058566,1177501,19,
ItemEntityTick,/Users/obey/Desktop/MyVoxelGame/src/server/IntegratedServer.cpp,1208,204013086353,856802,19,
ItemEntityTick,/Users/obey/Desktop/MyVoxelGame/src/server/IntegratedServer.cpp,1208,204202337302,719530,19,
ItemEntityTick,/Users/obey/Desktop/MyVoxelGame/src/server/IntegratedServer.cpp,1208,204419937065,1050575,19,
ItemEntityTick,/Users/obey/Desktop/MyVoxelGame/src/server/IntegratedServer.cpp,1208,204709387439,1166960,19,
ItemEntityTick,/Users/obey/Desktop/MyVoxelGame/src/server/IntegratedServer.cpp,1208,205005387324,1055074,19,
ItemEntityTick,/Users/obey/Desktop/MyVoxelGame/src/server/IntegratedServer.cpp,1208,205273653289,1100257,19,
ItemEntityTick,/Users/obey/Desktop/MyVoxelGame/src/server/IntegratedServer.cpp,1208,205572090456,1179561,19,
ItemEntityTick,/Users/obey/Desktop/MyVoxelGame/src/server/IntegratedServer.cpp,1208,205845609903,1232453,19,
ItemEntityTick,/Users/obey/Desktop/MyVoxelGame/src/server/IntegratedServer.cpp,1208,206099367249,1088698,19,
ItemEntityTick,/Users/obey/Desktop/MyVoxelGame/src/server/IntegratedServer.cpp,1208,206366335832,1072908,19,
ItemEntityTick,/Users/obey/Desktop/MyVoxelGame/src/server/IntegratedServer.cpp,1208,206678426149,793749,19,
ItemEntityTick,/Users/obey/Desktop/MyVoxelGame/src/server/IntegratedServer.cpp,1208,206975736891,1065950,19,
ItemEntityTick,/Users/obey/Desktop/MyVoxelGame/src/server/IntegratedServer.cpp,1208,207252726159,941003,19,
ItemEntityTick,/Users/obey/Desktop/MyVoxelGame/src/server/IntegratedServer.cpp,1208,207533006406,1101175,19,
ItemEntityTick,/Users/obey/Desktop/MyVoxelGame/src/server/IntegratedServer.cpp,1208,207812888384,1012515,19,
ItemEntityTick,/Users/obey/Desktop/MyVoxelGame/src/server/IntegratedServer.cpp,1208,208090829880,1021205,19,
ItemEntityTick,/Users/obey/Desktop/MyVoxelGame/src/server/IntegratedServer.cpp,1208,208389659818,1176936,19,
ItemEntityTick,/Users/obey/Desktop/MyVoxelGame/src/server/IntegratedServer.cpp,1208,208671644967,1041348,19,
ItemEntityTick,/Users/obey/Desktop/MyVoxelGame/src/server/IntegratedServer.cpp,1208,208929042048,948378,19,
ItemEntityTick,/Users/obey/Desktop/MyVoxelGame/src/server/IntegratedServer.cpp,1208,209254080527,1046366,19,
ItemEntityTick,/Users/obey/Desktop/MyVoxelGame/src/server/IntegratedServer.cpp,1208,209531572676,1011330,19,
ItemEntityTick,/Users/obey/Desktop/MyVoxelGame/src/server/IntegratedServer.cpp,1208,209806870768,1131275,19,
ItemEntityTick,/Users/obey/Desktop/MyVoxelGame/src/server/IntegratedServer.cpp,1208,210093634177,1024580,19,
ItemEntityTick,/Users/obey/Desktop/MyVoxelGame/src/server/IntegratedServer.cpp,1208,210348919944,1063865,19,
ItemEntityTick,/Users/obey/Desktop/MyVoxelGame/src/server/IntegratedServer.cpp,1208,210652799799,1203895,19,
ItemEntityTick,/Users/obey/Desktop/MyVoxelGame/src/server/IntegratedServer.cpp,1208,210928429316,876886,19,
ItemEntityTick,/Users/obey/Desktop/MyVoxelGame/src/server/IntegratedServer.cpp,1208,211237123076,1082573,19,
ItemEntityTick,/Users/obey/Desktop/MyVoxelGame/src/server/IntegratedServer.cpp,1208,211500580470,909635,19,
ItemEntityTick,/Users/obey/Desktop/MyVoxelGame/src/server/IntegratedServer.cpp,1208,211792278502,1100883,19,
ItemEntityTick,/Users/obey/Desktop/MyVoxelGame/src/server/IntegratedServer.cpp,1208,212065958245,1208953,19,
ItemEntityTick,/Users/obey/Desktop/MyVoxelGame/src/server/IntegratedServer.cpp,1208,212380171042,1034389,19,
ItemEntityTick,/Users/obey/Desktop/MyVoxelGame/src/server/IntegratedServer.cpp,1208,212644951819,852700,19,
ItemEntityTick,/Users/obey/Desktop/MyVoxelGame/src/server/IntegratedServer.cpp,1208,212936518923,1008455,19,
ItemEntityTick,/Users/obey/Desktop/MyVoxelGame/src/server/IntegratedServer.cpp,1208,213233997943,1071615,19,
ItemEntityTick,/Users/obey/Desktop/MyVoxelGame/src/server/IntegratedServer.cpp,1208,213501496593,1080366,19,
ItemEntityTick,/Users/obey/Desktop/MyVoxelGame/src/server/IntegratedServer.cpp,1208,213778550770,856201,19,
ItemEntityTick,/Users/obey/Desktop/MyVoxelGame/src/server/IntegratedServer.cpp,1208,214074747487,1081407,19,
ItemEntityTick,/Users/obey/Desktop/MyVoxelGame/src/server/IntegratedServer.cpp,1208,214331499473,1132567,19,
ItemEntityTick,/Users/obey/Desktop/MyVoxelGame/src/server/IntegratedServer.cpp,1208,214629954157,1039473,19,
ItemEntityTick,/Users/obey/Desktop/MyVoxelGame/src/server/IntegratedServer.cpp,1208,214911564055,815975,19,
ItemEntityTick,/Users/obey/Desktop/MyVoxelGame/src/server/IntegratedServer.cpp,1208,215202935476,1128609,19,
ItemEntityTick,/Users/obey/Desktop/MyVoxelGame/src/server/IntegratedServer.cpp,1208,215494842899,1160126,19,
ItemEntityTick,/Users/obey/Desktop/MyVoxelGame/src/server/IntegratedServer.cpp,1208,215761797923,1172310,19,
ItemEntityTick,/Users/obey/Desktop/MyVoxelGame/src/server/IntegratedServer.cpp,1208,216030235308,1065158,19,
ItemEntityTick,/Users/obey/Desktop/MyVoxelGame/src/server/IntegratedServer.cpp,1208,216310449855,1023223,19,
ItemEntityTick,/Users/obey/Desktop/MyVoxelGame/src/server/IntegratedServer.cpp,1208,216604104862,1183311,19,
ItemEntityTick,/Users/obey/Desktop/MyVoxelGame/src/server/IntegratedServer.cpp,1208,216884661852,1227162,19,
ItemEntityTick,/Users/obey/Desktop/MyVoxelGame/src/server/IntegratedServer.cpp,1208,217164840841,1066531,19,
ItemEntityTick,/Users/obey/Desktop/MyVoxelGame/src/server/IntegratedServer.cpp,1208,217418194542,1059156,19,
ItemEntityTick,/Users/obey/Desktop/MyVoxelGame/src/server/IntegratedServer.cpp,1208,217720882128,1166751,19,
ItemEntityTick,/Users/obey/Desktop/MyVoxelGame/src/server/IntegratedServer.cpp,1208,218006470518,1053224,19,
ItemEntityTick,/Users/obey/Desktop/MyVoxelGame/src/server/IntegratedServer.cpp,1208,218286024804,1123983,19,
ItemEntityTick,/Users/obey/Desktop/MyVoxelGame/src/server/IntegratedServer.cpp,1208,218552023366,1008664,19,
ItemEntityTick,/Users/obey/Desktop/MyVoxelGame/src/server/IntegratedServer.cpp,1208,218812401527,964063,19,
ItemEntityTick,/Users/obey/Desktop/MyVoxelGame/src/server/IntegratedServer.cpp,1208,219078592379,842784,19,
ItemEntityTick,/Users/obey/Desktop/MyVoxelGame/src/server/IntegratedServer.cpp,1208,219338910089,1130317,19,
ItemEntityTick,/Users/obey/Desktop/MyVoxelGame/src/server/IntegratedServer.cpp,1208,219587972519,1121067,19,
ItemEntityTick,/Users/obey/Desktop/MyVoxelGame/src/server/IntegratedServer.cpp,1208,219865754135,1151567,19,
ItemEntityTick,/Users/obey/Desktop/MyVoxelGame/src/server/IntegratedServer.cpp,1208,220117608291,1053157,19,
ItemEntityTick,/Users/obey/Desktop/MyVoxelGame/src/server/IntegratedServer.cpp,1208,220474561634,1217662,19,
ItemEntityTick,/Users/obey/Desktop/MyVoxelGame/src/server/IntegratedServer.cpp,1208,220740296933,1181418,19,
ItemEntityTick,/Users/obey/Desktop/MyVoxelGame/src/server/IntegratedServer.cpp,1208,221017950918,1237329,19,
ItemEntityTick,/Users/obey/Desktop/MyVoxelGame/src/server/IntegratedServer.cpp,1208,221307086724,1192769,19,
ItemEntityTick,/Users/obey/Desktop/MyVoxelGame/src/server/IntegratedServer.cpp,1208,221619202993,1146775,19,
ItemEntityTick,/Users/obey/Desktop/MyVoxelGame/src/server/IntegratedServer.cpp,1208,221869156015,1160252,19,
ItemEntityTick,/Users/obey/Desktop/MyVoxelGame/src/server/IntegratedServer.cpp,1208,222299897453,882051,19,
ItemEntityTick,/Users/obey/Desktop/MyVoxelGame/src/server/IntegratedServer.cpp,1208,222591622794,1160626,19,
ItemEntityTick,/Users/obey/Desktop/MyVoxelGame/src/server/IntegratedServer.cpp,1208,222867508885,1174686,19,
ItemEntityTick,/Users/obey/Desktop/MyVoxelGame/src/server/IntegratedServer.cpp,1208,223139093624,1269655,19,
ItemEntityTick,/Users/obey/Desktop/MyVoxelGame/src/server/IntegratedServer.cpp,1208,223434690173,1145484,19,
ItemEntityTick,/Users/obey/Desktop/MyVoxelGame/src/server/IntegratedServer.cpp,1208,223718014513,1209019,19,
ItemEntityTick,/Users/obey/Desktop/MyVoxelGame/src/server/IntegratedServer.cpp,1208,223991110446,1237803,19,
ItemEntityTick,/Users/obey/Desktop/MyVoxelGame/src/server/IntegratedServer.cpp,1208,224325244515,1319214,19,
ItemEntityTick,/Users/obey/Desktop/MyVoxelGame/src/server/IntegratedServer.cpp,1208,224593470237,1197578,19,
ItemEntityTick,/Users/obey/Desktop/MyVoxelGame/src/server/IntegratedServer.cpp,1208,224890060849,1120233,19,
ItemEntityTick,/Users/obey/Desktop/MyVoxelGame/src/server/IntegratedServer.cpp,1208,225187189010,1134876,19,
ItemEntityTick,/Users/obey/Desktop/MyVoxelGame/src/server/IntegratedServer.cpp,1208,225434438695,1245721,19,
ItemEntityTick,/Users/obey/Desktop/MyVoxelGame/src/server/IntegratedServer.cpp,1208,225793258361,1215786,19,
ItemEntityTick,/Users/obey/Desktop/MyVoxelGame/src/server/IntegratedServer.cpp,1208,226052656501,1127442,19,
ItemEntityTick,/Users/obey/Desktop/MyVoxelGame/src/server/IntegratedServer.cpp,1208,226345192359,919318,19,
ItemEntityTick,/Users/obey/Desktop/MyVoxelGame/src/server/IntegratedServer.cpp,1208,226634502560,1213828,19,
ItemEntityTick,/Users/obey/Desktop/MyVoxelGame/src/server/IntegratedServer.cpp,1208,226905048743,1166769,19,
ItemEntityTick,/Users/obey/Desktop/MyVoxelGame/src/server/IntegratedServer.cpp,1208,227193902473,1180894,19,
ItemEntityTick,/Users/obey/Desktop/MyVoxelGame/src/server/IntegratedServer.cpp,1208,227459732322,1136860,19,
ItemEntityTick,/Users/obey/Desktop/MyVoxelGame/src/server/IntegratedServer.cpp,1208,227716913805,1147418,19,
ItemEntityTick,/Users/obey/Desktop/MyVoxelGame/src/server/IntegratedServer.cpp,1208,228010562980,1129441,19,
ItemEntityTick,/Users/obey/Desktop/MyVoxelGame/src/server/IntegratedServer.cpp,1208,228291468663,1231136,19,
ItemEntityTick,/Users/obey/Desktop/MyVoxelGame/src/server/IntegratedServer.cpp,1208,228571006447,1099841,19,
ItemEntityTick,/Users/obey/Desktop/MyVoxelGame/src/server/IntegratedServer.cpp,1208,228856031563,1060532,19,
ItemEntityTick,/Users/obey/Desktop/MyVoxelGame/src/server/IntegratedServer.cpp,1208,229131123865,1187644,19,
ItemEntityTick,/Users/obey/Desktop/MyVoxelGame/src/server/IntegratedServer.cpp,1208,229398111924,1121234,19,
ItemEntityTick,/Users/obey/Desktop/MyVoxelGame/src/server/IntegratedServer.cpp,1208,229690018412,1291071,19,
ItemEntityTick,/Users/obey/Desktop/MyVoxelGame/src/server/IntegratedServer.cpp,1208,229947655741,1147001,19,
ItemEntityTick,/Users/obey/Desktop/MyVoxelGame/src/server/IntegratedServer.cpp,1208,230202551881,1111382,19,
ItemEntityTick,/Users/obey/Desktop/MyVoxelGame/src/server/IntegratedServer.cpp,1208,230545790772,837075,19,
ItemEntityTick,/Users/obey/Desktop/MyVoxelGame/src/server/IntegratedServer.cpp,1208,230838975082,1107341,19,
ItemEntityTick,/Users/obey/Desktop/MyVoxelGame/src/server/IntegratedServer.cpp,1208,231119709761,1063282,19,
ItemEntityTick,/Users/obey/Desktop/MyVoxelGame/src/server/IntegratedServer.cpp,1208,231376136987,1080073,19,
ItemEntityTick,/Users/obey/Desktop/MyVoxelGame/src/server/IntegratedServer.cpp,1208,231680007158,1094758,19,
ItemEntityTick,/Users/obey/Desktop/MyVoxelGame/src/server/IntegratedServer.cpp,1208,231981184450,1163793,19,
ItemEntityTick,/Users/obey/Desktop/MyVoxelGame/src/server/IntegratedServer.cpp,1208,232232307700,1125693,19,
ItemEntityTick,/Users/obey/Desktop/MyVoxelGame/src/server/IntegratedServer.cpp,1208,232516189649,1207244,19,
ItemEntityTick,/Users/obey/Desktop/MyVoxelGame/src/server/IntegratedServer.cpp,1208,232804848606,1158252,19,
ItemEntityTick,/Users/obey/Desktop/MyVoxelGame/src/server/IntegratedServer.cpp,1208,233083319901,1144317,19,
ItemEntityTick,/Users/obey/Desktop/MyVoxelGame/src/server/IntegratedServer.cpp,1208,233340074053,1184728,19,
ItemEntityTick,/Users/obey/Desktop/MyVoxelGame/src/server/IntegratedServer.cpp,1208,233637861435,1141566,19,
ItemEntityTick,/Users/obey/Desktop/MyVoxelGame/src/server/IntegratedServer.cpp,1208,233890150811,1156127,19,
ItemEntityTick,/Users/obey/Desktop/MyVoxelGame/src/server/IntegratedServer.cpp,1208,234187987687,1150733,19,
ItemEntityTick,/Users/obey/Desktop/MyVoxelGame/src/server/IntegratedServer.cpp,1208,234448823112,907926,19,
ItemEntityTick,/Users/obey/Desktop/MyVoxelGame/src/server/IntegratedServer.cpp,1208,234745027078,856034,19,
ItemEntityTick,/Users/obey/Desktop/MyVoxelGame/src/server/IntegratedServer.cpp,1208,234994536981,843183,19,
ItemEntityTick,/Users/obey/Desktop/MyVoxelGame/src/server/IntegratedServer.cpp,1208,235302707507,1194726,19,
ItemEntityTick,/Users/obey/Desktop/MyVoxelGame/src/server/IntegratedServer.cpp,1208,235584077387,1157585,19,
ItemEntityTick,/Users/obey/Desktop/MyVoxelGame/src/server/IntegratedServer.cpp,1208,235853375015,1257512,19,
ItemEntityTick,/Users/obey/Desktop/MyVoxelGame/src/server/IntegratedServer.cpp,1208,236148014794,1055223,19,
ItemEntityTick,/Users/obey/Desktop/MyVoxelGame/src/server/IntegratedServer.cpp,1208,236392083258,1175519,19,
ItemEntityTick,/Users/obey/Desktop/MyVoxelGame/src/server/IntegratedServer.cpp,1208,236679243521,1175144,19,
ItemEntityTick,/Users/obey/Desktop/MyVoxelGame/src/server/IntegratedServer.cpp,1208,236949151501,879302,19,
ItemEntityTick,/Users/obey/Desktop/MyVoxelGame/src/server/IntegratedServer.cpp,1208,237234045046,1130568,19,
ItemEntityTick,/Users/obey/Desktop/MyVoxelGame/src/server/IntegratedServer.cpp,1208,237504534985,1115442,19,
ItemEntityTick,/Users/obey/Desktop/MyVoxelGame/src/server/IntegratedServer.cpp,1208,237807551622,1016557,19,
ItemEntityTick,/Users/obey/Desktop/MyVoxelGame/src/server/IntegratedServer.cpp,1208,238070841638,1323297,19,
ItemEntityTick,/Users/obey/Desktop/MyVoxelGame/src/server/IntegratedServer.cpp,1208,238341148055,1122067,19,
ItemEntityTick,/Users/obey/Desktop/MyVoxelGame/src/server/IntegratedServer.cpp,1208,238603162207,1108174,19,
ItemEntityTick,/Users/obey/Desktop/MyVoxelGame/src/server/IntegratedServer.cpp,1208,238858122048,1204268,19,
ItemEntityTick,/Users/obey/Desktop/MyVoxelGame/src/server/IntegratedServer.cpp,1208,239126903752,1175644,19,
ItemEntityTick,/Users/obey/Desktop/MyVoxelGame/src/server/IntegratedServer.cpp,1208,239415047494,1028099,19,
ItemEntityTick,/Users/obey/Desktop/MyVoxelGame/src/server/IntegratedServer.cpp,1208,239686546721,1214661,19,
ItemEntityTick,/Users/obey/Desktop/MyVoxelGame/src/server/IntegratedServer.cpp,1208,239945886076,1082300,19,
ItemEntityTick,/Users/obey/Desktop/MyVoxelGame/src/server/IntegratedServer.cpp,1208,240231192143,1138043,19,
ItemEntityTick,/Users/obey/Desktop/MyVoxelGame/src/server/IntegratedServer.cpp,1208,240481412966,1063182,19,
ItemEntityTick,/Users/obey/Desktop/MyVoxelGame/src/server/IntegratedServer.cpp,1208,240801177381,1175168,19,
ItemEntityTick,/Users/obey/Desktop/MyVoxelGame/src/server/IntegratedServer.cpp,1208,241076587733,1126525,19,
ItemEntityTick,/Users/obey/Desktop/MyVoxelGame/src/server/IntegratedServer.cpp,1208,241339805070,1107860,19,
ItemEntityTick,/Users/obey/Desktop/MyVoxelGame/src/server/IntegratedServer.cpp,1208,241586840382,1103675,19,
ItemEntityTick,/Users/obey/Desktop/MyVoxelGame/src/server/IntegratedServer.cpp,1208,241908233996,1257721,19,
ItemEntityTick,/Users/obey/Desktop/MyVoxelGame/src/server/IntegratedServer.cpp,1208,242183432933,1100592,19,
ItemEntityTick,/Users/obey/Desktop/MyVoxelGame/src/server/IntegratedServer.cpp,1208,242466442722,1200603,19,
ItemEntityTick,/Users/obey/Desktop/MyVoxelGame/src/server/IntegratedServer.cpp,1208,242724672486,1124609,19,
ItemEntityTick,/Users/obey/Desktop/MyVoxelGame/src/server/IntegratedServer.cpp,1208,243006432537,1220453,19,
ItemEntityTick,/Users/obey/Desktop/MyVoxelGame/src/server/IntegratedServer.cpp,1208,243291349267,1134941,19,
ItemEntityTick,/Users/obey/Desktop/MyVoxelGame/src/server/IntegratedServer.cpp,1208,243555813265,1251180,19,
ItemEntityTick,/Users/obey/Desktop/MyVoxelGame/src/server/IntegratedServer.cpp,1208,243809942258,1130358,19,
ItemEntityTick,/Users/obey/Desktop/MyVoxelGame/src/server/IntegratedServer.cpp,1208,244069140358,1187727,19,
ItemEntityTick,/Users/obey/Desktop/MyVoxelGame/src/server/IntegratedServer.cpp,1208,244350516489,941962,19,
ItemEntityTick,/Users/obey/Desktop/MyVoxelGame/src/server/IntegratedServer.cpp,1208,244616669824,1184460,19,
ItemEntityTick,/Users/obey/Desktop/MyVoxelGame/src/server/IntegratedServer.cpp,1208,244864690990,1088824,19,
ItemEntityTick,/Users/obey/Desktop/MyVoxelGame/src/server/IntegratedServer.cpp,1208,245133164894,1283446,19,
ItemEntityTick,/Users/obey/Desktop/MyVoxelGame/src/server/IntegratedServer.cpp,1208,245396165316,1123526,19,
ItemEntityTick,/Users/obey/Desktop/MyVoxelGame/src/server/IntegratedServer.cpp,1208,245699252382,1183959,19,
ItemEntityTick,/Users/obey/Desktop/MyVoxelGame/src/server/IntegratedServer.cpp,1208,245967409609,1130483,19,
ItemEntityTick,/Users/obey/Desktop/MyVoxelGame/src/server/IntegratedServer.cpp,1208,246250170156,859785,19,
ItemEntityTick,/Users/obey/Desktop/MyVoxelGame/src/server/IntegratedServer.cpp,1208,246484324549,1174877,19,
ItemEntityTick,/Users/obey/Desktop/MyVoxelGame/src/server/IntegratedServer.cpp,1208,246753599677,1239370,19,
ItemEntityTick,/Users/obey/Desktop/MyVoxelGame/src/server/IntegratedServer.cpp,1208,247027656672,985480,19,
ItemEntityTick,/Users/obey/Desktop/MyVoxelGame/src/server/IntegratedServer.cpp,1208,247278995881,1066115,19,
ItemEntityTick,/Users/obey/Desktop/MyVoxelGame/src/server/IntegratedServer.cpp,1208,247589432789,1169668,19,
ItemEntityTick,/Users/obey/Desktop/MyVoxelGame/src/server/IntegratedServer.cpp,1208,247884297899,1302506,19,
ItemEntityTick,/Users/obey/Desktop/MyVoxelGame/src/server/IntegratedServer.cpp,1208,248144932719,905510,19,
ItemEntityTick,/Users/obey/Desktop/MyVoxelGame/src/server/IntegratedServer.cpp,1208,248407960951,1165002,19,
ItemEntityTick,/Users/obey/Desktop/MyVoxelGame/src/server/IntegratedServer.cpp,1208,248698746580,790249,19,
ItemEntityTick,/Users/obey/Desktop/MyVoxelGame/src/server/IntegratedServer.cpp,1208,248941294892,1159709,19,
ItemEntityTick,/Users/obey/Desktop/MyVoxelGame/src/server/IntegratedServer.cpp,1208,249191120262,1220828,19,
ItemEntityTick,/Users/obey/Desktop/MyVoxelGame/src/server/IntegratedServer.cpp,1208,249490256000,1186561,19,
ItemEntityTick,/Users/obey/Desktop/MyVoxelGame/src/server/IntegratedServer.cpp,1208,249750505758,952837,19,
ItemEntityTick,/Users/obey/Desktop/MyVoxelGame/src/server/IntegratedServer.cpp,1208,250069229866,1129817,19,
ItemEntityTick,/Users/obey/Desktop/MyVoxelGame/src/server/IntegratedServer.cpp,1208,250360820553,1022830,19,
ItemEntityTick,/Users/obey/Desktop/MyVoxelGame/src/server/IntegratedServer.cpp,1208,250617726084,860076,19,
ItemEntityTick,/Users/obey/Desktop/MyVoxelGame/src/server/IntegratedServer.cpp,1208,250901929309,972480,19,
ItemEntityTick,/Users/obey/Desktop/MyVoxelGame/src/server/IntegratedServer.cpp,1208,251163940503,983105,19,
ItemEntityTick,/Users/obey/Desktop/MyVoxelGame/src/server/IntegratedServer.cpp,1208,251421192354,1473677,19,
ItemEntityTick,/Users/obey/Desktop/MyVoxelGame/src/server/IntegratedServer.cpp,1208,251680295627,954295,19,
ItemEntityTick,/Users/obey/Desktop/MyVoxelGame/src/server/IntegratedServer.cpp,1208,251939118225,1388457,19,
ItemEntityTick,/Users/obey/Desktop/MyVoxelGame/src/server/IntegratedServer.cpp,1208,252165272536,1002164,19,
ItemEntityTick,/Users/obey/Desktop/MyVoxelGame/src/server/IntegratedServer.cpp,1208,252452408991,1321380,19,
ItemEntityTick,/Users/obey/Desktop/MyVoxelGame/src/server/IntegratedServer.cpp,1208,252710774157,1431576,19,
ItemEntityTick,/Users/obey/Desktop/MyVoxelGame/src/server/IntegratedServer.cpp,1208,252933188366,1322315,19,
ItemEntityTick,/Users/obey/Desktop/MyVoxelGame/src/server/IntegratedServer.cpp,1208,253189842423,1169936,19,
ItemEntityTick,/Users/obey/Desktop/MyVoxelGame/src/server/IntegratedServer.cpp,1208,253430202928,1022013,19,
ItemEntityTick,/Users/obey/Desktop/MyVoxelGame/src/server/IntegratedServer.cpp,1208,253720090940,1334172,19,
ItemEntityTick,/Users/obey/Desktop/MyVoxelGame/src/server/IntegratedServer.cpp,1208,253986374160,1221620,19,
ItemEntityTick,/Users/obey/Desktop/MyVoxelGame/src/server/IntegratedServer.cpp,1208,254249619182,1048473,19,
ItemEntityTick,/Users/obey/Desktop/MyVoxelGame/src/server/IntegratedServer.cpp,1208,254497211102,1145918,19,
ItemEntityTick,/Users/obey/Desktop/MyVoxelGame/src/server/IntegratedServer.cpp,1208,254850574330,984855,19,
ItemEntityTick,/Users/obey/Desktop/MyVoxelGame/src/server/IntegratedServer.cpp,1208,255099283318,1171376,19,
ItemEntityTick,/Users/obey/Desktop/MyVoxelGame/src/server/IntegratedServer.cpp,1208,255432561270,1329089,19,
ItemEntityTick,/Users/obey/Desktop/MyVoxelGame/src/server/IntegratedServer.cpp,1208,255716536270,1212744,19,
ItemEntityTick,/Users/obey/Desktop/MyVoxelGame/src/server/IntegratedServer.cpp,1208,255995797980,1295155,19,
ItemEntityTick,/Users/obey/Desktop/MyVoxelGame/src/server/IntegratedServer.cpp,1208,256233232255,1398266,19,
ItemEntityTick,/Users/obey/Desktop/MyVoxelGame/src/server/IntegratedServer.cpp,1208,256525799838,1294821,19,
ItemEntityTick,/Users/obey/Desktop/MyVoxelGame/src/server/IntegratedServer.cpp,1208,256810739525,1344898,19,
ItemEntityTick,/Users/obey/Desktop/MyVoxelGame/src/server/IntegratedServer.cpp,1208,257084310448,1307172,19,
ItemEntityTick,/Users/obey/Desktop/MyVoxelGame/src/server/IntegratedServer.cpp,1208,257342328005,1344233,19,
ItemEntityTick,/Users/obey/Desktop/MyVoxelGame/src/server/IntegratedServer.cpp,1208,257635437155,1249036,19,
ItemEntityTick,/Users/obey/Desktop/MyVoxelGame/src/server/IntegratedServer.cpp,1208,257915798397,1123442,19,
ItemEntityTick,/Users/obey/Desktop/MyVoxelGame/src/server/IntegratedServer.cpp,1208,258204522266,1252470,19,
ItemEntityTick,/Users/obey/Desktop/MyVoxelGame/src/server/IntegratedServer.cpp,1208,258438577564,1319339,19,
ItemEntityTick,/Users/obey/Desktop/MyVoxelGame/src/server/IntegratedServer.cpp,1208,258784474568,1389809,19,
ItemEntityTick,/Users/obey/Desktop/MyVoxelGame/src/server/IntegratedServer.cpp,1208,259071284245,1352041,19,
ItemEntityTick,/Users/obey/Desktop/MyVoxelGame/src/server/IntegratedServer.cpp,1208,259335853708,1352065,19,
ItemEntityTick,/Users/obey/Desktop/MyVoxelGame/src/server/IntegratedServer.cpp,1208,259614647303,1281113,19,
ItemEntityTick,/Users/obey/Desktop/MyVoxelGame/src/server/IntegratedServer.cpp,1208,259892187403,1337065,19,
ItemEntityTick,/Users/obey/Desktop/MyVoxelGame/src/server/IntegratedServer.cpp,1208,260193373527,1327983,19,
ItemEntityTick,/Users/obey/Desktop/MyVoxelGame/src/server/IntegratedServer.cpp,1208,260457232026,1353148,19,
ItemEntityTick,/Users/obey/Desktop/MyVoxelGame/src/server/IntegratedServer.cpp,1208,260769276826,1362958,19,
ItemEntityTick,/Users/obey/Desktop/MyVoxelGame/src/server/IntegratedServer.cpp,1208,261065133849,1260346,19,
ItemEntityTick,/Users/obey/Desktop/MyVoxelGame/src/server/IntegratedServer.cpp,1208,261330235360,1313131,19,
ItemEntityTick,/Users/obey/Desktop/MyVoxelGame/src/server/IntegratedServer.cpp,1208,261599443228,1039056,19,
ItemEntityTick,/Users/obey/Desktop/MyVoxelGame/src/server/IntegratedServer.cpp,1208,261865721758,1351564,19,
ItemEntityTick,/Users/obey/Desktop/MyVoxelGame/src/server/IntegratedServer.cpp,1208,262159429950,1264970,19,
ItemEntityTick,/Users/obey/Desktop/MyVoxelGame/src/server/IntegratedServer.cpp,1208,262435884417,1435577,19,
ItemEntityTick,/Users/obey/Desktop/MyVoxelGame/src/server/IntegratedServer.cpp,1208,262714134239,1297463,19,
ItemEntityTick,/Users/obey/Desktop/MyVoxelGame/src/server/IntegratedServer.cpp,1208,262975316374,1404850,19,
ItemEntityTick,/Users/obey/Desktop/MyVoxelGame/src/server/IntegratedServer.cpp,1208,263299816638,1092841,19,
ItemEntityTick,/Users/obey/Desktop/MyVoxelGame/src/server/IntegratedServer.cpp,1208,263587402105,1324048,19,
ItemEntityTick,/Users/obey/Desktop/MyVoxelGame/src/server/IntegratedServer.cpp,1208,263841102583,1276696,19,
ItemEntityTick,/Users/obey/Desktop/MyVoxelGame/src/server/IntegratedServer.cpp,1208,264100996338,1269030,19,
ItemEntityTick,/Users/obey/Desktop/MyVoxelGame/src/server/IntegratedServer.cpp,1208,264361348523,1253929,19,
ItemEntityTick,/Users/obey/Desktop/MyVoxelGame/src/server/IntegratedServer.cpp,1208,264641204834,1281947,19,
ItemEntityTick,/Users/obey/Desktop/MyVoxelGame/src/server/IntegratedServer.cpp,1208,264889812001,1246180,19,
ItemEntityTick,/Users/obey/Desktop/MyVoxelGame/src/server/IntegratedServer.cpp,1208,265169251483,1269013,19,
ItemEntityTick,/Users/obey/Desktop/MyVoxelGame/src/server/IntegratedServer.cpp,1208,265441511608,1329607,19,
ItemEntityTick,/Users/obey/Desktop/MyVoxelGame/src/server/IntegratedServer.cpp,1208,265690975142,1309631,19,
ItemEntityTick,/Users/obey/Desktop/MyVoxelGame/src/server/IntegratedServer.cpp,1208,265956513668,1350731,19,
ItemEntityTick,/Users/obey/Desktop/MyVoxelGame/src/server/IntegratedServer.cpp,1208,266228708548,1185061,19,
ItemEntityTick,/Users/obey/Desktop/MyVoxelGame/src/server/IntegratedServer.cpp,1208,266507833796,1287614,19,
ItemEntityTick,/Users/obey/Desktop/MyVoxelGame/src/server/IntegratedServer.cpp,1208,266765647063,1345065,19,
ItemEntityTick,/Users/obey/Desktop/MyVoxelGame/src/server/IntegratedServer.cpp,1208,267016114029,1279470,19,
ItemEntityTick,/Users/obey/Desktop/MyVoxelGame/src/server/IntegratedServer.cpp,1208,267339579611,1264846,19,
ItemEntityTick,/Users/obey/Desktop/MyVoxelGame/src/server/IntegratedServer.cpp,1208,267596365323,1225121,19,
ItemEntityTick,/Users/obey/Desktop/MyVoxelGame/src/server/IntegratedServer.cpp,1208,267941516030,1253971,19,
ItemEntityTick,/Users/obey/Desktop/MyVoxelGame/src/server/IntegratedServer.cpp,1208,268216107342,1311381,19,
ItemEntityTick,/Users/obey/Desktop/MyVoxelGame/src/server/IntegratedServer.cpp,1208,268489652956,1374142,19,
ItemEntityTick,/Users/obey/Desktop/MyVoxelGame/src/server/IntegratedServer.cpp,1208,268752198049,1317423,19,
ItemEntityTick,/Users/obey/Desktop/MyVoxelGame/src/server/IntegratedServer.cpp,1208,268999878272,1021413,19,
ItemEntityTick,/Users/obey/Desktop/MyVoxelGame/src/server/IntegratedServer.cpp,1208,269296216892,1295239,19,
ItemEntityTick,/Users/obey/Desktop/MyVoxelGame/src/server/IntegratedServer.cpp,1208,269547617218,1233953,19,
ItemEntityTick,/Users/obey/Desktop/MyVoxelGame/src/server/IntegratedServer.cpp,1208,269798108184,1200977,19,
ItemEntityTick,/Users/obey/Desktop/MyVoxelGame/src/server/IntegratedServer.cpp,1208,270073843396,1252888,19,
ItemEntityTick,/Users/obey/Desktop/MyVoxelGame/src/server/IntegratedServer.cpp,1208,270339682245,1357416,19,
ItemEntityTick,/Users/obey/Desktop/MyVoxelGame/src/server/IntegratedServer.cpp,1208,270641124070,1350106,19,
ItemEntityTick,/Users/obey/Desktop/MyVoxelGame/src/server/IntegratedServer.cpp,1208,270899563689,1348583,19,
ItemEntityTick,/Users/obey/Desktop/MyVoxelGame/src/server/IntegratedServer.cpp,1208,271157601681,1234370,19,
ItemEntityTick,/Users/obey/Desktop/MyVoxelGame/src/server/IntegratedServer.cpp,1208,271436356843,1217369,19,
ItemEntityTick,/Users/obey/Desktop/MyVoxelGame/src/server/IntegratedServer.cpp,1208,271696340150,1267488,19,
ItemEntityTick,/Users/obey/Desktop/MyVoxelGame/src/server/IntegratedServer.cpp,1208,271949421817,1017098,19,
ItemEntityTick,/Users/obey/Desktop/MyVoxelGame/src/server/IntegratedServer.cpp,1208,272202317838,1303839,19,
ItemEntityTick,/Users/obey/Desktop/MyVoxelGame/src/server/IntegratedServer.cpp,1208,272466472888,1278654,19,
ItemEntityTick,/Users/obey/Desktop/MyVoxelGame/src/server/IntegratedServer.cpp,1208,272714602999,1107967,19,
ItemEntityTick,/Users/obey/Desktop/MyVoxelGame/src/server/IntegratedServer.cpp,1208,272937779772,1024163,19,
ItemEntityTick,/Users/obey/Desktop/MyVoxelGame/src/server/IntegratedServer.cpp,1208,273268701935,939629,19,
ItemEntityTick,/Users/obey/Desktop/MyVoxelGame/src/server/IntegratedServer.cpp,1208,273540212680,904278,19,
ItemEntityTick,/Users/obey/Desktop/MyVoxelGame/src/server/IntegratedServer.cpp,1208,273782645588,1054406,19,
ItemEntityTick,/Users/obey/Desktop/MyVoxelGame/src/server/IntegratedServer.cpp,1208,274074299227,2454964,19,
ItemEntityTick,/Users/obey/Desktop/MyVoxelGame/src/server/IntegratedServer.cpp,1208,274354181371,1405851,19,
ItemEntityTick,/Users/obey/Desktop/MyVoxelGame/src/server/IntegratedServer.cpp,1208,274612730311,1081757,19,
ItemEntityTick,/Users/obey/Desktop/MyVoxelGame/src/server/IntegratedServer.cpp,1208,274886814258,1028580,19,
ItemEntityTick,/Users/obey/Desktop/MyVoxelGame/src/server/IntegratedServer.cpp,1208,275186261923,1368249,19,
ItemEntityTick,/Users/obey/Desktop/MyVoxelGame/src/server/IntegratedServer.cpp,1208,275453919869,945294,19,
ItemEntityTick,/Users/obey/Desktop/MyVoxelGame/src/server/IntegratedServer.cpp,1208,275732851968,1131109,19,
ItemEntityTick,/Users/obey/Desktop/MyVoxelGame/src/server/IntegratedServer.cpp,1208,276005537881,1034264,19,
ItemEntityTick,/Users/obey/Desktop/MyVoxelGame/src/server/IntegratedServer.cpp,1208,276246621223,1164293,19,
ItemEntityTick,/Users/obey/Desktop/MyVoxelGame/src/server/IntegratedServer.cpp,1208,276498515622,1296196,19,
ItemEntityTick,/Users/obey/Desktop/MyVoxelGame/src/server/IntegratedServer.cpp,1208,276807115393,1304547,19,
ItemEntityTick,/Users/obey/Desktop/MyVoxelGame/src/server/IntegratedServer.cpp,1208,277128622809,2103296,19,
ItemEntityTick,/Users/obey/Desktop/MyVoxelGame/src/server/IntegratedServer.cpp,1208,277375175256,964229,19,
ItemEntityTick,/Users/obey/Desktop/MyVoxelGame/src/server/IntegratedServer.cpp,1208,277660904443,1416309,19,
ItemEntityTick,/Users/obey/Desktop/MyVoxelGame/src/server/IntegratedServer.cpp,1208,277991745698,982478,19,
ItemEntityTick,/Users/obey/Desktop/MyVoxelGame/src/server/IntegratedServer.cpp,1208,278219808199,1305673,19,
ItemEntityTick,/Users/obey/Desktop/MyVoxelGame/src/server/IntegratedServer.cpp,1208,278465747461,2294945,19,
ItemEntityTick,/Users/obey/Desktop/MyVoxelGame/src/server/IntegratedServer.cpp,1208,278739780999,1501402,19,
ItemEntityTick,/Users/obey/Desktop/MyVoxelGame/src/server/IntegratedServer.cpp,1208,279006573894,1016413,19,
ItemEntityTick,/Users/obey/Desktop/MyVoxelGame/src/server/IntegratedServer.cpp,1208,279231473567,866677,19,
ItemEntityTick,/Users/obey/Desktop/MyVoxelGame/src/server/IntegratedServer.cpp,1208,279515760928,1171668,19,
ItemEntityTick,/Users/obey/Desktop/MyVoxelGame/src/server/IntegratedServer.cpp,1208,279759214374,1347791,19,
ItemEntityTick,/Users/obey/Desktop/MyVoxelGame/src/server/IntegratedServer.cpp,1208,280038451316,984955,19,
ItemEntityTick,/Users/obey/Desktop/MyVoxelGame/src/server/IntegratedServer.cpp,1208,280252139138,896260,19,
ItemEntityTick,/Users/obey/Desktop/MyVoxelGame/src/server/IntegratedServer.cpp,1208,280530974835,2415907,19,
ItemEntityTick,/Users/obey/Desktop/MyVoxelGame/src/server/IntegratedServer.cpp,1208,280788526253,908777,19,
ItemEntityTick,/Users/obey/Desktop/MyVoxelGame/src/server/IntegratedServer.cpp,1208,281078495384,986146,19,
ItemEntityTick,/Users/obey/Desktop/MyVoxelGame/src/server/IntegratedServer.cpp,1208,281350380132,1076656,19,
ItemEntityTick,/Users/obey/Desktop/MyVoxelGame/src/server/IntegratedServer.cpp,1208,281590855247,1000187,19,
ItemEntityTick,/Users/obey/Desktop/MyVoxelGame/src/server/IntegratedServer.cpp,1208,281842543981,1470177,19,
ItemEntityTick,/Users/obey/Desktop/MyVoxelGame/src/server/IntegratedServer.cpp,1208,282118346996,997313,19,
ItemEntityTick,/Users/obey/Desktop/MyVoxelGame/src/server/IntegratedServer.cpp,1208,282365310756,980520,19,
ItemEntityTick,/Users/obey/Desktop/MyVoxelGame/src/server/IntegratedServer.cpp,1208,282650090606,1095424,19,
ItemEntityTick,/Users/obey/Desktop/MyVoxelGame/src/server/IntegratedServer.cpp,1208,282892287248,1006038,19,
ItemEntityTick,/Users/obey/Desktop/MyVoxelGame/src/server/IntegratedServer.cpp,1208,283124289643,1003330,19,
ItemEntityTick,/Users/obey/Desktop/MyVoxelGame/src/server/IntegratedServer.cpp,1208,283440975614,1405933,19,
ItemEntityTick,/Users/obey/Desktop/MyVoxelGame/src/server/IntegratedServer.cpp,1208,283730170264,2768624,19,
ItemEntityTick,/Users/obey/Desktop/MyVoxelGame/src/server/IntegratedServer.cpp,1208,284077699758,1017831,19,
ItemEntityTick,/Users/obey/Desktop/MyVoxelGame/src/server/IntegratedServer.cpp,1208,284360909069,922028,19,
ItemEntityTick,/Users/obey/Desktop/MyVoxelGame/src/server/IntegratedServer.cpp,1208,284576709713,981979,19,
ItemEntityTick,/Users/obey/Desktop/MyVoxelGame/src/server/IntegratedServer.cpp,1208,284841515007,1425076,19,
ItemEntityTick,/Users/obey/Desktop/MyVoxelGame/src/server/IntegratedServer.cpp,1208,285126517230,1138335,19,
ItemEntityTick,/Users/obey/Desktop/MyVoxelGame/src/server/IntegratedServer.cpp,1208,285402015486,1286446,19,
ItemEntityTick,/Users/obey/Desktop/MyVoxelGame/src/server/IntegratedServer.cpp,1208,285662849036,1115174,19,
ItemEntityTick,/Users/obey/Desktop/MyVoxelGame/src/server/IntegratedServer.cpp,1208,285938991227,1345274,19,
ItemEntityTick,/Users/obey/Desktop/MyVoxelGame/src/server/IntegratedServer.cpp,1208,286221366855,1312797,19,
ItemEntityTick,/Users/obey/Desktop/MyVoxelGame/src/server/IntegratedServer.cpp,1208,286494397228,1006455,19,
ItemEntityTick,/Users/obey/Desktop/MyVoxelGame/src/server/IntegratedServer.cpp,1208,286786992454,1234620,19,
ItemEntityTick,/Users/obey/Desktop/MyVoxelGame/src/server/IntegratedServer.cpp,1208,287041199772,1410392,19,
ItemEntityTick,/Users/obey/Desktop/MyVoxelGame/src/server/IntegratedServer.cpp,1208,287353212638,1440034,19,
ItemEntityTick,/Users/obey/Desktop/MyVoxelGame/src/server/IntegratedServer.cpp,1208,287610601243,1214519,19,
ItemEntityTick,/Users/obey/Desktop/MyVoxelGame/src/server/IntegratedServer.cpp,1208,287883390916,1199745,19,
ItemEntityTick,/Users/obey/Desktop/MyVoxelGame/src/server/IntegratedServer.cpp,1208,288169507915,1408184,19,
ItemEntityTick,/Users/obey/Desktop/MyVoxelGame/src/server/IntegratedServer.cpp,1208,288438104097,1333982,19,
ItemEntityTick,/Users/obey/Desktop/MyVoxelGame/src/server/IntegratedServer.cpp,1208,288693081188,1219328,19,
ItemEntityTick,/Users/obey/Desktop/MyVoxelGame/src/server/IntegratedServer.cpp,1208,288959066709,1256845,19,
ItemEntityTick,/Users/obey/Desktop/MyVoxelGame/src/server/IntegratedServer.cpp,1208,289228764291,1273888,19,
ItemEntityTick,/Users/obey/Desktop/MyVoxelGame/src/server/IntegratedServer.cpp,1208,289506852607,1308298,19,
ItemEntityTick,/Users/obey/Desktop/MyVoxelGame/src/server/IntegratedServer.cpp,1208,289785335735,1262655,19,
ItemEntityTick,/Users/obey/Desktop/MyVoxelGame/src/server/IntegratedServer.cpp,1208,290033900717,1271738,19,
ItemEntityTick,/Users/obey/Desktop/MyVoxelGame/src/server/IntegratedServer.cpp,1208,290365737510,1343523,19,
ItemEntityTick,/Users/obey/Desktop/MyVoxelGame/src/server/IntegratedServer.cpp,1208,290629682020,1191851,19,
ItemEntityTick,/Users/obey/Desktop/MyVoxelGame/src/server/IntegratedServer.cpp,1208,290891388996,1425309,19,
ItemEntityTick,/Users/obey/Desktop/MyVoxelGame/src/server/IntegratedServer.cpp,1208,291149592558,964687,19,
ItemEntityTick,/Users/obey/Desktop/MyVoxelGame/src/server/IntegratedServer.cpp,1208,291435813110,1383434,19,
ItemEntityTick,/Users/obey/Desktop/MyVoxelGame/src/server/IntegratedServer.cpp,1208,291694422710,991455,19,
ItemEntityTick,/Users/obey/Desktop/MyVoxelGame/src/server/IntegratedServer.cpp,1208,291980541667,1011247,19,
ItemEntityTick,/Users/obey/Desktop/MyVoxelGame/src/server/IntegratedServer.cpp,1208,292256345164,1247971,19,
ItemEntityTick,/Users/obey/Desktop/MyVoxelGame/src/server/IntegratedServer.cpp,1208,292519758667,1298446,19,
ItemEntityTick,/Users/obey/Desktop/MyVoxelGame/src/server/IntegratedServer.cpp,1208,292803561288,1124966,19,
ItemEntityTick,/Users/obey/Desktop/MyVoxelGame/src/server/IntegratedServer.cpp,1208,293070533455,1131483,19,
ItemEntityTick,/Users/obey/Desktop/MyVoxelGame/src/server/IntegratedServer.cpp,1208,293306256827,1350566,19,
ItemEntityTick,/Users/obey/Desktop/MyVoxelGame/src/server/IntegratedServer.cpp,1208,293583031179,1367709,19,
ItemEntityTick,/Users/obey/Desktop/MyVoxelGame/src/server/IntegratedServer.cpp,1208,293874083676,1123025,19,
ItemEntityTick,/Users/obey/Desktop/MyVoxelGame/src/server/IntegratedServer.cpp,1208,294135540595,1357065,19,
ItemEntityTick,/Users/obey/Desktop/MyVoxelGame/src/server/IntegratedServer.cpp,1208,294437856827,1405892,19,
ItemEntityTick,/Users/obey/Desktop/MyVoxelGame/src/server/IntegratedServer.cpp,1208,294704039537,1341733,19,
ItemEntityTick,/Users/obey/Desktop/MyVoxelGame/src/server/IntegratedServer.cpp,1208,295006486399,1327191,19,
ItemEntityTick,/Users/obey/Desktop/MyVoxelGame/src/server/IntegratedServer.cpp,1208,295278834160,1116985,19,
ItemEntityTick,/Users/obey/Desktop/MyVoxelGame/src/server/IntegratedServer.cpp,1208,295536618203,1172977,19,
ItemEntityTick,/Users/obey/Desktop/MyVoxelGame/src/server/IntegratedServer.cpp,1208,295784338544,1293030,19,
ItemEntityTick,/Users/obey/Desktop/MyVoxelGame/src/server/IntegratedServer.cpp,1208,296058257994,1076840,19,
ItemEntityTick,/Users/obey/Desktop/MyVoxelGame/src/server/IntegratedServer.cpp,1208,296319647794,1401766,19,
ItemEntityTick,/Users/obey/Desktop/MyVoxelGame/src/server/IntegratedServer.cpp,1208,296603615544,1386041,19,
ItemEntityTick,/Users/obey/Desktop/MyVoxelGame/src/server/IntegratedServer.cpp,1208,296895338177,1155917,19,
ItemEntityTick,/Users/obey/Desktop/MyVoxelGame/src/server/IntegratedServer.cpp,1208,297145196649,1284404,19,
ItemEntityTick,/Users/obey/Desktop/MyVoxelGame/src/server/IntegratedServer.cpp,1208,297545153805,1297338,19,
ItemEntityTick,/Users/obey/Desktop/MyVoxelGame/src/server/IntegratedServer.cpp,1208,297828684184,1248346,19,
ItemEntityTick,/Users/obey/Desktop/MyVoxelGame/src/server/IntegratedServer.cpp,1208,298111001568,1105508,19,
ItemEntityTick,/Users/obey/Desktop/MyVoxelGame/src/server/IntegratedServer.cpp,1208,298425333645,1462094,19,
ItemEntityTick,/Users/obey/Desktop/MyVoxelGame/src/server/IntegratedServer.cpp,1208,298700414363,1095217,19,
ItemEntityTick,/Users/obey/Desktop/MyVoxelGame/src/server/IntegratedServer.cpp,1208,298944658016,1034513,19,
ItemEntityTick,/Users/obey/Desktop/MyVoxelGame/src/server/IntegratedServer.cpp,1208,299216360199,1079967,19,
ItemEntityTick,/Users/obey/Desktop/MyVoxelGame/src/server/IntegratedServer.cpp,1208,299495200371,1405976,19,
ItemEntityTick,/Users/obey/Desktop/MyVoxelGame/src/server/IntegratedServer.cpp,1208,299758909324,1349833,19,
ItemEntityTick,/Users/obey/Desktop/MyVoxelGame/src/server/IntegratedServer.cpp,1208,300047913309,1394141,19,
ItemEntityTick,/Users/obey/Desktop/MyVoxelGame/src/server/IntegratedServer.cpp,1208,300333862869,1433034,19,
ItemEntityTick,/Users/obey/Desktop/MyVoxelGame/src/server/IntegratedServer.cpp,1208,300602201826,1413119,19,
ItemEntityTick,/Users/obey/Desktop/MyVoxelGame/src/server/IntegratedServer.cpp,1208,300844030275,1045722,19,
ItemEntityTick,/Users/obey/Desktop/MyVoxelGame/src/server/IntegratedServer.cpp,1208,301121832640,1151485,19,
ItemEntityTick,/Users/obey/Desktop/MyVoxelGame/src/server/IntegratedServer.cpp,1208,301397153732,1340648,19,
ItemEntityTick,/Users/obey/Desktop/MyVoxelGame/src/server/IntegratedServer.cpp,1208,301672901212,1368291,19,
ItemEntityTick,/Users/obey/Desktop/MyVoxelGame/src/server/IntegratedServer.cpp,1208,301922840860,1511962,19,
ItemEntityTick,/Users/obey/Desktop/MyVoxelGame/src/server/IntegratedServer.cpp,1208,302321815080,1271929,19,
ItemEntityTick,/Users/obey/Desktop/MyVoxelGame/src/server/IntegratedServer.cpp,1208,302658603637,1433867,19,
ItemEntityTick,/Users/obey/Desktop/MyVoxelGame/src/server/IntegratedServer.cpp,1208,302944632690,1171645,19,
ItemEntityTick,/Users/obey/Desktop/MyVoxelGame/src/server/IntegratedServer.cpp,1208,303213342026,1408183,19,
ItemEntityTick,/Users/obey/Desktop/MyVoxelGame/src/server/IntegratedServer.cpp,1208,303559781554,1168228,19,
ItemEntityTick,/Users/obey/Desktop/MyVoxelGame/src/server/IntegratedServer.cpp,1208,303844147367,1246471,19,
ItemEntityTick,/Users/obey/Desktop/MyVoxelGame/src/server/IntegratedServer.cpp,1208,304094117551,1006730,19,
ItemEntityTick,/Users/obey/Desktop/MyVoxelGame/src/server/IntegratedServer.cpp,1208,304375692329,1407268,19,
ItemEntityTick,/Users/obey/Desktop/MyVoxelGame/src/server/IntegratedServer.cpp,1208,304658853832,1335232,19,
ItemEntityTick,/Users/obey/Desktop/MyVoxelGame/src/server/IntegratedServer.cpp,1208,304910910610,1051616,19,
ItemEntityTick,/Users/obey/Desktop/MyVoxelGame/src/server/IntegratedServer.cpp,1208,305192287533,1257530,19,
ItemEntityTick,/Users/obey/Desktop/MyVoxelGame/src/server/IntegratedServer.cpp,1208,305431588189,1363774,19,
ItemEntityTick,/Users/obey/Desktop/MyVoxelGame/src/server/IntegratedServer.cpp,1208,305717953519,1356708,19,
ItemEntityTick,/Users/obey/Desktop/MyVoxelGame/src/server/IntegratedServer.cpp,1208,305984752889,1422309,19,
ItemEntityTick,/Users/obey/Desktop/MyVoxelGame/src/server/IntegratedServer.cpp,1208,306305495033,1421058,19,
ItemEntityTick,/Users/obey/Desktop/MyVoxelGame/src/server/IntegratedServer.cpp,1208,306597834933,1433161,19,
ItemEntityTick,/Users/obey/Desktop/MyVoxelGame/src/server/IntegratedServer.cpp,1208,306876675231,1019139,19,
ItemEntityTick,/Users/obey/Desktop/MyVoxelGame/src/server/IntegratedServer.cpp,1208,307127029792,1110257,19,
ItemEntityTick,/Users/obey/Desktop/MyVoxelGame/src/server/IntegratedServer.cpp,1208,307380956452,1357399,19,
ItemEntityTick,/Users/obey/Desktop/MyVoxelGame/src/server/IntegratedServer.cpp,1208,307650561464,1375625,19,
ItemEntityTick,/Users/obey/Desktop/MyVoxelGame/src/server/IntegratedServer.cpp,1208,307968689429,1369166,19,
ItemEntityTick,/Users/obey/Desktop/MyVoxelGame/src/server/IntegratedServer.cpp,1208,308217706050,1459886,19,
ItemEntityTick,/Users/obey/Desktop/MyVoxelGame/src/server/IntegratedServer.cpp,1208,308493931311,1219455,19,
ItemEntityTick,/Users/obey/Desktop/MyVoxelGame/src/server/IntegratedServer.cpp,1208,308762999965,1460636,19,
ItemEntityTick,/Users/obey/Desktop/MyVoxelGame/src/server/IntegratedServer.cpp,1208,309058076407,1360999,19,
ItemEntityTick,/Users/obey/Desktop/MyVoxelGame/src/server/IntegratedServer.cpp,1208,309309967390,1461969,19,
ItemEntityTick,/Users/obey/Desktop/MyVoxelGame/src/server/IntegratedServer.cpp,1208,309599540334,1073656,19,
ItemEntityTick,/Users/obey/Desktop/MyVoxelGame/src/server/IntegratedServer.cpp,1208,309860535679,1117317,19,
ItemEntityTick,/Users/obey/Desktop/MyVoxelGame/src/server/IntegratedServer.cpp,1208,310144264056,1064866,19,
ItemEntityTick,/Users/obey/Desktop/MyVoxelGame/src/server/IntegratedServer.cpp,1208,310378583162,1142360,19,
ItemEntityTick,/Users/obey/Desktop/MyVoxelGame/src/server/IntegratedServer.cpp,1208,310716633232,1435367,19,
ItemEntityTick,/Users/obey/Desktop/MyVoxelGame/src/server/IntegratedServer.cpp,1208,310987321210,1485861,19,
ItemEntityTick,/Users/obey/Desktop/MyVoxelGame/src/server/IntegratedServer.cpp,1208,311235484214,1374041,19,
ItemEntityTick,/Users/obey/Desktop/MyVoxelGame/src/server/IntegratedServer.cpp,1208,311515840891,1485593,19,
ItemEntityTick,/Users/obey/Desktop/MyVoxelGame/src/server/IntegratedServer.cpp,1208,311827923874,1173835,19,
ItemEntityTick,/Users/obey/Desktop/MyVoxelGame/src/server/IntegratedServer.cpp,1208,312078487791,1272613,19,
ItemEntityTick,/Users/obey/Desktop/MyVoxelGame/src/server/IntegratedServer.cpp,1208,312367717166,1441201,19,
ItemEntityTick,/Users/obey/Desktop/MyVoxelGame/src/server/IntegratedServer.cpp,1208,312663521446,1456826,19,
ItemEntityTick,/Users/obey/Desktop/MyVoxelGame/src/server/IntegratedServer.cpp,1208,312900366929,1275138,19,
ItemEntityTick,/Users/obey/Desktop/MyVoxelGame/src/server/IntegratedServer.cpp,1208,313201173407,1448303,19,
ItemEntityTick,/Users/obey/Desktop/MyVoxelGame/src/server/IntegratedServer.cpp,1208,313446454051,1384999,19,
ItemEntityTick,/Users/obey/Desktop/MyVoxelGame/src/server/IntegratedServer.cpp,1208,313939915031,1567064,19,
ItemEntityTick,/Users/obey/Desktop/MyVoxelGame/src/server/IntegratedServer.cpp,1208,314249045809,1168961,19,
ItemEntityTick,/Users/obey/Desktop/MyVoxelGame/src/server/IntegratedServer.cpp,1208,314534751604,1490945,19,
ItemEntityTick,/Users/obey/Desktop/MyVoxelGame/src/server/IntegratedServer.cpp,1208,314790793519,1486070,19,
ItemEntityTick,/Users/obey/Desktop/MyVoxelGame/src/server/IntegratedServer.cpp,1208,315093595325,1153585,19,
ItemEntityTick,/Users/obey/Desktop/MyVoxelGame/src/server/IntegratedServer.cpp,1208,315356922942,1371458,19,
ItemEntityTick,/Users/obey/Desktop/MyVoxelGame/src/server/IntegratedServer.cpp,1208,315696531949,1556147,19,
ItemEntityTick,/Users/obey/Desktop/MyVoxelGame/src/server/IntegratedServer.cpp,1208,315966465506,1392541,19,
ItemEntityTick,/Users/obey/Desktop/MyVoxelGame/src/server/IntegratedServer.cpp,1208,316276384533,1435492,19,
ItemEntityTick,/Users/obey/Desktop/MyVoxelGame/src/server/IntegratedServer.cpp,1208,316573916690,1504277,19,
ItemEntityTick,/Users/obey/Desktop/MyVoxelGame/src/server/IntegratedServer.cpp,1208,316847201662,1436576,19,
ItemEntityTick,/Users/obey/Desktop/MyVoxelGame/src/server/IntegratedServer.cpp,1208,317189430224,1508986,19,
ItemEntityTick,/Users/obey/Desktop/MyVoxelGame/src/server/IntegratedServer.cpp,1208,317472285657,1386184,19,
ItemEntityTick,/Users/obey/Desktop/MyVoxelGame/src/server/IntegratedServer.cpp,1208,317738111048,1486612,19,
ItemEntityTick,/Users/obey/Desktop/MyVoxelGame/src/server/IntegratedServer.cpp,1208,318045856495,1464469,19,
ItemEntityTick,/Users/obey/Desktop/MyVoxelGame/src/server/IntegratedServer.cpp,1208,318315681105,1367148,19,
ItemEntityTick,/Users/obey/Desktop/MyVoxelGame/src/server/IntegratedServer.cpp,1208,318583059751,1270405,19,
ItemEntityTick,/Users/obey/Desktop/MyVoxelGame/src/server/IntegratedServer.cpp,1208,318842032311,1449011,19,
ItemEntityTick,/Users/obey/Desktop/MyVoxelGame/src/server/IntegratedServer.cpp,1208,319130705394,1354874,19,
ItemEntityTick,/Users/obey/Desktop/MyVoxelGame/src/server/IntegratedServer.cpp,1208,319390994936,1495487,19,
ItemEntityTick,/Users/obey/Desktop/MyVoxelGame/src/server/IntegratedServer.cpp,1208,319677081818,1466760,19,
ItemEntityTick,/Users/obey/Desktop/MyVoxelGame/src/server/IntegratedServer.cpp,1208,319910656085,1336690,19,
ItemEntityTick,/Users/obey/Desktop/MyVoxelGame/src/server/IntegratedServer.cpp,1208,320253030235,1547420,19,
ItemEntityTick,/Users/obey/Desktop/MyVoxelGame/src/server/IntegratedServer.cpp,1208,320527924954,1161894,19,
ItemEntityTick,/Users/obey/Desktop/MyVoxelGame/src/server/IntegratedServer.cpp,1208,320875475550,1665508,19,
ItemEntityTick,/Users/obey/Desktop/MyVoxelGame/src/server/IntegratedServer.cpp,1208,321204138473,1469510,19,
ItemEntityTick,/Users/obey/Desktop/MyVoxelGame/src/server/IntegratedServer.cpp,1208,321396025541,1203703,19,
ItemEntityTick,/Users/obey/Desktop/MyVoxelGame/src/server/IntegratedServer.cpp,1208,321590558907,890010,19,
ItemEntityTick,/Users/obey/Desktop/MyVoxelGame/src/server/IntegratedServer.cpp,1208,321785176599,977646,19,
ItemEntityTick,/Users/obey/Desktop/MyVoxelGame/src/server/IntegratedServer.cpp,1208,321960500889,950004,19,
ItemEntityTick,/Users/obey/Desktop/MyVoxelGame/src/server/IntegratedServer.cpp,1208,322141987688,934671,19,
ItemEntityTick,/Users/obey/Desktop/MyVoxelGame/src/server/IntegratedServer.cpp,1208,322322685031,949754,19,
ItemEntityTick,/Users/obey/Desktop/MyVoxelGame/src/server/IntegratedServer.cpp,1208,322486953457,770190,19,
ItemEntityTick,/Users/obey/Desktop/MyVoxelGame/src/server/IntegratedServer.cpp,1208,322679411401,1130110,19,
ItemEntityTick,/Users/obey/Desktop/MyVoxelGame/src/server/IntegratedServer.cpp,1208,322894732572,994080,19,
ItemEntityTick,/Users/obey/Desktop/MyVoxelGame/src/server/IntegratedServer.cpp,1208,323071178305,1044306,19,
ItemEntityTick,/Users/obey/Desktop/MyVoxelGame/src/server/IntegratedServer.cpp,1208,323351367334,923319,19,
ItemEntityTick,/Users/obey/Desktop/MyVoxelGame/src/server/IntegratedServer.cpp,1208,323545253771,778915,19,
ItemEntityTick,/Users/obey/Desktop/MyVoxelGame/src/server/IntegratedServer.cpp,1208,323760150321,936128,19,
ItemEntityTick,/Users/obey/Desktop/MyVoxelGame/src/server/IntegratedServer.cpp,1208,323952679943,1039389,19,
ItemEntityTick,/Users/obey/Desktop/MyVoxelGame/src/server/IntegratedServer.cpp,1208,324153246605,1116276,19,
ItemEntityTick,/Users/obey/Desktop/MyVoxelGame/src/server/IntegratedServer.cpp,1208,324371487738,921086,19,
ItemEntityTick,/Users/obey/Desktop/MyVoxelGame/src/server/IntegratedServer.cpp,1208,324605365723,948753,19,
ItemEntityTick,/Users/obey/Desktop/MyVoxelGame/src/server/IntegratedServer.cpp,1208,324787348763,1067698,19,
ItemEntityTick,/Users/obey/Desktop/MyVoxelGame/src/server/IntegratedServer.cpp,1208,325050534499,1206953,19,
ItemEntityTick,/Users/obey/Desktop/MyVoxelGame/src/server/IntegratedServer.cpp,1208,325273438863,1026307,19,
ItemEntityTick,/Users/obey/Desktop/MyVoxelGame/src/server/IntegratedServer.cpp,1208,325494332585,1044681,19,
ItemEntityTick,/Users/obey/Desktop/MyVoxelGame/src/server/IntegratedServer.cpp,1208,325702082794,1163753,19,
ItemEntityTick,/Users/obey/Desktop/MyVoxelGame/src/server/IntegratedServer.cpp,1208,325923991055,1231996,19,
ItemEntityTick,/Users/obey/Desktop/MyVoxelGame/src/server/IntegratedServer.cpp,1208,326173289626,1120925,19,
ItemEntityTick,/Users/obey/Desktop/MyVoxelGame/src/server/IntegratedServer.cpp,1208,326371787510,1363083,19,
ItemEntityTick,/Users/obey/Desktop/MyVoxelGame/src/server/IntegratedServer.cpp,1208,326602057170,928860,19,
ItemEntityTick,/Users/obey/Desktop/MyVoxelGame/src/server/IntegratedServer.cpp,1208,326827779194,1319338,19,
ItemEntityTick,/Users/obey/Desktop/MyVoxelGame/src/server/IntegratedServer.cpp,1208,327050965049,965813,19,
ItemEntityTick,/Users/obey/Desktop/MyVoxelGame/src/server/IntegratedServer.cpp,1208,327270632383,1345541,19,
ItemEntityTick,/Users/obey/Desktop/MyVoxelGame/src/server/IntegratedServer.cpp,1208,327456169355,1091383,19,
ItemEntityTick,/Users/obey/Desktop/MyVoxelGame/src/server/IntegratedServer.cpp,1208,327673794885,1130360,19,
ItemEntityTick,/Users/obey/Desktop/MyVoxelGame/src/server/IntegratedServer.cpp,1208,327936857052,952312,19,
ItemEntityTick,/Users/obey/Desktop/MyVoxelGame/src/server/IntegratedServer.cpp,1208,328135118105,916693,19,
ItemEntityTick,/Users/obey/Desktop/MyVoxelGame/src/server/IntegratedServer.cpp,1208,328331014577,686862,19,
ItemEntityTick,/Users/obey/Desktop/MyVoxelGame/src/server/IntegratedServer.cpp,1208,328558395067,992438,19,
ItemEntityTick,/Users/obey/Desktop/MyVoxelGame/src/server/IntegratedServer.cpp,1208,328764749861,937152,19,
ItemEntityTick,/Users/obey/Desktop/MyVoxelGame/src/server/IntegratedServer.cpp,1208,328981541793,1154858,19,
ItemEntityTick,/Users/obey/Desktop/MyVoxelGame/src/server/IntegratedServer.cpp,1208,329170813075,1352649,19,
ItemEntityTick,/Users/obey/Desktop/MyVoxelGame/src/server/IntegratedServer.cpp,1208,329394458071,1128108,19,
ItemEntityTick,/Users/obey/Desktop/MyVoxelGame/src/server/IntegratedServer.cpp,1208,329611270768,961545,19,
ItemEntityTick,/Users/obey/Desktop/MyVoxelGame/src/server/IntegratedServer.cpp,1208,329827691389,1098716,19,
ItemEntityTick,/Users/obey/Desktop/MyVoxelGame/src/server/IntegratedServer.cpp,1208,330034560107,1148710,19,
ItemEntityTick,/Users/obey/Desktop/MyVoxelGame/src/server/IntegratedServer.cpp,1208,330242492131,1185810,19,
ItemEntityTick,/Users/obey/Desktop/MyVoxelGame/src/server/IntegratedServer.cpp,1208,330418460082,1108817,19,
ItemEntityTick,/Users/obey/Desktop/MyVoxelGame/src/server/IntegratedServer.cpp,1208,330654096127,907320,19,
ItemEntityTick,/Users/obey/Desktop/MyVoxelGame/src/server/IntegratedServer.cpp,1208,330857201791,766439,19,
ItemEntityTick,/Users/obey/Desktop/MyVoxelGame/src/server/IntegratedServer.cpp,1208,331050444692,969397,19,
ItemEntityTick,/Users/obey/Desktop/MyVoxelGame/src/server/IntegratedServer.cpp,1208,331262000035,977895,19,
ItemEntityTick,/Users/obey/Desktop/MyVoxelGame/src/server/IntegratedServer.cpp,1208,331453683081,1103966,19,
ItemEntityTick,/Users/obey/Desktop/MyVoxelGame/src/server/IntegratedServer.cpp,1208,331663139901,1094507,19,
ItemEntityTick,/Users/obey/Desktop/MyVoxelGame/src/server/IntegratedServer.cpp,1208,331860119089,1247096,19,
ItemEntityTick,/Users/obey/Desktop/MyVoxelGame/src/server/IntegratedServer.cpp,1208,332053065231,863343,19,
ItemEntityTick,/Users/obey/Desktop/MyVoxelGame/src/server/IntegratedServer.cpp,1208,332261695636,1035515,19,
ItemEntityTick,/Users/obey/Desktop/MyVoxelGame/src/server/IntegratedServer.cpp,1208,332453924916,890800,19,
ItemEntityTick,/Users/obey/Desktop/MyVoxelGame/src/server/IntegratedServer.cpp,1208,332644765553,1279530,19,
ItemEntityTick,/Users/obey/Desktop/MyVoxelGame/src/server/IntegratedServer.cpp,1208,332840483212,1070615,19,
ItemEntityTick,/Users/obey/Desktop/MyVoxelGame/src/server/IntegratedServer.cpp,1208,333031719012,1189894,19,
ItemEntityTick,/Users/obey/Desktop/MyVoxelGame/src/server/IntegratedServer.cpp,1208,333222413644,1060866,19,
ItemEntityTick,/Users/obey/Desktop/MyVoxelGame/src/server/IntegratedServer.cpp,1208,333467539575,957920,19,
ItemEntityTick,/Users/obey/Desktop/MyVoxelGame/src/server/IntegratedServer.cpp,1208,333690175406,1080448,19,
ItemEntityTick,/Users/obey/Desktop/MyVoxelGame/src/server/IntegratedServer.cpp,1208,333894312542,1123483,19,
ItemEntityTick,/Users/obey/Desktop/MyVoxelGame/src/server/IntegratedServer.cpp,1208,334094150300,1080948,19,
ItemEntityTick,/Users/obey/Desktop/MyVoxelGame/src/server/IntegratedServer.cpp,1208,334298691914,961712,19,
ItemEntityTick,/Users/obey/Desktop/MyVoxelGame/src/server/IntegratedServer.cpp,1208,334513108142,1299838,19,
ItemEntityTick,/Users/obey/Desktop/MyVoxelGame/src/server/IntegratedServer.cpp,1208,334701929910,1066449,19,
ItemEntityTick,/Users/obey/Desktop/MyVoxelGame/src/server/IntegratedServer.cpp,1208,334957595488,1047473,19,
ItemEntityTick,/Users/obey/Desktop/MyVoxelGame/src/server/IntegratedServer.cpp,1208,335193669031,1392166,19,
ItemEntityTick,/Users/obey/Desktop/MyVoxelGame/src/server/IntegratedServer.cpp,1208,335381746527,1198495,19,
ItemEntityTick,/Users/obey/Desktop/MyVoxelGame/src/server/IntegratedServer.cpp,1208,335595046454,1178168,19,
ItemEntityTick,/Users/obey/Desktop/MyVoxelGame/src/server/IntegratedServer.cpp,1208,335845489509,1117483,19,
ItemEntityTick,/Users/obey/Desktop/MyVoxelGame/src/server/IntegratedServer.cpp,1208,336034291320,1099508,19,
ItemEntityTick,/Users/obey/Desktop/MyVoxelGame/src/server/IntegratedServer.cpp,1208,336272693948,797707,19,
ItemEntityTick,/Users/obey/Desktop/MyVoxelGame/src/server/IntegratedServer.cpp,1208,336450697743,1293614,19,
ItemEntityTick,/Users/obey/Desktop/MyVoxelGame/src/server/IntegratedServer.cpp,1208,336680316851,915068,19,
ItemEntityTick,/Users/obey/Desktop/MyVoxelGame/src/server/IntegratedServer.cpp,1208,336906915967,1313505,19,
ItemEntityTick,/Users/obey/Desktop/MyVoxelGame/src/server/IntegratedServer.cpp,1208,337094983981,948378,19,
ItemEntityTick,/Users/obey/Desktop/MyVoxelGame/src/server/IntegratedServer.cpp,1208,337308073434,915027,19,
ItemEntityTick,/Users/obey/Desktop/MyVoxelGame/src/server/IntegratedServer.cpp,1208,337530672081,1087424,19,
ItemEntityTick,/Users/obey/Desktop/MyVoxelGame/src/server/IntegratedServer.cpp,1208,337719131447,875594,19,
ItemEntityTick,/Users/obey/Desktop/MyVoxelGame/src/server/IntegratedServer.cpp,1208,337911731022,1157043,19,
ItemEntityTick,/Users/obey/Desktop/MyVoxelGame/src/server/IntegratedServer.cpp,1208,338146758949,1085341,19,
ItemEntityTick,/Users/obey/Desktop/MyVoxelGame/src/server/IntegratedServer.cpp,1208,338360487955,1119859,19,
ItemEntityTick,/Users/obey/Desktop/MyVoxelGame/src/server/IntegratedServer.cpp,1208,338550705242,1170043,19,
ItemEntityTick,/Users/obey/Desktop/MyVoxelGame/src/server/IntegratedServer.cpp,1208,338776128690,1243411,19,
ItemEntityTick,/Users/obey/Desktop/MyVoxelGame/src/server/IntegratedServer.cpp,1208,339000288900,1122693,19,
ItemEntityTick,/Users/obey/Desktop/MyVoxelGame/src/server/IntegratedServer.cpp,1208,339159017168,1059115,19,
ItemEntityTick,/Users/obey/Desktop/MyVoxelGame/src/server/IntegratedServer.cpp,1208,339432145886,1198977,19,
ItemEntityTick,/Users/obey/Desktop/MyVoxelGame/src/server/IntegratedServer.cpp,1208,339637756116,800099,19,
ItemEntityTick,/Users/obey/Desktop/MyVoxelGame/src/server/IntegratedServer.cpp,1208,339892759933,971813,19,
ItemEntityTick,/Users/obey/Desktop/MyVoxelGame/src/server/IntegratedServer.cpp,1208,340102154068,949920,19,
ItemEntityTick,/Users/obey/Desktop/MyVoxelGame/src/server/IntegratedServer.cpp,1208,340282243810,1245429,19,
ItemEntityTick,/Users/obey/Desktop/MyVoxelGame/src/server/IntegratedServer.cpp,1208,340515844345,1099299,19,
ItemEntityTick,/Users/obey/Desktop/MyVoxelGame/src/server/IntegratedServer.cpp,1208,340739258864,988580,19,
ItemEntityTick,/Users/obey/Desktop/MyVoxelGame/src/server/IntegratedServer.cpp,1208,340931882206,1242304,19,
ItemEntityTick,/Users/obey/Desktop/MyVoxelGame/src/server/IntegratedServer.cpp,1208,341133068529,1038056,19,
ItemEntityTick,/Users/obey/Desktop/MyVoxelGame/src/server/IntegratedServer.cpp,1208,341378577920,1125693,19,
ItemEntityTick,/Users/obey/Desktop/MyVoxelGame/src/server/IntegratedServer.cpp,1208,341595086718,895611,19,
ItemEntityTick,/Users/obey/Desktop/MyVoxelGame/src/server/IntegratedServer.cpp,1208,341768438008,878451,19,
ItemEntityTick,/Users/obey/Desktop/MyVoxelGame/src/server/IntegratedServer.cpp,1208,342031059827,913778,19,
ItemEntityTick,/Users/obey/Desktop/MyVoxelGame/src/server/IntegratedServer.cpp,1208,342245428412,929569,19,
ItemEntityTick,/Users/obey/Desktop/MyVoxelGame/src/server/IntegratedServer.cpp,1208,342432222212,1379349,19,
ItemEntityTick,/Users/obey/Desktop/MyVoxelGame/src/server/IntegratedServer.cpp,1208,342670007988,1032389,19,
ItemEntityTick,/Users/obey/Desktop/MyVoxelGame/src/server/IntegratedServer.cpp,1208,342875563408,1052098,19,
ItemEntityTick,/Users/obey/Desktop/MyVoxelGame/src/server/IntegratedServer.cpp,1208,343112828428,1073865,19,
ItemEntityTick,/Users/obey/Desktop/MyVoxelGame/src/server/IntegratedServer.cpp,1208,343321044486,925628,19,
ItemEntityTick,/Users/obey/Desktop/MyVoxelGame/src/server/IntegratedServer.cpp,1208,343518835065,1030913,19,
ItemEntityTick,/Users/obey/Desktop/MyVoxelGame/src/server/IntegratedServer.cpp,1208,343704469571,967438,19,
ItemEntityTick,/Users/obey/Desktop/MyVoxelGame/src/server/IntegratedServer.cpp,1208,343889172943,910152,19,
ItemEntityTick,/Users/obey/Desktop/MyVoxelGame/src/server/IntegratedServer.cpp,1208,344064927104,896510,19,
ItemEntityTick,/Users/obey/Desktop/MyVoxelGame/src/server/IntegratedServer.cpp,1208,344308950968,912402,19,
ItemEntityTick,/Users/obey/Desktop/MyVoxelGame/src/server/IntegratedServer.cpp,1208,344554138541,1080882,19,
ItemEntityTick,/Users/obey/Desktop/MyVoxelGame/src/server/IntegratedServer.cpp,1208,344729567984,1141776,19,
ItemEntityTick,/Users/obey/Desktop/MyVoxelGame/src/server/IntegratedServer.cpp,1208,345023170706,812166,19,
ItemEntityTick,/Users/obey/Desktop/MyVoxelGame/src/server/IntegratedServer.cpp,1208,345222111687,1015122,19,
ItemEntityTick,/Users/obey/Desktop/MyVoxelGame/src/server/IntegratedServer.cpp,1208,345407770252,1113484,19,
ItemEntityTick,/Users/obey/Desktop/MyVoxelGame/src/server/IntegratedServer.cpp,1208,345592446815,1093073,19,
ItemEntityTick,/Users/obey/Desktop/MyVoxelGame/src/server/IntegratedServer.cpp,1208,345896976480,1052032,19,
ItemEntityTick,/Users/obey/Desktop/MyVoxelGame/src/server/IntegratedServer.cpp,1208,346107740031,1068450,19,
ItemEntityTick,/Users/obey/Desktop/MyVoxelGame/src/server/IntegratedServer.cpp,1208,346313194132,1095758,19,
ItemEntityTick,/Users/obey/Desktop/MyVoxelGame/src/server/IntegratedServer.cpp,1208,346492869977,808166,19,
ItemEntityTick,/Users/obey/Desktop/MyVoxelGame/src/server/IntegratedServer.cpp,1208,346726000732,766814,19,
ItemEntityTick,/Users/obey/Desktop/MyVoxelGame/src/server/IntegratedServer.cpp,1208,346938636397,799499,19,
ItemEntityTick,/Users/obey/Desktop/MyVoxelGame/src/server/IntegratedServer.cpp,1208,347118102602,1247012,19,
ItemEntityTick,/Users/obey/Desktop/MyVoxelGame/src/server/IntegratedServer.cpp,1208,347305677751,1198728,19,
ItemEntityTick,/Users/obey/Desktop/MyVoxelGame/src/server/IntegratedServer.cpp,1208,347469707452,1130235,19,
ItemEntityTick,/Users/obey/Desktop/MyVoxelGame/src/server/IntegratedServer.cpp,1208,347684488141,1059806,19,
ItemEntityTick,/Users/obey/Desktop/MyVoxelGame/src/server/IntegratedServer.cpp,1208,347888312976,901218,19,
ItemEntityTick,/Users/obey/Desktop/MyVoxelGame/src/server/IntegratedServer.cpp,1208,348088684432,783540,19,
ItemEntityTick,/Users/obey/Desktop/MyVoxelGame/src/server/IntegratedServer.cpp,1208,348265234651,1127858,19,
ItemEntityTick,/Users/obey/Desktop/MyVoxelGame/src/server/IntegratedServer.cpp,1208,348523963113,777815,19,
ItemEntityTick,/Users/obey/Desktop/MyVoxelGame/src/server/IntegratedServer.cpp,1208,348728835129,1124109,19,
ItemEntityTick,/Users/obey/Desktop/MyVoxelGame/src/server/IntegratedServer.cpp,1208,348948208329,898694,19,
ItemEntityTick,/Users/obey/Desktop/MyVoxelGame/src/server/IntegratedServer.cpp,1208,349135528194,1077133,19,
ItemEntityTick,/Users/obey/Desktop/MyVoxelGame/src/server/IntegratedServer.cpp,1208,349396400363,1539713,19,
ItemEntityTick,/Users/obey/Desktop/MyVoxelGame/src/server/IntegratedServer.cpp,1208,349614900262,1258113,19,
ItemEntityTick,/Users/obey/Desktop/MyVoxelGame/src/server/IntegratedServer.cpp,1208,349869966489,1034930,19,
ItemEntityTick,/Users/obey/Desktop/MyVoxelGame/src/server/IntegratedServer.cpp,1208,350098201637,1037932,19,
ItemEntityTick,/Users/obey/Desktop/MyVoxelGame/src/server/IntegratedServer.cpp,1208,350297682519,978978,19,
ItemEntityTick,/Users/obey/Desktop/MyVoxelGame/src/server/IntegratedServer.cpp,1208,350480164963,1215786,19,
ItemEntityTick,/Users/obey/Desktop/MyVoxelGame/src/server/IntegratedServer.cpp,1208,350686251557,1066616,19,
ItemEntityTick,/Users/obey/Desktop/MyVoxelGame/src/server/IntegratedServer.cpp,1208,350890357194,925778,19,
ItemEntityTick,/Users/obey/Desktop/MyVoxelGame/src/server/IntegratedServer.cpp,1208,351100788950,907862,19,
ItemEntityTick,/Users/obey/Desktop/MyVoxelGame/src/server/IntegratedServer.cpp,1208,351299140556,1193519,19,
ItemEntityTick,/Users/obey/Desktop/MyVoxelGame/src/server/IntegratedServer.cpp,1208,351475391790,1163501,19,
ItemEntityTick,/Users/obey/Desktop/MyVoxelGame/src/server/IntegratedServer.cpp,1208,351720913098,1037098,19,
ItemEntityTick,/Users/obey/Desktop/MyVoxelGame/src/server/IntegratedServer.cpp,1208,351952549657,1060282,19,
ItemEntityTick,/Users/obey/Desktop/MyVoxelGame/src/server/IntegratedServer.cpp,1208,352130940389,1069949,19,
ItemEntityTick,/Users/obey/Desktop/MyVoxelGame/src/server/IntegratedServer.cpp,1208,352325967452,1098216,19,
ItemEntityTick,/Users/obey/Desktop/MyVoxelGame/src/server/IntegratedServer.cpp,1208,352531750371,890386,19,
ItemEntityTick,/Users/obey/Desktop/MyVoxelGame/src/server/IntegratedServer.cpp,1208,352730660250,881969,19,
ItemEntityTick,/Users/obey/Desktop/MyVoxelGame/src/server/IntegratedServer.cpp,1208,352909772762,797708,19,
ItemEntityTick,/Users/obey/Desktop/MyVoxelGame/src/server/IntegratedServer.cpp,1208,353033314510,718005,19,
ItemEntityTick,/Users/obey/Desktop/MyVoxelGame/src/server/IntegratedServer.cpp,1208,353216963475,726963,19,
ItemEntityTick,/Users/obey/Desktop/MyVoxelGame/src/server/IntegratedServer.cpp,1208,353366432499,717113,19,
ItemEntityTick,/Users/obey/Desktop/MyVoxelGame/src/server/IntegratedServer.cpp,1208,353515540188,722404,19,
ItemEntityTick,/Users/obey/Desktop/MyVoxelGame/src/server/IntegratedServer.cpp,1208,353664452836,667429,19,
ItemEntityTick,/Users/obey/Desktop/MyVoxelGame/src/server/IntegratedServer.cpp,1208,353807302088,624994,19,
ItemEntityTick,/Users/obey/Desktop/MyVoxelGame/src/server/IntegratedServer.cpp,1208,353940686348,642786,19,
ItemEntityTick,/Users/obey/Desktop/MyVoxelGame/src/server/IntegratedServer.cpp,1208,354058328328,640119,19,
ItemEntityTick,/Users/obey/Desktop/MyVoxelGame/src/server/IntegratedServer.cpp,1208,354230612860,718255,19,
ItemEntityTick,/Users/obey/Desktop/MyVoxelGame/src/server/IntegratedServer.cpp,1208,354413455558,729922,19,
ItemEntityTick,/Users/obey/Desktop/MyVoxelGame/src/server/IntegratedServer.cpp,1208,354595862319,740756,19,
ItemEntityTick,/Users/obey/Desktop/MyVoxelGame/src/server/IntegratedServer.cpp,1208,354749063156,872075,19,
ItemEntityTick,/Users/obey/Desktop/MyVoxelGame/src/server/IntegratedServer.cpp,1208,354969281264,1045015,19,
ItemEntityTick,/Users/obey/Desktop/MyVoxelGame/src/server/IntegratedServer.cpp,1208,355168689551,790832,19,
ItemEntityTick,/Users/obey/Desktop/MyVoxelGame/src/server/IntegratedServer.cpp,1208,355325928874,1029514,19,
ItemEntityTick,/Users/obey/Desktop/MyVoxelGame/src/server/IntegratedServer.cpp,1208,355587015999,913360,19,
ItemEntityTick,/Users/obey/Desktop/MyVoxelGame/src/server/IntegratedServer.cpp,1208,355814366638,908885,19,
ItemEntityTick,/Users/obey/Desktop/MyVoxelGame/src/server/IntegratedServer.cpp,1208,355970632149,782123,19,
ItemEntityTick,/Users/obey/Desktop/MyVoxelGame/src/server/IntegratedServer.cpp,1208,356117362215,695364,19,
ItemEntityTick,/Users/obey/Desktop/MyVoxelGame/src/server/IntegratedServer.cpp,1208,356285343394,728630,19,
ItemEntityTick,/Users/obey/Desktop/MyVoxelGame/src/server/IntegratedServer.cpp,1208,356418024041,683404,19,
ItemEntityTick,/Users/obey/Desktop/MyVoxelGame/src/server/IntegratedServer.cpp,1208,356592954061,722172,19,
ItemEntityTick,/Users/obey/Desktop/MyVoxelGame/src/server/IntegratedServer.cpp,1208,356744328425,758523,19,
ItemEntityTick,/Users/obey/Desktop/MyVoxelGame/src/server/IntegratedServer.cpp,1208,356866271385,669720,19,
ItemEntityTick,/Users/obey/Desktop/MyVoxelGame/src/server/IntegratedServer.cpp,1208,357102802816,728879,19,
ItemEntityTick,/Users/obey/Desktop/MyVoxelGame/src/server/IntegratedServer.cpp,1208,357241881721,665428,19,
ItemEntityTick,/Users/obey/Desktop/MyVoxelGame/src/server/IntegratedServer.cpp,1208,357415275611,651745,19,
ItemEntityTick,/Users/obey/Desktop/MyVoxelGame/src/server/IntegratedServer.cpp,1208,357554225362,681572,19,
ItemEntityTick,/Users/obey/Desktop/MyVoxelGame/src/server/IntegratedServer.cpp,1208,357698380161,667470,19,
ItemEntityTick,/Users/obey/Desktop/MyVoxelGame/src/server/IntegratedServer.cpp,1208,357829529662,627369,19,
ItemEntityTick,/Users/obey/Desktop/MyVoxelGame/src/server/IntegratedServer.cpp,1208,357980704671,660136,19,
ItemEntityTick,/Users/obey/Desktop/MyVoxelGame/src/server/IntegratedServer.cpp,1208,358117885069,732089,19,
ItemEntityTick,/Users/obey/Desktop/MyVoxelGame/src/server/IntegratedServer.cpp,1208,358258480144,662346,19,
ItemEntityTick,/Users/obey/Desktop/MyVoxelGame/src/server/IntegratedServer.cpp,1208,358378888308,608601,19,
ItemEntityTick,/Users/obey/Desktop/MyVoxelGame/src/server/IntegratedServer.cpp,1208,358558084164,687011,19,
ItemEntityTick,/Users/obey/Desktop/MyVoxelGame/src/server/IntegratedServer.cpp,1208,358713424897,673137,19,
ItemEntityTick,/Users/obey/Desktop/MyVoxelGame/src/server/IntegratedServer.cpp,1208,358849925075,735505,19,
ItemEntityTick,/Users/obey/Desktop/MyVoxelGame/src/server/IntegratedServer.cpp,1208,359022364154,925610,19,
ItemEntityTick,/Users/obey/Desktop/MyVoxelGame/src/server/IntegratedServer.cpp,1208,359199946244,794416,19,
EntityTracker,/Users/obey/Desktop/MyVoxelGame/src/server/entity/ServerEntityTracker.cpp,114,11344449685,167,19,
EntityTracker,/Users/obey/Desktop/MyVoxelGame/src/server/entity/ServerEntityTracker.cpp,114,11388922008,1583,19,
EntityTracker,/Users/obey/Desktop/MyVoxelGame/src/server/entity/ServerEntityTracker.cpp,114,11440185751,875,19,
EntityTracker,/Users/obey/Desktop/MyVoxelGame/src/server/entity/ServerEntityTracker.cpp,114,11488996337,584,19,
EntityTracker,/Users/obey/Desktop/MyVoxelGame/src/server/entity/ServerEntityTracker.cpp,114,11538692333,667,19,
EntityTracker,/Users/obey/Desktop/MyVoxelGame/src/server/entity/ServerEntityTracker.cpp,114,11588603119,667,19,
EntityTracker,/Users/obey/Desktop/MyVoxelGame/src/server/entity/ServerEntityTracker.cpp,114,11638918233,1083,19,
EntityTracker,/Users/obey/Desktop/MyVoxelGame/src/server/entity/ServerEntityTracker.cpp,114,11688333571,708,19,
EntityTracker,/Users/obey/Desktop/MyVoxelGame/src/server/entity/ServerEntityTracker.cpp,114,11738346718,667,19,
EntityTracker,/Users/obey/Desktop/MyVoxelGame/src/server/entity/ServerEntityTracker.cpp,114,11788165927,459,19,
EntityTracker,/Users/obey/Desktop/MyVoxelGame/src/server/entity/ServerEntityTracker.cpp,114,11839533889,834,19,
EntityTracker,/Users/obey/Desktop/MyVoxelGame/src/server/entity/ServerEntityTracker.cpp,114,11888328624,375,19,
EntityTracker,/Users/obey/Desktop/MyVoxelGame/src/server/entity/ServerEntityTracker.cpp,114,11941332286,292,19,
EntityTracker,/Users/obey/Desktop/MyVoxelGame/src/server/entity/ServerEntityTracker.cpp,114,11991574641,708,19,
EntityTracker,/Users/obey/Desktop/MyVoxelGame/src/server/entity/ServerEntityTracker.cpp,114,12039137756,500,19,
EntityTracker,/Users/obey/Desktop/MyVoxelGame/src/server/entity/ServerEntityTracker.cpp,114,12088190049,625,19,
EntityTracker,/Users/obey/Desktop/MyVoxelGame/src/server/entity/ServerEntityTracker.cpp,114,12138079586,375,19,
EntityTracker,/Users/obey/Desktop/MyVoxelGame/src/server/entity/ServerEntityTracker.cpp,114,12188209743,1000,19,
EntityTracker,/Users/obey/Desktop/MyVoxelGame/src/server/entity/ServerEntityTracker.cpp,114,12290769872,500,19,
EntityTracker,/Users/obey/Desktop/MyVoxelGame/src/server/entity/ServerEntityTracker.cpp,114,12339123011,142,19,
EntityTracker,/Users/obey/Desktop/MyVoxelGame/src/server/entity/ServerEntityTracker.cpp,114,12388534657,250,19,
EntityTracker,/Users/obey/Desktop/MyVoxelGame/src/server/entity/ServerEntityTracker.cpp,114,12440411043,1125,19,
EntityTracker,/Users/obey/Desktop/MyVoxelGame/src/server/entity/ServerEntityTracker.cpp,114,12488444989,333,19,
EntityTracker,/Users/obey/Desktop/MyVoxelGame/src/server/entity/ServerEntityTracker.cpp,114,12537948064,333,19,
EntityTracker,/Users/obey/Desktop/MyVoxelGame/src/server/entity/ServerEntityTracker.cpp,114,12588156692,917,19,
EntityTracker,/Users/obey/Desktop/MyVoxelGame/src/server/entity/ServerEntityTracker.cpp,114,12638511949,1167,19,
EntityTracker,/Users/obey/Desktop/MyVoxelGame/src/server/entity/ServerEntityTracker.cpp,114,12688390675,625,19,
EntityTracker,/Users/obey/Desktop/MyVoxelGame/src/server/entity/ServerEntityTracker.cpp,114,12739681144,541,19,
EntityTracker,/Users/obey/Desktop/MyVoxelGame/src/server/entity/ServerEntityTracker.cpp,114,12788411469,458,19,
EntityTracker,/Users/obey/Desktop/MyVoxelGame/src/server/entity/ServerEntityTracker.cpp,114,12840938808,250,19,
EntityTracker,/Users/obey/Desktop/MyVoxelGame/src/server/entity/ServerEntityTracker.cpp,114,12890573185,500,19,
EntityTracker,/Users/obey/Desktop/MyVoxelGame/src/server/entity/ServerEntityTracker.cpp,114,12938672118,458,19,
EntityTracker,/Users/obey/Desktop/MyVoxelGame/src/server/entity/ServerEntityTracker.cpp,114,12988496767,1000,19,
EntityTracker,/Users/obey/Desktop/MyVoxelGame/src/server/entity/ServerEntityTracker.cpp,114,13040464373,750,19,
EntityTracker,/Users/obey/Desktop/MyVoxelGame/src/server/entity/ServerEntityTracker.cpp,114,13087949103,2042,19,
EntityTracker,/Users/obey/Desktop/MyVoxelGame/src/server/entity/ServerEntityTracker.cpp,114,13140881313,1250,19,
EntityTracker,/Users/obey/Desktop/MyVoxelGame/src/server/entity/ServerEntityTracker.cpp,114,13187912279,209,19,
EntityTracker,/Users/obey/Desktop/MyVoxelGame/src/server/entity/ServerEntityTracker.cpp,114,13237898325,459,19,
EntityTracker,/Users/obey/Desktop/MyVoxelGame/src/server/entity/ServerEntityTracker.cpp,114,13290418123,208,19,
EntityTracker,/Users/obey/Desktop/MyVoxelGame/src/server/entity/ServerEntityTracker.cpp,114,13337922269,208,19,
EntityTracker,/Users/obey/Desktop/MyVoxelGame/src/server/entity/ServerEntityTracker.cpp,114,13387911524,167,19,
EntityTracker,/Users/obey/Desktop/MyVoxelGame/src/server/entity/ServerEntityTracker.cpp,114,13438029515,292,19,
EntityTracker,/Users/obey/Desktop/MyVoxelGame/src/server/entity/ServerEntityTracker.cpp,114,13490444094,458,19,
EntityTracker,/Users/obey/Desktop/MyVoxelGame/src/server/entity/ServerEntityTracker.cpp,114,13538451497,375,19,
EntityTracker,/Users/obey/Desktop/MyVoxelGame/src/server/entity/ServerEntityTracker.cpp,114,13588046689,167,19,
EntityTracker,/Users/obey/Desktop/MyVoxelGame/src/server/entity/ServerEntityTracker.cpp,114,13638182407,209,19,
EntityTracker,/Users/obey/Desktop/MyVoxelGame/src/server/entity/ServerEntityTracker.cpp,114,13688028740,417,19,
EntityTracker,/Users/obey/Desktop/MyVoxelGame/src/server/entity/ServerEntityTracker.cpp,114,13738490819,250,19,
EntityTracker,/Users/obey/Desktop/MyVoxelGame/src/server/entity/ServerEntityTracker.cpp,114,13788329986,958,19,
EntityTracker,/Users/obey/Desktop/MyVoxelGame/src/server/entity/ServerEntityTracker.cpp,114,13840384144,209,19,
EntityTracker,/Users/obey/Desktop/MyVoxelGame/src/server/entity/ServerEntityTracker.cpp,114,13888255834,167,19,
EntityTracker,/Users/obey/Desktop/MyVoxelGame/src/server/entity/ServerEntityTracker.cpp,114,13938599967,834,19,
EntityTracker,/Users/obey/Desktop/MyVoxelGame/src/server/entity/ServerEntityTracker.cpp,114,13988065673,875,19,
EntityTracker,/Users/obey/Desktop/MyVoxelGame/src/server/entity/ServerEntityTracker.cpp,114,14038942479,52326,19,
EntityTracker,/Users/obey/Desktop/MyVoxelGame/src/server/entity/ServerEntityTracker.cpp,114,14090097735,5768,19,
EntityTracker,/Users/obey/Desktop/MyVoxelGame/src/server/entity/ServerEntityTracker.cpp,114,14138081598,6958,19,
EntityTracker,/Users/obey/Desktop/MyVoxelGame/src/server/entity/ServerEntityTracker.cpp,114,14188336636,3625,19,
EntityTracker,/Users/obey/Desktop/MyVoxelGame/src/server/entity/ServerEntityTracker.cpp,114,14237988655,3000,19,
EntityTracker,/Users/obey/Desktop/MyVoxelGame/src/server/entity/ServerEntityTracker.cpp,114,14288471942,13208,19,
EntityTracker,/Users/obey/Desktop/MyVoxelGame/src/server/entity/ServerEntityTracker.cpp,114,14338133419,3292,19,
EntityTracker,/Users/obey/Desktop/MyVoxelGame/src/server/entity/ServerEntityTracker.cpp,114,14388200226,8417,19,
EntityTracker,/Users/obey/Desktop/MyVoxelGame/src/server/entity/ServerEntityTracker.cpp,114,14440826952,5083,19,
EntityTracker,/Users/obey/Desktop/MyVoxelGame/src/server/entity/ServerEntityTracker.cpp,114,14488067415,1750,19,
EntityTracker,/Users/obey/Desktop/MyVoxelGame/src/server/entity/ServerEntityTracker.cpp,114,14539127495,3708,19,
EntityTracker,/Users/obey/Desktop/MyVoxelGame/src/server/entity/ServerEntityTracker.cpp,114,14588805156,3917,19,
EntityTracker,/Users/obey/Desktop/MyVoxelGame/src/server/entity/ServerEntityTracker.cpp,114,14638271529,10375,19,
EntityTracker,/Users/obey/Desktop/MyVoxelGame/src/server/entity/ServerEntityTracker.cpp,114,14690590620,9558,19,
EntityTracker,/Users/obey/Desktop/MyVoxelGame/src/server/entity/ServerEntityTracker.cpp,114,14740396769,16851,19,
EntityTracker,/Users/obey/Desktop/MyVoxelGame/src/server/entity/ServerEntityTracker.cpp,114,14788713574,6375,19,
EntityTracker,/Users/obey/Desktop/MyVoxelGame/src/server/entity/ServerEntityTracker.cpp,114,14839304080,9393,19,
EntityTracker,/Users/obey/Desktop/MyVoxelGame/src/server/entity/ServerEntityTracker.cpp,114,14890297498,9643,19,
EntityTracker,/Users/obey/Desktop/MyVoxelGame/src/server/entity/ServerEntityTracker.cpp,114,14938992223,4708,19,
EntityTracker,/Users/obey/Desktop/MyVoxelGame/src/server/entity/ServerEntityTracker.cpp,114,14988658909,22893,19,
EntityTracker,/Users/obey/Desktop/MyVoxelGame/src/server/entity/ServerEntityTracker.cpp,114,15038640163,14060,19,
EntityTracker,/Users/obey/Desktop/MyVoxelGame/src/server/entity/ServerEntityTracker.cpp,114,15091659885,15083,19,
EntityTracker,/Users/obey/Desktop/MyVoxelGame/src/server/entity/ServerEntityTracker.cpp,114,15140078100,10935,19,
EntityTracker,/Users/obey/Desktop/MyVoxelGame/src/server/entity/ServerEntityTracker.cpp,114,15190096665,26559,19,
EntityTracker,/Users/obey/Desktop/MyVoxelGame/src/server/entity/ServerEntityTracker.cpp,114,15239258820,34018,19,
EntityTracker,/Users/obey/Desktop/MyVoxelGame/src/server/entity/ServerEntityTracker.cpp,114,15289277967,29767,19,
EntityTracker,/Users/obey/Desktop/MyVoxelGame/src/server/entity/ServerEntityTracker.cpp,114,15339306757,32517,19,
EntityTracker,/Users/obey/Desktop/MyVoxelGame/src/server/entity/ServerEntityTracker.cpp,114,15390600166,25059,19,
EntityTracker,/Users/obey/Desktop/MyVoxelGame/src/server/entity/ServerEntityTracker.cpp,114,15440823521,17559,19,
EntityTracker,/Users/obey/Desktop/MyVoxelGame/src/server/entity/ServerEntityTracker.cpp,114,15489382115,19851,19,
EntityTracker,/Users/obey/Desktop/MyVoxelGame/src/server/entity/ServerEntityTracker.cpp,114,15541157866,53327,19,
EntityTracker,/Users/obey/Desktop/MyVoxelGame/src/server/entity/ServerEntityTracker.cpp,114,15592465626,29810,19,
EntityTracker,/Users/obey/Desktop/MyVoxelGame/src/server/entity/ServerEntityTracker.cpp,114,15642324311,18667,19,
EntityTracker,/Users/obey/Desktop/MyVoxelGame/src/server/entity/ServerEntityTracker.cpp,114,15688883746,17684,19,
EntityTracker,/Users/obey/Desktop/MyVoxelGame/src/server/entity/ServerEntityTracker.cpp,114,15739050689,25476,19,
EntityTracker,/Users/obey/Desktop/MyVoxelGame/src/server/entity/ServerEntityTracker.cpp,114,15788993718,20101,19,
EntityTracker,/Users/obey/Desktop/MyVoxelGame/src/server/entity/ServerEntityTracker.cpp,114,15838608428,15792,19,
EntityTracker,/Users/obey/Desktop/MyVoxelGame/src/server/entity/ServerEntityTracker.cpp,114,15890266967,13600,19,
EntityTracker,/Users/obey/Desktop/MyVoxelGame/src/server/entity/ServerEntityTracker.cpp,114,15938984042,21750,19,
EntityTracker,/Users/obey/Desktop/MyVoxelGame/src/server/entity/ServerEntityTracker.cpp,114,15990722632,17017,19,
EntityTracker,/Users/obey/Desktop/MyVoxelGame/src/server/entity/ServerEntityTracker.cpp,114,16038897975,13625,19,
EntityTracker,/Users/obey/Desktop/MyVoxelGame/src/server/entity/ServerEntityTracker.cpp,114,16091167947,20809,19,
EntityTracker,/Users/obey/Desktop/MyVoxelGame/src/server/entity/ServerEntityTracker.cpp,114,16138772038,23602,19,
EntityTracker,/Users/obey/Desktop/MyVoxelGame/src/server/entity/ServerEntityTracker.cpp,114,16189152938,21142,19,
EntityTracker,/Users/obey/Desktop/MyVoxelGame/src/server/entity/ServerEntityTracker.cpp,114,16241511356,18017,19,
EntityTracker,/Users/obey/Desktop/MyVoxelGame/src/server/entity/ServerEntityTracker.cpp,114,16288955568,20667,19,
EntityTracker,/Users/obey/Desktop/MyVoxelGame/src/server/entity/ServerEntityTracker.cpp,114,16340195794,22083,19,
EntityTracker,/Users/obey/Desktop/MyVoxelGame/src/server/entity/ServerEntityTracker.cpp,114,16391031856,21435,19,
EntityTracker,/Users/obey/Desktop/MyVoxelGame/src/server/entity/ServerEntityTracker.cpp,114,16438916958,17209,19,
EntityTracker,/Users/obey/Desktop/MyVoxelGame/src/server/entity/ServerEntityTracker.cpp,114,16488692381,26750,19,
EntityTracker,/Users/obey/Desktop/MyVoxelGame/src/server/entity/ServerEntityTracker.cpp,114,16541344124,43434,19,
EntityTracker,/Users/obey/Desktop/MyVoxelGame/src/server/entity/ServerEntityTracker.cpp,114,16589272725,24309,19,
EntityTracker,/Users/obey/Desktop/MyVoxelGame/src/server/entity/ServerEntityTracker.cpp,114,16641042266,21750,19,
EntityTracker,/Users/obey/Desktop/MyVoxelGame/src/server/entity/ServerEntityTracker.cpp,114,16688752536,25768,19,
EntityTracker,/Users/obey/Desktop/MyVoxelGame/src/server/entity/ServerEntityTracker.cpp,114,16739260048,26684,19,
EntityTracker,/Users/obey/Desktop/MyVoxelGame/src/server/entity/ServerEntityTracker.cpp,114,16789751269,33517,19,
EntityTracker,/Users/obey/Desktop/MyVoxelGame/src/server/entity/ServerEntityTracker.cpp,114,16839899361,12875,19,
EntityTracker,/Users/obey/Desktop/MyVoxelGame/src/server/entity/ServerEntityTracker.cpp,114,16891277199,18267,19,
EntityTracker,/Users/obey/Desktop/MyVoxelGame/src/server/entity/ServerEntityTracker.cpp,114,16942722505,33726,19,
EntityTracker,/Users/obey/Desktop/MyVoxelGame/src/server/entity/ServerEntityTracker.cpp,114,16989553949,21184,19,
EntityTracker,/Users/obey/Desktop/MyVoxelGame/src/server/entity/ServerEntityTracker.cpp,114,17039309272,20809,19,
EntityTracker,/Users/obey/Desktop/MyVoxelGame/src/server/entity/ServerEntityTracker.cpp,114,17091659105,14084,19,
EntityTracker,/Users/obey/Desktop/MyVoxelGame/src/server/entity/ServerEntityTracker.cpp,114,17138903195,33185,19,
EntityTracker,/Users/obey/Desktop/MyVoxelGame/src/server/entity/ServerEntityTracker.cpp,114,17188744445,36060,19,
EntityTracker,/Users/obey/Desktop/MyVoxelGame/src/server/entity/ServerEntityTracker.cpp,114,17241505675,12875,19,
EntityTracker,/Users/obey/Desktop/MyVoxelGame/src/server/entity/ServerEntityTracker.cpp,114,17289183969,28433,19,
EntityTracker,/Users/obey/Desktop/MyVoxelGame/src/server/entity/ServerEntityTracker.cpp,114,17341058981,26142,19,
EntityTracker,/Users/obey/Desktop/MyVoxelGame/src/server/entity/ServerEntityTracker.cpp,114,17389329000,16417,19,
EntityTracker,/Users/obey/Desktop/MyVoxelGame/src/server/entity/ServerEntityTracker.cpp,114,17448262365,14541,19,
EntityTracker,/Users/obey/Desktop/MyVoxelGame/src/server/entity/ServerEntityTracker.cpp,114,17491111213,20810,19,
EntityTracker,/Users/obey/Desktop/MyVoxelGame/src/server/entity/ServerEntityTracker.cpp,114,17538871476,38060,19,
EntityTracker,/Users/obey/Desktop/MyVoxelGame/src/server/entity/ServerEntityTracker.cpp,114,17589768134,25083,19,
EntityTracker,/Users/obey/Desktop/MyVoxelGame/src/server/entity/ServerEntityTracker.cpp,114,17638803118,80136,19,
EntityTracker,/Users/obey/Desktop/MyVoxelGame/src/server/entity/ServerEntityTracker.cpp,114,17688744897,15625,19,
EntityTracker,/Users/obey/Desktop/MyVoxelGame/src/server/entity/ServerEntityTracker.cpp,114,17738642223,37018,19,
EntityTracker,/Users/obey/Desktop/MyVoxelGame/src/server/entity/ServerEntityTracker.cpp,114,17790983166,26267,19,
EntityTracker,/Users/obey/Desktop/MyVoxelGame/src/server/entity/ServerEntityTracker.cpp,114,17839259728,23392,19,
EntityTracker,/Users/obey/Desktop/MyVoxelGame/src/server/entity/ServerEntityTracker.cpp,114,17889070709,25268,19,
EntityTracker,/Users/obey/Desktop/MyVoxelGame/src/server/entity/ServerEntityTracker.cpp,114,17938575267,34725,19,
EntityTracker,/Users/obey/Desktop/MyVoxelGame/src/server/entity/ServerEntityTracker.cpp,114,17989695713,25310,19,
EntityTracker,/Users/obey/Desktop/MyVoxelGame/src/server/entity/ServerEntityTracker.cpp,114,18038701823,44243,19,
EntityTracker,/Users/obey/Desktop/MyVoxelGame/src/server/entity/ServerEntityTracker.cpp,114,18090535691,19792,19,
EntityTracker,/Users/obey/Desktop/MyVoxelGame/src/server/entity/ServerEntityTracker.cpp,114,18138674665,39476,19,
EntityTracker,/Users/obey/Desktop/MyVoxelGame/src/server/entity/ServerEntityTracker.cpp,114,18189287373,50683,19,
EntityTracker,/Users/obey/Desktop/MyVoxelGame/src/server/entity/ServerEntityTracker.cpp,114,18238819530,20958,19,
EntityTracker,/Users/obey/Desktop/MyVoxelGame/src/server/entity/ServerEntityTracker.cpp,114,18291468564,30518,19,
EntityTracker,/Users/obey/Desktop/MyVoxelGame/src/server/entity/ServerEntityTracker.cpp,114,18341373099,69969,19,
EntityTracker,/Users/obey/Desktop/MyVoxelGame/src/server/entity/ServerEntityTracker.cpp,114,18388758152,17976,19,
EntityTracker,/Users/obey/Desktop/MyVoxelGame/src/server/entity/ServerEntityTracker.cpp,114,18440203542,76035,19,
EntityTracker,/Users/obey/Desktop/MyVoxelGame/src/server/entity/ServerEntityTracker.cpp,114,18490969569,33518,19,
EntityTracker,/Users/obey/Desktop/MyVoxelGame/src/server/entity/ServerEntityTracker.cpp,114,18539254548,17560,19,
EntityTracker,/Users/obey/Desktop/MyVoxelGame/src/server/entity/ServerEntityTracker.cpp,114,18588667653,27708,19,
EntityTracker,/Users/obey/Desktop/MyVoxelGame/src/server/entity/ServerEntityTracker.cpp,114,18638651015,21726,19,
EntityTracker,/Users/obey/Desktop/MyVoxelGame/src/server/entity/ServerEntityTracker.cpp,114,18688881994,34702,19,
EntityTracker,/Users/obey/Desktop/MyVoxelGame/src/server/entity/ServerEntityTracker.cpp,114,18739136116,20475,19,
EntityTracker,/Users/obey/Desktop/MyVoxelGame/src/server/entity/ServerEntityTracker.cpp,114,18788850544,44828,19,
EntityTracker,/Users/obey/Desktop/MyVoxelGame/src/server/entity/ServerEntityTracker.cpp,114,18839670566,21602,19,
EntityTracker,/Users/obey/Desktop/MyVoxelGame/src/server/entity/ServerEntityTracker.cpp,114,18889025219,22458,19,
EntityTracker,/Users/obey/Desktop/MyVoxelGame/src/server/entity/ServerEntityTracker.cpp,114,18939285216,48142,19,
EntityTracker,/Users/obey/Desktop/MyVoxelGame/src/server/entity/ServerEntityTracker.cpp,114,18989428058,24208,19,
EntityTracker,/Users/obey/Desktop/MyVoxelGame/src/server/entity/ServerEntityTracker.cpp,114,19039102244,32893,19,
EntityTracker,/Users/obey/Desktop/MyVoxelGame/src/server/entity/ServerEntityTracker.cpp,114,19088541225,23475,19,
EntityTracker,/Users/obey/Desktop/MyVoxelGame/src/server/entity/ServerEntityTracker.cpp,114,19138836672,21709,19,
EntityTracker,/Users/obey/Desktop/MyVoxelGame/src/server/entity/ServerEntityTracker.cpp,114,19188895296,24810,19,
EntityTracker,/Users/obey/Desktop/MyVoxelGame/src/server/entity/ServerEntityTracker.cpp,114,19240302401,22850,19,
EntityTracker,/Users/obey/Desktop/MyVoxelGame/src/server/entity/ServerEntityTracker.cpp,114,19289335945,42767,19,
EntityTracker,/Users/obey/Desktop/MyVoxelGame/src/server/entity/ServerEntityTracker.cpp,114,19341142711,23209,19,
EntityTracker,/Users/obey/Desktop/MyVoxelGame/src/server/entity/ServerEntityTracker.cpp,114,19389142741,24417,19,
EntityTracker,/Users/obey/Desktop/MyVoxelGame/src/server/entity/ServerEntityTracker.cpp,114,19440309080,44619,19,
EntityTracker,/Users/obey/Desktop/MyVoxelGame/src/server/entity/ServerEntityTracker.cpp,114,19489243070,57101,19,
EntityTracker,/Users/obey/Desktop/MyVoxelGame/src/server/entity/ServerEntityTracker.cpp,114,19547625284,26518,19,
EntityTracker,/Users/obey/Desktop/MyVoxelGame/src/server/entity/ServerEntityTracker.cpp,114,19588926154,36768,19,
EntityTracker,/Users/obey/Desktop/MyVoxelGame/src/server/entity/ServerEntityTracker.cpp,114,19638809106,36560,19,
EntityTracker,/Users/obey/Desktop/MyVoxelGame/src/server/entity/ServerEntityTracker.cpp,114,19689312351,22433,19,
EntityTracker,/Users/obey/Desktop/MyVoxelGame/src/server/entity/ServerEntityTracker.cpp,114,19739962617,90136,19,
EntityTracker,/Users/obey/Desktop/MyVoxelGame/src/server/entity/ServerEntityTracker.cpp,114,19789719873,29060,19,
EntityTracker,/Users/obey/Desktop/MyVoxelGame/src/server/entity/ServerEntityTracker.cpp,114,19838844577,36536,19,
EntityTracker,/Users/obey/Desktop/MyVoxelGame/src/server/entity/ServerEntityTracker.cpp,114,19889294345,32702,19,
EntityTracker,/Users/obey/Desktop/MyVoxelGame/src/server/entity/ServerEntityTracker.cpp,114,19940531363,22934,19,
EntityTracker,/Users/obey/Desktop/MyVoxelGame/src/server/entity/ServerEntityTracker.cpp,114,19989471353,25310,19,
EntityTracker,/Users/obey/Desktop/MyVoxelGame/src/server/entity/ServerEntityTracker.cpp,114,20040220171,24518,19,
EntityTracker,/Users/obey/Desktop/MyVoxelGame/src/server/entity/ServerEntityTracker.cpp,114,20090109875,51225,19,
EntityTracker,/Users/obey/Desktop/MyVoxelGame/src/server/entity/ServerEntityTracker.cpp,114,20139054448,30434,19,
EntityTracker,/Users/obey/Desktop/MyVoxelGame/src/server/entity/ServerEntityTracker.cpp,114,20188834122,24601,19,
EntityTracker,/Users/obey/Desktop/MyVoxelGame/src/server/entity/ServerEntityTracker.cpp,114,20239622083,21435,19,
EntityTracker,/Users/obey/Desktop/MyVoxelGame/src/server/entity/ServerEntityTracker.cpp,114,20291057998,56201,19,
EntityTracker,/Users/obey/Desktop/MyVoxelGame/src/server/entity/ServerEntityTracker.cpp,114,20340001904,37953,19,
EntityTracker,/Users/obey/Desktop/MyVoxelGame/src/server/entity/ServerEntityTracker.cpp,114,20389889023,40100,19,
EntityTracker,/Users/obey/Desktop/MyVoxelGame/src/server/entity/ServerEntityTracker.cpp,114,20441863170,39935,19,
EntityTracker,/Users/obey/Desktop/MyVoxelGame/src/server/entity/ServerEntityTracker.cpp,114,20490354980,104970,19,
EntityTracker,/Users/obey/Desktop/MyVoxelGame/src/server/entity/ServerEntityTracker.cpp,114,20540246224,25435,19,
EntityTracker,/Users/obey/Desktop/MyVoxelGame/src/server/entity/ServerEntityTracker.cpp,114,20589582401,49559,19,
EntityTracker,/Users/obey/Desktop/MyVoxelGame/src/server/entity/ServerEntityTracker.cpp,114,20639167202,27767,19,
EntityTracker,/Users/obey/Desktop/MyVoxelGame/src/server/entity/ServerEntityTracker.cpp,114,20689350663,25309,19,
EntityTracker,/Users/obey/Desktop/MyVoxelGame/src/server/entity/ServerEntityTracker.cpp,114,20740216969,31476,19,
EntityTracker,/Users/obey/Desktop/MyVoxelGame/src/server/entity/ServerEntityTracker.cpp,114,20791170685,55994,19,
EntityTracker,/Users/obey/Desktop/MyVoxelGame/src/server/entity/ServerEntityTracker.cpp,114,20839839308,34018,19,
EntityTracker,/Users/obey/Desktop/MyVoxelGame/src/server/entity/ServerEntityTracker.cpp,114,20891167379,24392,19,
EntityTracker,/Users/obey/Desktop/MyVoxelGame/src/server/entity/ServerEntityTracker.cpp,114,20940415712,26851,19,
EntityTracker,/Users/obey/Desktop/MyVoxelGame/src/server/entity/ServerEntityTracker.cpp,114,20990336872,25977,19,
EntityTracker,/Users/obey/Desktop/MyVoxelGame/src/server/entity/ServerEntityTracker.cpp,114,21040888794,74368,19,
EntityTracker,/Users/obey/Desktop/MyVoxelGame/src/server/entity/ServerEntityTracker.cpp,114,21089549776,43535,19,
EntityTracker,/Users/obey/Desktop/MyVoxelGame/src/server/entity/ServerEntityTracker.cpp,114,21140051163,25100,19,
EntityTracker,/Users/obey/Desktop/MyVoxelGame/src/server/entity/ServerEntityTracker.cpp,114,21189283287,25875,19,
EntityTracker,/Users/obey/Desktop/MyVoxelGame/src/server/entity/ServerEntityTracker.cpp,114,21241976672,23684,19,
EntityTracker,/Users/obey/Desktop/MyVoxelGame/src/server/entity/ServerEntityTracker.cpp,114,21289161267,18643,19,
EntityTracker,/Users/obey/Desktop/MyVoxelGame/src/server/entity/ServerEntityTracker.cpp,114,21340378285,50392,19,
EntityTracker,/Users/obey/Desktop/MyVoxelGame/src/server/entity/ServerEntityTracker.cpp,114,21388740841,24600,19,
EntityTracker,/Users/obey/Desktop/MyVoxelGame/src/server/entity/ServerEntityTracker.cpp,114,21440522841,18934,19,
EntityTracker,/Users/obey/Desktop/MyVoxelGame/src/server/entity/ServerEntityTracker.cpp,114,21489804316,23976,19,
EntityTracker,/Users/obey/Desktop/MyVoxelGame/src/server/entity/ServerEntityTracker.cpp,114,21539057815,21476,19,
EntityTracker,/Users/obey/Desktop/MyVoxelGame/src/server/entity/ServerEntityTracker.cpp,114,21589019261,18517,19,
EntityTracker,/Users/obey/Desktop/MyVoxelGame/src/server/entity/ServerEntityTracker.cpp,114,21641495791,24667,19,
EntityTracker,/Users/obey/Desktop/MyVoxelGame/src/server/entity/ServerEntityTracker.cpp,114,21688930194,22309,19,
EntityTracker,/Users/obey/Desktop/MyVoxelGame/src/server/entity/ServerEntityTracker.cpp,114,21740345316,25017,19,
EntityTracker,/Users/obey/Desktop/MyVoxelGame/src/server/entity/ServerEntityTracker.cpp,114,21789015566,30975,19,
EntityTracker,/Users/obey/Desktop/MyVoxelGame/src/server/entity/ServerEntityTracker.cpp,114,21841525219,61327,19,
EntityTracker,/Users/obey/Desktop/MyVoxelGame/src/server/entity/ServerEntityTracker.cpp,114,21889871859,28685,19,
EntityTracker,/Users/obey/Desktop/MyVoxelGame/src/server/entity/ServerEntityTracker.cpp,114,21939396599,25227,19,
EntityTracker,/Users/obey/Desktop/MyVoxelGame/src/server/entity/ServerEntityTracker.cpp,114,21989004934,40685,19,
EntityTracker,/Users/obey/Desktop/MyVoxelGame/src/server/entity/ServerEntityTracker.cpp,114,22040920464,35684,19,
EntityTracker,/Users/obey/Desktop/MyVoxelGame/src/server/entity/ServerEntityTracker.cpp,114,22089171925,29392,19,
EntityTracker,/Users/obey/Desktop/MyVoxelGame/src/server/entity/ServerEntityTracker.cpp,114,22139721931,40267,19,
EntityTracker,/Users/obey/Desktop/MyVoxelGame/src/server/entity/ServerEntityTracker.cpp,114,22189223487,25708,19,
EntityTracker,/Users/obey/Desktop/MyVoxelGame/src/server/entity/ServerEntityTracker.cpp,114,22240475380,110945,19,
EntityTracker,/Users/obey/Desktop/MyVoxelGame/src/server/entity/ServerEntityTracker.cpp,114,22290798910,21685,19,
EntityTracker,/Users/obey/Desktop/MyVoxelGame/src/server/entity/ServerEntityTracker.cpp,114,22339579421,25185,19,
EntityTracker,/Users/obey/Desktop/MyVoxelGame/src/server/entity/ServerEntityTracker.cpp,114,22388869123,24125,19,
EntityTracker,/Users/obey/Desktop/MyVoxelGame/src/server/entity/ServerEntityTracker.cpp,114,22439154285,22600,19,
EntityTracker,/Users/obey/Desktop/MyVoxelGame/src/server/entity/ServerEntityTracker.cpp,114,22492070852,20102,19,
EntityTracker,/Users/obey/Desktop/MyVoxelGame/src/server/entity/ServerEntityTracker.cpp,114,22538999099,26226,19,
EntityTracker,/Users/obey/Desktop/MyVoxelGame/src/server/entity/ServerEntityTracker.cpp,114,22589279947,39518,19,
EntityTracker,/Users/obey/Desktop/MyVoxelGame/src/server/entity/ServerEntityTracker.cpp,114,22640354108,21893,19,
EntityTracker,/Users/obey/Desktop/MyVoxelGame/src/server/entity/ServerEntityTracker.cpp,114,22689109493,31768,19,
EntityTracker,/Users/obey/Desktop/MyVoxelGame/src/server/entity/ServerEntityTracker.cpp,114,22739273854,23208,19,
EntityTracker,/Users/obey/Desktop/MyVoxelGame/src/server/entity/ServerEntityTracker.cpp,114,22789193931,25892,19,
EntityTracker,/Users/obey/Desktop/MyVoxelGame/src/server/entity/ServerEntityTracker.cpp,114,22839874798,58993,19,
EntityTracker,/Users/obey/Desktop/MyVoxelGame/src/server/entity/ServerEntityTracker.cpp,114,22890144418,55244,19,
EntityTracker,/Users/obey/Desktop/MyVoxelGame/src/server/entity/ServerEntityTracker.cpp,114,22939516531,23309,19,
EntityTracker,/Users/obey/Desktop/MyVoxelGame/src/server/entity/ServerEntityTracker.cpp,114,22990442247,41975,19,
EntityTracker,/Users/obey/Desktop/MyVoxelGame/src/server/entity/ServerEntityTracker.cpp,114,23038821487,27767,19,
EntityTracker,/Users/obey/Desktop/MyVoxelGame/src/server/entity/ServerEntityTracker.cpp,114,23089184969,41143,19,
EntityTracker,/Users/obey/Desktop/MyVoxelGame/src/server/entity/ServerEntityTracker.cpp,114,23139098423,26475,19,
EntityTracker,/Users/obey/Desktop/MyVoxelGame/src/server/entity/ServerEntityTracker.cpp,114,23189084344,40225,19,
EntityTracker,/Users/obey/Desktop/MyVoxelGame/src/server/entity/ServerEntityTracker.cpp,114,23240469699,43143,19,
EntityTracker,/Users/obey/Desktop/MyVoxelGame/src/server/entity/ServerEntityTracker.cpp,114,23289105763,20292,19,
EntityTracker,/Users/obey/Desktop/MyVoxelGame/src/server/entity/ServerEntityTracker.cpp,114,23340577819,69536,19,
EntityTracker,/Users/obey/Desktop/MyVoxelGame/src/server/entity/ServerEntityTracker.cpp,114,23389776492,26685,19,
EntityTracker,/Users/obey/Desktop/MyVoxelGame/src/server/entity/ServerEntityTracker.cpp,114,23439069819,39892,19,
EntityTracker,/Users/obey/Desktop/MyVoxelGame/src/server/entity/ServerEntityTracker.cpp,114,23491244739,23517,19,
EntityTracker,/Users/obey/Desktop/MyVoxelGame/src/server/entity/ServerEntityTracker.cpp,114,23541195725,41227,19,
EntityTracker,/Users/obey/Desktop/MyVoxelGame/src/server/entity/ServerEntityTracker.cpp,114,23589433520,47643,19,
EntityTracker,/Users/obey/Desktop/MyVoxelGame/src/server/entity/ServerEntityTracker.cpp,114,23640108078,24476,19,
EntityTracker,/Users/obey/Desktop/MyVoxelGame/src/server/entity/ServerEntityTracker.cpp,114,23689222798,23625,19,
EntityTracker,/Users/obey/Desktop/MyVoxelGame/src/server/entity/ServerEntityTracker.cpp,114,23739861923,49101,19,
EntityTracker,/Users/obey/Desktop/MyVoxelGame/src/server/entity/ServerEntityTracker.cpp,114,23791376556,25768,19,
EntityTracker,/Users/obey/Desktop/MyVoxelGame/src/server/entity/ServerEntityTracker.cpp,114,23839659702,25226,19,
EntityTracker,/Users/obey/Desktop/MyVoxelGame/src/server/entity/ServerEntityTracker.cpp,114,23890023167,30018,19,
EntityTracker,/Users/obey/Desktop/MyVoxelGame/src/server/entity/ServerEntityTracker.cpp,114,23939148722,25601,19,
EntityTracker,/Users/obey/Desktop/MyVoxelGame/src/server/entity/ServerEntityTracker.cpp,114,23989374450,40560,19,
EntityTracker,/Users/obey/Desktop/MyVoxelGame/src/server/entity/ServerEntityTracker.cpp,114,24039345813,43994,19,
EntityTracker,/Users/obey/Desktop/MyVoxelGame/src/server/entity/ServerEntityTracker.cpp,114,24092168118,31268,19,
EntityTracker,/Users/obey/Desktop/MyVoxelGame/src/server/entity/ServerEntityTracker.cpp,114,24139480719,28059,19,
EntityTracker,/Users/obey/Desktop/MyVoxelGame/src/server/entity/ServerEntityTracker.cpp,114,24189126430,39618,19,
EntityTracker,/Users/obey/Desktop/MyVoxelGame/src/server/entity/ServerEntityTracker.cpp,114,24239137119,24892,19,
EntityTracker,/Users/obey/Desktop/MyVoxelGame/src/server/entity/ServerEntityTracker.cpp,114,24289470609,25018,19,
EntityTracker,/Users/obey/Desktop/MyVoxelGame/src/server/entity/ServerEntityTracker.cpp,114,24341120538,22934,19,
EntityTracker,/Users/obey/Desktop/MyVoxelGame/src/server/entity/ServerEntityTracker.cpp,114,24389736211,23850,19,
EntityTracker,/Users/obey/Desktop/MyVoxelGame/src/server/entity/ServerEntityTracker.cpp,114,24439536818,41393,19,
EntityTracker,/Users/obey/Desktop/MyVoxelGame/src/server/entity/ServerEntityTracker.cpp,114,24488952738,24601,19,
EntityTracker,/Users/obey/Desktop/MyVoxelGame/src/server/entity/ServerEntityTracker.cpp,114,24540985255,25308,19,
EntityTracker,/Users/obey/Desktop/MyVoxelGame/src/server/entity/ServerEntityTracker.cpp,114,24591811169,22375,19,
EntityTracker,/Users/obey/Desktop/MyVoxelGame/src/server/entity/ServerEntityTracker.cpp,114,24640832528,38600,19,
EntityTracker,/Users/obey/Desktop/MyVoxelGame/src/server/entity/ServerEntityTracker.cpp,114,24689353480,23808,19,
EntityTracker,/Users/obey/Desktop/MyVoxelGame/src/server/entity/ServerEntityTracker.cpp,114,24739121945,21584,19,
EntityTracker,/Users/obey/Desktop/MyVoxelGame/src/server/entity/ServerEntityTracker.cpp,114,24789273246,23267,19,
EntityTracker,/Users/obey/Desktop/MyVoxelGame/src/server/entity/ServerEntityTracker.cpp,114,24840635667,42017,19,
EntityTracker,/Users/obey/Desktop/MyVoxelGame/src/server/entity/ServerEntityTracker.cpp,114,24890122848,20958,19,
EntityTracker,/Users/obey/Desktop/MyVoxelGame/src/server/entity/ServerEntityTracker.cpp,114,24938886566,34018,19,
EntityTracker,/Users/obey/Desktop/MyVoxelGame/src/server/entity/ServerEntityTracker.cpp,114,24989121171,21916,19,
EntityTracker,/Users/obey/Desktop/MyVoxelGame/src/server/entity/ServerEntityTracker.cpp,114,25040303527,32184,19,
EntityTracker,/Users/obey/Desktop/MyVoxelGame/src/server/entity/ServerEntityTracker.cpp,114,25089809543,47035,19,
EntityTracker,/Users/obey/Desktop/MyVoxelGame/src/server/entity/ServerEntityTracker.cpp,114,25139242813,24435,19,
EntityTracker,/Users/obey/Desktop/MyVoxelGame/src/server/entity/ServerEntityTracker.cpp,114,25191278663,36643,19,
EntityTracker,/Users/obey/Desktop/MyVoxelGame/src/server/entity/ServerEntityTracker.cpp,114,25238922315,31183,19,
EntityTracker,/Users/obey/Desktop/MyVoxelGame/src/server/entity/ServerEntityTracker.cpp,114,25289039265,35767,19,
EntityTracker,/Users/obey/Desktop/MyVoxelGame/src/server/entity/ServerEntityTracker.cpp,114,25339262035,20267,19,
EntityTracker,/Users/obey/Desktop/MyVoxelGame/src/server/entity/ServerEntityTracker.cpp,114,25388964672,23000,19,
EntityTracker,/Users/obey/Desktop/MyVoxelGame/src/server/entity/ServerEntityTracker.cpp,114,25439198819,20708,19,
EntityTracker,/Users/obey/Desktop/MyVoxelGame/src/server/entity/ServerEntityTracker.cpp,114,25489016425,38352,19,
EntityTracker,/Users/obey/Desktop/MyVoxelGame/src/server/entity/ServerEntityTracker.cpp,114,25540267920,23000,19,
EntityTracker,/Users/obey/Desktop/MyVoxelGame/src/server/entity/ServerEntityTracker.cpp,114,25589081696,25352,19,
EntityTracker,/Users/obey/Desktop/MyVoxelGame/src/server/entity/ServerEntityTracker.cpp,114,25640001038,47060,19,
EntityTracker,/Users/obey/Desktop/MyVoxelGame/src/server/entity/ServerEntityTracker.cpp,114,25690025810,21518,19,
EntityTracker,/Users/obey/Desktop/MyVoxelGame/src/server/entity/ServerEntityTracker.cpp,114,25738995217,25684,19,
EntityTracker,/Users/obey/Desktop/MyVoxelGame/src/server/entity/ServerEntityTracker.cpp,114,25789138702,46643,19,
EntityTracker,/Users/obey/Desktop/MyVoxelGame/src/server/entity/ServerEntityTracker.cpp,114,25840680211,23684,19,
EntityTracker,/Users/obey/Desktop/MyVoxelGame/src/server/entity/ServerEntityTracker.cpp,114,25889663279,26833,19,
EntityTracker,/Users/obey/Desktop/MyVoxelGame/src/server/entity/ServerEntityTracker.cpp,114,25941616242,26767,19,
EntityTracker,/Users/obey/Desktop/MyVoxelGame/src/server/entity/ServerEntityTracker.cpp,114,25990119552,49285,19,
EntityTracker,/Users/obey/Desktop/MyVoxelGame/src/server/entity/ServerEntityTracker.cpp,114,26040005795,22851,19,
EntityTracker,/Users/obey/Desktop/MyVoxelGame/src/server/entity/ServerEntityTracker.cpp,114,26090341619,21142,19,
EntityTracker,/Users/obey/Desktop/MyVoxelGame/src/server/entity/ServerEntityTracker.cpp,114,26140245338,21750,19,
EntityTracker,/Users/obey/Desktop/MyVoxelGame/src/server/entity/ServerEntityTracker.cpp,114,26189472778,38351,19,
EntityTracker,/Users/obey/Desktop/MyVoxelGame/src/server/entity/ServerEntityTracker.cpp,114,26240094902,24542,19,
EntityTracker,/Users/obey/Desktop/MyVoxelGame/src/server/entity/ServerEntityTracker.cpp,114,26293372997,24434,19,
EntityTracker,/Users/obey/Desktop/MyVoxelGame/src/server/entity/ServerEntityTracker.cpp,114,26342217559,42892,19,
EntityTracker,/Users/obey/Desktop/MyVoxelGame/src/server/entity/ServerEntityTracker.cpp,114,26389473273,21726,19,
EntityTracker,/Users/obey/Desktop/MyVoxelGame/src/server/entity/ServerEntityTracker.cpp,114,26440240277,41767,19,
EntityTracker,/Users/obey/Desktop/MyVoxelGame/src/server/entity/ServerEntityTracker.cpp,114,26490242489,21935,19,
EntityTracker,/Users/obey/Desktop/MyVoxelGame/src/server/entity/ServerEntityTracker.cpp,114,26540110424,25518,19,
EntityTracker,/Users/obey/Desktop/MyVoxelGame/src/server/entity/ServerEntityTracker.cpp,114,26589637123,23101,19,
EntityTracker,/Users/obey/Desktop/MyVoxelGame/src/server/entity/ServerEntityTracker.cpp,114,26640367401,103053,19,
EntityTracker,/Users/obey/Desktop/MyVoxelGame/src/server/entity/ServerEntityTracker.cpp,114,26689689102,26643,19,
EntityTracker,/Users/obey/Desktop/MyVoxelGame/src/server/entity/ServerEntityTracker.cpp,114,26739647298,29559,19,
EntityTracker,/Users/obey/Desktop/MyVoxelGame/src/server/entity/ServerEntityTracker.cpp,114,26789854385,26725,19,
EntityTracker,/Users/obey/Desktop/MyVoxelGame/src/server/entity/ServerEntityTracker.cpp,114,26840764416,23934,19,
EntityTracker,/Users/obey/Desktop/MyVoxelGame/src/server/entity/ServerEntityTracker.cpp,114,26889113073,30309,19,
EntityTracker,/Users/obey/Desktop/MyVoxelGame/src/server/entity/ServerEntityTracker.cpp,114,26939393610,22851,19,
EntityTracker,/Users/obey/Desktop/MyVoxelGame/src/server/entity/ServerEntityTracker.cpp,114,26989415425,22225,19,
EntityTracker,/Users/obey/Desktop/MyVoxelGame/src/server/entity/ServerEntityTracker.cpp,114,27039510041,38601,19,
EntityTracker,/Users/obey/Desktop/MyVoxelGame/src/server/entity/ServerEntityTracker.cpp,114,27089333899,20183,19,
EntityTracker,/Users/obey/Desktop/MyVoxelGame/src/server/entity/ServerEntityTracker.cpp,114,27139244076,27185,19,
EntityTracker,/Users/obey/Desktop/MyVoxelGame/src/server/entity/ServerEntityTracker.cpp,114,27189373860,22434,19,
EntityTracker,/Users/obey/Desktop/MyVoxelGame/src/server/entity/ServerEntityTracker.cpp,114,27239386466,19184,19,
EntityTracker,/Users/obey/Desktop/MyVoxelGame/src/server/entity/ServerEntityTracker.cpp,114,27289859127,21184,19,
EntityTracker,/Users/obey/Desktop/MyVoxelGame/src/server/entity/ServerEntityTracker.cpp,114,27339025824,22684,19,
EntityTracker,/Users/obey/Desktop/MyVoxelGame/src/server/entity/ServerEntityTracker.cpp,114,27389245093,18125,19,
EntityTracker,/Users/obey/Desktop/MyVoxelGame/src/server/entity/ServerEntityTracker.cpp,114,27439190229,23435,19,
EntityTracker,/Users/obey/Desktop/MyVoxelGame/src/server/entity/ServerEntityTracker.cpp,114,27491361751,20350,19,
EntityTracker,/Users/obey/Desktop/MyVoxelGame/src/server/entity/ServerEntityTracker.cpp,114,27538877581,20101,19,
EntityTracker,/Users/obey/Desktop/MyVoxelGame/src/server/entity/ServerEntityTracker.cpp,114,27589245756,44993,19,
EntityTracker,/Users/obey/Desktop/MyVoxelGame/src/server/entity/ServerEntityTracker.cpp,114,27640838859,26058,19,
EntityTracker,/Users/obey/Desktop/MyVoxelGame/src/server/entity/ServerEntityTracker.cpp,114,27689282675,29227,19,
EntityTracker,/Users/obey/Desktop/MyVoxelGame/src/server/entity/ServerEntityTracker.cpp,114,27739974310,54100,19,
EntityTracker,/Users/obey/Desktop/MyVoxelGame/src/server/entity/ServerEntityTracker.cpp,114,27789192525,35993,19,
EntityTracker,/Users/obey/Desktop/MyVoxelGame/src/server/entity/ServerEntityTracker.cpp,114,27840077390,22208,19,
EntityTracker,/Users/obey/Desktop/MyVoxelGame/src/server/entity/ServerEntityTracker.cpp,114,27890554509,55244,19,
EntityTracker,/Users/obey/Desktop/MyVoxelGame/src/server/entity/ServerEntityTracker.cpp,114,27941948239,22851,19,
EntityTracker,/Users/obey/Desktop/MyVoxelGame/src/server/entity/ServerEntityTracker.cpp,114,27988963646,36535,19,
EntityTracker,/Users/obey/Desktop/MyVoxelGame/src/server/entity/ServerEntityTracker.cpp,114,28039467492,23601,19,
EntityTracker,/Users/obey/Desktop/MyVoxelGame/src/server/entity/ServerEntityTracker.cpp,114,28089452746,21810,19,
EntityTracker,/Users/obey/Desktop/MyVoxelGame/src/server/entity/ServerEntityTracker.cpp,114,28140031562,25416,19,
EntityTracker,/Users/obey/Desktop/MyVoxelGame/src/server/entity/ServerEntityTracker.cpp,114,28189385279,21477,19,
EntityTracker,/Users/obey/Desktop/MyVoxelGame/src/server/entity/ServerEntityTracker.cpp,114,28239067692,21892,19,
EntityTracker,/Users/obey/Desktop/MyVoxelGame/src/server/entity/ServerEntityTracker.cpp,114,28289595638,28542,19,
EntityTracker,/Users/obey/Desktop/MyVoxelGame/src/server/entity/ServerEntityTracker.cpp,114,28338909530,26309,19,
EntityTracker,/Users/obey/Desktop/MyVoxelGame/src/server/entity/ServerEntityTracker.cpp,114,28390625120,36226,19,
EntityTracker,/Users/obey/Desktop/MyVoxelGame/src/server/entity/ServerEntityTracker.cpp,114,28440366901,59160,19,
EntityTracker,/Users/obey/Desktop/MyVoxelGame/src/server/entity/ServerEntityTracker.cpp,114,28489972427,22893,19,
EntityTracker,/Users/obey/Desktop/MyVoxelGame/src/server/entity/ServerEntityTracker.cpp,114,28539148433,31810,19,
EntityTracker,/Users/obey/Desktop/MyVoxelGame/src/server/entity/ServerEntityTracker.cpp,114,28591529476,70303,19,
EntityTracker,/Users/obey/Desktop/MyVoxelGame/src/server/entity/ServerEntityTracker.cpp,114,28641777388,25602,19,
EntityTracker,/Users/obey/Desktop/MyVoxelGame/src/server/entity/ServerEntityTracker.cpp,114,28689974440,26976,19,
EntityTracker,/Users/obey/Desktop/MyVoxelGame/src/server/entity/ServerEntityTracker.cpp,114,28741681096,36243,19,
EntityTracker,/Users/obey/Desktop/MyVoxelGame/src/server/entity/ServerEntityTracker.cpp,114,28790059478,46517,19,
EntityTracker,/Users/obey/Desktop/MyVoxelGame/src/server/entity/ServerEntityTracker.cpp,114,28839566910,25518,19,
EntityTracker,/Users/obey/Desktop/MyVoxelGame/src/server/entity/ServerEntityTracker.cpp,114,28891488605,29226,19,
EntityTracker,/Users/obey/Desktop/MyVoxelGame/src/server/entity/ServerEntityTracker.cpp,114,28939574312,27309,19,
EntityTracker,/Users/obey/Desktop/MyVoxelGame/src/server/entity/ServerEntityTracker.cpp,114,28990128192,37142,19,
EntityTracker,/Users/obey/Desktop/MyVoxelGame/src/server/entity/ServerEntityTracker.cpp,114,29039735927,41018,19,
EntityTracker,/Users/obey/Desktop/MyVoxelGame/src/server/entity/ServerEntityTracker.cpp,114,29094491173,42453,19,
EntityTracker,/Users/obey/Desktop/MyVoxelGame/src/server/entity/ServerEntityTracker.cpp,114,29139990094,22143,19,
EntityTracker,/Users/obey/Desktop/MyVoxelGame/src/server/entity/ServerEntityTracker.cpp,114,29193416003,69910,19,
EntityTracker,/Users/obey/Desktop/MyVoxelGame/src/server/entity/ServerEntityTracker.cpp,114,29240959725,115196,19,
EntityTracker,/Users/obey/Desktop/MyVoxelGame/src/server/entity/ServerEntityTracker.cpp,114,29289525946,28476,19,
EntityTracker,/Users/obey/Desktop/MyVoxelGame/src/server/entity/ServerEntityTracker.cpp,114,29341719275,21000,19,
EntityTracker,/Users/obey/Desktop/MyVoxelGame/src/server/entity/ServerEntityTracker.cpp,114,29389959678,58577,19,
EntityTracker,/Users/obey/Desktop/MyVoxelGame/src/server/entity/ServerEntityTracker.cpp,114,29439362723,34767,19,
EntityTracker,/Users/obey/Desktop/MyVoxelGame/src/server/entity/ServerEntityTracker.cpp,114,29490439112,68535,19,
EntityTracker,/Users/obey/Desktop/MyVoxelGame/src/server/entity/ServerEntityTracker.cpp,114,29541521331,58369,19,
EntityTracker,/Users/obey/Desktop/MyVoxelGame/src/server/entity/ServerEntityTracker.cpp,114,29589891780,26683,19,
EntityTracker,/Users/obey/Desktop/MyVoxelGame/src/server/entity/ServerEntityTracker.cpp,114,29641414539,62910,19,
EntityTracker,/Users/obey/Desktop/MyVoxelGame/src/server/entity/ServerEntityTracker.cpp,114,29689380424,19917,19,
EntityTracker,/Users/obey/Desktop/MyVoxelGame/src/server/entity/ServerEntityTracker.cpp,114,29739316978,35601,19,
EntityTracker,/Users/obey/Desktop/MyVoxelGame/src/server/entity/ServerEntityTracker.cpp,114,29790063880,24351,19,
EntityTracker,/Users/obey/Desktop/MyVoxelGame/src/server/entity/ServerEntityTracker.cpp,114,29839166917,24559,19,
EntityTracker,/Users/obey/Desktop/MyVoxelGame/src/server/entity/ServerEntityTracker.cpp,114,29889866409,43785,19,
EntityTracker,/Users/obey/Desktop/MyVoxelGame/src/server/entity/ServerEntityTracker.cpp,114,29940254935,30350,19,
EntityTracker,/Users/obey/Desktop/MyVoxelGame/src/server/entity/ServerEntityTracker.cpp,114,29989142765,30058,19,
EntityTracker,/Users/obey/Desktop/MyVoxelGame/src/server/entity/ServerEntityTracker.cpp,114,30040256669,70678,19,
EntityTracker,/Users/obey/Desktop/MyVoxelGame/src/server/entity/ServerEntityTracker.cpp,114,30089631072,23810,19,
EntityTracker,/Users/obey/Desktop/MyVoxelGame/src/server/entity/ServerEntityTracker.cpp,114,30139334419,21375,19,
EntityTracker,/Users/obey/Desktop/MyVoxelGame/src/server/entity/ServerEntityTracker.cpp,114,30191962478,22433,19,
EntityTracker,/Users/obey/Desktop/MyVoxelGame/src/server/entity/ServerEntityTracker.cpp,114,30239899179,22893,19,
EntityTracker,/Users/obey/Desktop/MyVoxelGame/src/server/entity/ServerEntityTracker.cpp,114,30289207339,32018,19,
EntityTracker,/Users/obey/Desktop/MyVoxelGame/src/server/entity/ServerEntityTracker.cpp,114,30339065398,30102,19,
EntityTracker,/Users/obey/Desktop/MyVoxelGame/src/server/entity/ServerEntityTracker.cpp,114,30391609654,38744,19,
EntityTracker,/Users/obey/Desktop/MyVoxelGame/src/server/entity/ServerEntityTracker.cpp,114,30439845657,20768,19,
EntityTracker,/Users/obey/Desktop/MyVoxelGame/src/server/entity/ServerEntityTracker.cpp,114,30489399165,25392,19,
EntityTracker,/Users/obey/Desktop/MyVoxelGame/src/server/entity/ServerEntityTracker.cpp,114,30548362713,21309,19,
EntityTracker,/Users/obey/Desktop/MyVoxelGame/src/server/entity/ServerEntityTracker.cpp,114,30589608714,22517,19,
EntityTracker,/Users/obey/Desktop/MyVoxelGame/src/server/entity/ServerEntityTracker.cpp,114,30639293752,24351,19,
EntityTracker,/Users/obey/Desktop/MyVoxelGame/src/server/entity/ServerEntityTracker.cpp,114,30690711874,34851,19,
EntityTracker,/Users/obey/Desktop/MyVoxelGame/src/server/entity/ServerEntityTracker.cpp,114,30739306130,20417,19,
EntityTracker,/Users/obey/Desktop/MyVoxelGame/src/server/entity/ServerEntityTracker.cpp,114,30789982938,42077,19,
EntityTracker,/Users/obey/Desktop/MyVoxelGame/src/server/entity/ServerEntityTracker.cpp,114,30839062331,36203,19,
EntityTracker,/Users/obey/Desktop/MyVoxelGame/src/server/entity/ServerEntityTracker.cpp,114,30889879413,37058,19,
EntityTracker,/Users/obey/Desktop/MyVoxelGame/src/server/entity/ServerEntityTracker.cpp,114,30939147870,21059,19,
EntityTracker,/Users/obey/Desktop/MyVoxelGame/src/server/entity/ServerEntityTracker.cpp,114,30989673400,20250,19,
EntityTracker,/Users/obey/Desktop/MyVoxelGame/src/server/entity/ServerEntityTracker.cpp,114,31040029073,20167,19,
EntityTracker,/Users/obey/Desktop/MyVoxelGame/src/server/entity/ServerEntityTracker.cpp,114,31090949022,23227,19,
EntityTracker,/Users/obey/Desktop/MyVoxelGame/src/server/entity/ServerEntityTracker.cpp,114,31140110469,22601,19,
EntityTracker,/Users/obey/Desktop/MyVoxelGame/src/server/entity/ServerEntityTracker.cpp,114,31189396319,30476,19,
EntityTracker,/Users/obey/Desktop/MyVoxelGame/src/server/entity/ServerEntityTracker.cpp,114,31240182864,22768,19,
EntityTracker,/Users/obey/Desktop/MyVoxelGame/src/server/entity/ServerEntityTracker.cpp,114,31289449506,23518,19,
EntityTracker,/Users/obey/Desktop/MyVoxelGame/src/server/entity/ServerEntityTracker.cpp,114,31341940369,36560,19,
EntityTracker,/Users/obey/Desktop/MyVoxelGame/src/server/entity/ServerEntityTracker.cpp,114,31390281675,25018,19,
EntityTracker,/Users/obey/Desktop/MyVoxelGame/src/server/entity/ServerEntityTracker.cpp,114,31439796149,24142,19,
EntityTracker,/Users/obey/Desktop/MyVoxelGame/src/server/entity/ServerEntityTracker.cpp,114,31489345907,25267,19,
EntityTracker,/Users/obey/Desktop/MyVoxelGame/src/server/entity/ServerEntityTracker.cpp,114,31539703499,22225,19,
EntityTracker,/Users/obey/Desktop/MyVoxelGame/src/server/entity/ServerEntityTracker.cpp,114,31589705728,22500,19,
EntityTracker,/Users/obey/Desktop/MyVoxelGame/src/server/entity/ServerEntityTracker.cpp,114,31639450384,21292,19,
EntityTracker,/Users/obey/Desktop/MyVoxelGame/src/server/entity/ServerEntityTracker.cpp,114,31690578373,24434,19,
EntityTracker,/Users/obey/Desktop/MyVoxelGame/src/server/entity/ServerEntityTracker.cpp,114,31739308031,22167,19,
EntityTracker,/Users/obey/Desktop/MyVoxelGame/src/server/entity/ServerEntityTracker.cpp,114,31789535303,21958,19,
EntityTracker,/Users/obey/Desktop/MyVoxelGame/src/server/entity/ServerEntityTracker.cpp,114,31839595134,21683,19,
EntityTracker,/Users/obey/Desktop/MyVoxelGame/src/server/entity/ServerEntityTracker.cpp,114,31889286088,31018,19,
EntityTracker,/Users/obey/Desktop/MyVoxelGame/src/server/entity/ServerEntityTracker.cpp,114,31940185536,22393,19,
EntityTracker,/Users/obey/Desktop/MyVoxelGame/src/server/entity/ServerEntityTracker.cpp,114,31989827432,22000,19,
EntityTracker,/Users/obey/Desktop/MyVoxelGame/src/server/entity/ServerEntityTracker.cpp,114,32039409857,36201,19,
EntityTracker,/Users/obey/Desktop/MyVoxelGame/src/server/entity/ServerEntityTracker.cpp,114,32090178026,19434,19,
EntityTracker,/Users/obey/Desktop/MyVoxelGame/src/server/entity/ServerEntityTracker.cpp,114,32140041212,20808,19,
EntityTracker,/Users/obey/Desktop/MyVoxelGame/src/server/entity/ServerEntityTracker.cpp,114,32189542184,22685,19,
EntityTracker,/Users/obey/Desktop/MyVoxelGame/src/server/entity/ServerEntityTracker.cpp,114,32239666594,31142,19,
EntityTracker,/Users/obey/Desktop/MyVoxelGame/src/server/entity/ServerEntityTracker.cpp,114,32289739150,19351,19,
EntityTracker,/Users/obey/Desktop/MyVoxelGame/src/server/entity/ServerEntityTracker.cpp,114,32339699305,21434,19,
EntityTracker,/Users/obey/Desktop/MyVoxelGame/src/server/entity/ServerEntityTracker.cpp,114,32389589715,42576,19,
EntityTracker,/Users/obey/Desktop/MyVoxelGame/src/server/entity/ServerEntityTracker.cpp,114,32439694040,18351,19,
EntityTracker,/Users/obey/Desktop/MyVoxelGame/src/server/entity/ServerEntityTracker.cpp,114,32489457671,22292,19,
EntityTracker,/Users/obey/Desktop/MyVoxelGame/src/server/entity/ServerEntityTracker.cpp,114,32540371161,45768,19,
EntityTracker,/Users/obey/Desktop/MyVoxelGame/src/server/entity/ServerEntityTracker.cpp,114,32593448776,25183,19,
EntityTracker,/Users/obey/Desktop/MyVoxelGame/src/server/entity/ServerEntityTracker.cpp,114,32640668948,27000,19,
EntityTracker,/Users/obey/Desktop/MyVoxelGame/src/server/entity/ServerEntityTracker.cpp,114,32691421267,37352,19,
EntityTracker,/Users/obey/Desktop/MyVoxelGame/src/server/entity/ServerEntityTracker.cpp,114,32739443920,41536,19,
EntityTracker,/Users/obey/Desktop/MyVoxelGame/src/server/entity/ServerEntityTracker.cpp,114,32789498587,25475,19,
EntityTracker,/Users/obey/Desktop/MyVoxelGame/src/server/entity/ServerEntityTracker.cpp,114,32839285443,20084,19,
EntityTracker,/Users/obey/Desktop/MyVoxelGame/src/server/entity/ServerEntityTracker.cpp,114,32889468095,41410,19,
EntityTracker,/Users/obey/Desktop/MyVoxelGame/src/server/entity/ServerEntityTracker.cpp,114,32939263661,17542,19,
EntityTracker,/Users/obey/Desktop/MyVoxelGame/src/server/entity/ServerEntityTracker.cpp,114,32989182631,22875,19,
EntityTracker,/Users/obey/Desktop/MyVoxelGame/src/server/entity/ServerEntityTracker.cpp,114,33040746282,21976,19,
EntityTracker,/Users/obey/Desktop/MyVoxelGame/src/server/entity/ServerEntityTracker.cpp,114,33089297919,23559,19,
EntityTracker,/Users/obey/Desktop/MyVoxelGame/src/server/entity/ServerEntityTracker.cpp,114,33139297025,25834,19,
EntityTracker,/Users/obey/Desktop/MyVoxelGame/src/server/entity/ServerEntityTracker.cpp,114,33189420600,20183,19,
EntityTracker,/Users/obey/Desktop/MyVoxelGame/src/server/entity/ServerEntityTracker.cpp,114,33239484223,21393,19,
EntityTracker,/Users/obey/Desktop/MyVoxelGame/src/server/entity/ServerEntityTracker.cpp,114,33289756362,21475,19,
EntityTracker,/Users/obey/Desktop/MyVoxelGame/src/server/entity/ServerEntityTracker.cpp,114,33339812485,24933,19,
EntityTracker,/Users/obey/Desktop/MyVoxelGame/src/server/entity/ServerEntityTracker.cpp,114,33389319751,21767,19,
EntityTracker,/Users/obey/Desktop/MyVoxelGame/src/server/entity/ServerEntityTracker.cpp,114,33439058572,45410,19,
EntityTracker,/Users/obey/Desktop/MyVoxelGame/src/server/entity/ServerEntityTracker.cpp,114,33489431972,22935,19,
EntityTracker,/Users/obey/Desktop/MyVoxelGame/src/server/entity/ServerEntityTracker.cpp,114,33540969499,19000,19,
EntityTracker,/Users/obey/Desktop/MyVoxelGame/src/server/entity/ServerEntityTracker.cpp,114,33589845228,20393,19,
EntityTracker,/Users/obey/Desktop/MyVoxelGame/src/server/entity/ServerEntityTracker.cpp,114,33639298309,25500,19,
EntityTracker,/Users/obey/Desktop/MyVoxelGame/src/server/entity/ServerEntityTracker.cpp,114,33691223880,23351,19,
EntityTracker,/Users/obey/Desktop/MyVoxelGame/src/server/entity/ServerEntityTracker.cpp,114,33739499650,22434,19,
EntityTracker,/Users/obey/Desktop/MyVoxelGame/src/server/entity/ServerEntityTracker.cpp,114,33789421910,23518,19,
EntityTracker,/Users/obey/Desktop/MyVoxelGame/src/server/entity/ServerEntityTracker.cpp,114,33839357506,19143,19,
EntityTracker,/Users/obey/Desktop/MyVoxelGame/src/server/entity/ServerEntityTracker.cpp,114,33890344632,23726,19,
EntityTracker,/Users/obey/Desktop/MyVoxelGame/src/server/entity/ServerEntityTracker.cpp,114,33939464710,23227,19,
EntityTracker,/Users/obey/Desktop/MyVoxelGame/src/server/entity/ServerEntityTracker.cpp,114,33990166678,24268,19,
EntityTracker,/Users/obey/Desktop/MyVoxelGame/src/server/entity/ServerEntityTracker.cpp,114,34039617034,19184,19,
EntityTracker,/Users/obey/Desktop/MyVoxelGame/src/server/entity/ServerEntityTracker.cpp,114,34089783227,25768,19,
EntityTracker,/Users/obey/Desktop/MyVoxelGame/src/server/entity/ServerEntityTracker.cpp,114,34140280740,19791,19,
EntityTracker,/Users/obey/Desktop/MyVoxelGame/src/server/entity/ServerEntityTracker.cpp,114,34189465936,19726,19,
EntityTracker,/Users/obey/Desktop/MyVoxelGame/src/server/entity/ServerEntityTracker.cpp,114,34239411006,26142,19,
EntityTracker,/Users/obey/Desktop/MyVoxelGame/src/server/entity/ServerEntityTracker.cpp,114,34290011488,29684,19,
EntityTracker,/Users/obey/Desktop/MyVoxelGame/src/server/entity/ServerEntityTracker.cpp,114,34340395304,23517,19,
EntityTracker,/Users/obey/Desktop/MyVoxelGame/src/server/entity/ServerEntityTracker.cpp,114,34393384033,48576,19,
EntityTracker,/Users/obey/Desktop/MyVoxelGame/src/server/entity/ServerEntityTracker.cpp,114,34440388706,50435,19,
EntityTracker,/Users/obey/Desktop/MyVoxelGame/src/server/entity/ServerEntityTracker.cpp,114,34490222165,42976,19,
EntityTracker,/Users/obey/Desktop/MyVoxelGame/src/server/entity/ServerEntityTracker.cpp,114,34540161426,28893,19,
EntityTracker,/Users/obey/Desktop/MyVoxelGame/src/server/entity/ServerEntityTracker.cpp,114,34591016215,31869,19,
EntityTracker,/Users/obey/Desktop/MyVoxelGame/src/server/entity/ServerEntityTracker.cpp,114,34640535331,21976,19,
EntityTracker,/Users/obey/Desktop/MyVoxelGame/src/server/entity/ServerEntityTracker.cpp,114,34693120372,49619,19,
EntityTracker,/Users/obey/Desktop/MyVoxelGame/src/server/entity/ServerEntityTracker.cpp,114,34740412413,26226,19,
EntityTracker,/Users/obey/Desktop/MyVoxelGame/src/server/entity/ServerEntityTracker.cpp,114,34790900948,35060,19,
EntityTracker,/Users/obey/Desktop/MyVoxelGame/src/server/entity/ServerEntityTracker.cpp,114,34840103890,29350,19,
EntityTracker,/Users/obey/Desktop/MyVoxelGame/src/server/entity/ServerEntityTracker.cpp,114,34889947598,28892,19,
EntityTracker,/Users/obey/Desktop/MyVoxelGame/src/server/entity/ServerEntityTracker.cpp,114,34939610326,24018,19,
EntityTracker,/Users/obey/Desktop/MyVoxelGame/src/server/entity/ServerEntityTracker.cpp,114,34992651713,21935,19,
EntityTracker,/Users/obey/Desktop/MyVoxelGame/src/server/entity/ServerEntityTracker.cpp,114,35040422911,53392,19,
EntityTracker,/Users/obey/Desktop/MyVoxelGame/src/server/entity/ServerEntityTracker.cpp,114,35089747362,26392,19,
EntityTracker,/Users/obey/Desktop/MyVoxelGame/src/server/entity/ServerEntityTracker.cpp,114,35139609962,40185,19,
EntityTracker,/Users/obey/Desktop/MyVoxelGame/src/server/entity/ServerEntityTracker.cpp,114,35189554099,27393,19,
EntityTracker,/Users/obey/Desktop/MyVoxelGame/src/server/entity/ServerEntityTracker.cpp,114,35239410200,26309,19,
EntityTracker,/Users/obey/Desktop/MyVoxelGame/src/server/entity/ServerEntityTracker.cpp,114,35289634346,46559,19,
EntityTracker,/Users/obey/Desktop/MyVoxelGame/src/server/entity/ServerEntityTracker.cpp,114,35339787188,20810,19,
EntityTracker,/Users/obey/Desktop/MyVoxelGame/src/server/entity/ServerEntityTracker.cpp,114,35389299179,27267,19,
EntityTracker,/Users/obey/Desktop/MyVoxelGame/src/server/entity/ServerEntityTracker.cpp,114,35439159472,23850,19,
EntityTracker,/Users/obey/Desktop/MyVoxelGame/src/server/entity/ServerEntityTracker.cpp,114,35489672584,46476,19,
EntityTracker,/Users/obey/Desktop/MyVoxelGame/src/server/entity/ServerEntityTracker.cpp,114,35540573324,39310,19,
EntityTracker,/Users/obey/Desktop/MyVoxelGame/src/server/entity/ServerEntityTracker.cpp,114,35589353917,21727,19,
EntityTracker,/Users/obey/Desktop/MyVoxelGame/src/server/entity/ServerEntityTracker.cpp,114,35639552254,22976,19,
EntityTracker,/Users/obey/Desktop/MyVoxelGame/src/server/entity/ServerEntityTracker.cpp,114,35689175464,24601,19,
EntityTracker,/Users/obey/Desktop/MyVoxelGame/src/server/entity/ServerEntityTracker.cpp,114,35739667168,26350,19,
EntityTracker,/Users/obey/Desktop/MyVoxelGame/src/server/entity/ServerEntityTracker.cpp,114,35791541886,31560,19,
EntityTracker,/Users/obey/Desktop/MyVoxelGame/src/server/entity/ServerEntityTracker.cpp,114,35839460422,23958,19,
EntityTracker,/Users/obey/Desktop/MyVoxelGame/src/server/entity/ServerEntityTracker.cpp,114,35890835427,24808,19,
EntityTracker,/Users/obey/Desktop/MyVoxelGame/src/server/entity/ServerEntityTracker.cpp,114,35940807955,23476,19,
EntityTracker,/Users/obey/Desktop/MyVoxelGame/src/server/entity/ServerEntityTracker.cpp,114,35989545572,45660,19,
EntityTracker,/Users/obey/Desktop/MyVoxelGame/src/server/entity/ServerEntityTracker.cpp,114,36040783131,20934,19,
EntityTracker,/Users/obey/Desktop/MyVoxelGame/src/server/entity/ServerEntityTracker.cpp,114,36089296334,21560,19,
EntityTracker,/Users/obey/Desktop/MyVoxelGame/src/server/entity/ServerEntityTracker.cpp,114,36138833783,21393,19,
EntityTracker,/Users/obey/Desktop/MyVoxelGame/src/server/entity/ServerEntityTracker.cpp,114,36189539460,22768,19,
EntityTracker,/Users/obey/Desktop/MyVoxelGame/src/server/entity/ServerEntityTracker.cpp,114,36238963464,19893,19,
EntityTracker,/Users/obey/Desktop/MyVoxelGame/src/server/entity/ServerEntityTracker.cpp,114,36289073913,21185,19,
EntityTracker,/Users/obey/Desktop/MyVoxelGame/src/server/entity/ServerEntityTracker.cpp,114,36339926470,21000,19,
EntityTracker,/Users/obey/Desktop/MyVoxelGame/src/server/entity/ServerEntityTracker.cpp,114,36388946871,24058,19,
EntityTracker,/Users/obey/Desktop/MyVoxelGame/src/server/entity/ServerEntityTracker.cpp,114,36438988411,26309,19,
EntityTracker,/Users/obey/Desktop/MyVoxelGame/src/server/entity/ServerEntityTracker.cpp,114,36488876696,20625,19,
EntityTracker,/Users/obey/Desktop/MyVoxelGame/src/server/entity/ServerEntityTracker.cpp,114,36538910469,21892,19,
EntityTracker,/Users/obey/Desktop/MyVoxelGame/src/server/entity/ServerEntityTracker.cpp,114,36589595836,19475,19,
EntityTracker,/Users/obey/Desktop/MyVoxelGame/src/server/entity/ServerEntityTracker.cpp,114,36639365925,28142,19,
EntityTracker,/Users/obey/Desktop/MyVoxelGame/src/server/entity/ServerEntityTracker.cpp,114,36689504227,32350,19,
EntityTracker,/Users/obey/Desktop/MyVoxelGame/src/server/entity/ServerEntityTracker.cpp,114,36739497523,33309,19,
EntityTracker,/Users/obey/Desktop/MyVoxelGame/src/server/entity/ServerEntityTracker.cpp,114,36789140668,21416,19,
EntityTracker,/Users/obey/Desktop/MyVoxelGame/src/server/entity/ServerEntityTracker.cpp,114,36842168162,27018,19,
EntityTracker,/Users/obey/Desktop/MyVoxelGame/src/server/entity/ServerEntityTracker.cpp,114,36890280679,24226,19,
EntityTracker,/Users/obey/Desktop/MyVoxelGame/src/server/entity/ServerEntityTracker.cpp,114,36940412938,37768,19,
EntityTracker,/Users/obey/Desktop/MyVoxelGame/src/server/entity/ServerEntityTracker.cpp,114,36992577774,65744,19,
EntityTracker,/Users/obey/Desktop/MyVoxelGame/src/server/entity/ServerEntityTracker.cpp,114,37039779554,38143,19,
EntityTracker,/Users/obey/Desktop/MyVoxelGame/src/server/entity/ServerEntityTracker.cpp,114,37090358476,62619,19,
EntityTracker,/Users/obey/Desktop/MyVoxelGame/src/server/entity/ServerEntityTracker.cpp,114,37141054136,24267,19,
EntityTracker,/Users/obey/Desktop/MyVoxelGame/src/server/entity/ServerEntityTracker.cpp,114,37189579171,34725,19,
EntityTracker,/Users/obey/Desktop/MyVoxelGame/src/server/entity/ServerEntityTracker.cpp,114,37240751195,27393,19,
EntityTracker,/Users/obey/Desktop/MyVoxelGame/src/server/entity/ServerEntityTracker.cpp,114,37292144675,25183,19,
EntityTracker,/Users/obey/Desktop/MyVoxelGame/src/server/entity/ServerEntityTracker.cpp,114,37340445796,55660,19,
EntityTracker,/Users/obey/Desktop/MyVoxelGame/src/server/entity/ServerEntityTracker.cpp,114,37391775532,20917,19,
EntityTracker,/Users/obey/Desktop/MyVoxelGame/src/server/entity/ServerEntityTracker.cpp,114,37441464696,30308,19,
EntityTracker,/Users/obey/Desktop/MyVoxelGame/src/server/entity/ServerEntityTracker.cpp,114,37489110096,32935,19,
EntityTracker,/Users/obey/Desktop/MyVoxelGame/src/server/entity/ServerEntityTracker.cpp,114,37539600108,26933,19,
EntityTracker,/Users/obey/Desktop/MyVoxelGame/src/server/entity/ServerEntityTracker.cpp,114,37591959799,21060,19,
EntityTracker,/Users/obey/Desktop/MyVoxelGame/src/server/entity/ServerEntityTracker.cpp,114,37639496481,22685,19,
EntityTracker,/Users/obey/Desktop/MyVoxelGame/src/server/entity/ServerEntityTracker.cpp,114,37690440740,26976,19,
EntityTracker,/Users/obey/Desktop/MyVoxelGame/src/server/entity/ServerEntityTracker.cpp,114,37740116485,19768,19,
EntityTracker,/Users/obey/Desktop/MyVoxelGame/src/server/entity/ServerEntityTracker.cpp,114,37789544174,19583,19,
EntityTracker,/Users/obey/Desktop/MyVoxelGame/src/server/entity/ServerEntityTracker.cpp,114,37841331549,25683,19,
EntityTracker,/Users/obey/Desktop/MyVoxelGame/src/server/entity/ServerEntityTracker.cpp,114,37889914912,20541,19,
EntityTracker,/Users/obey/Desktop/MyVoxelGame/src/server/entity/ServerEntityTracker.cpp,114,37940004427,52285,19,
EntityTracker,/Users/obey/Desktop/MyVoxelGame/src/server/entity/ServerEntityTracker.cpp,114,37993305807,20917,19,
EntityTracker,/Users/obey/Desktop/MyVoxelGame/src/server/entity/ServerEntityTracker.cpp,114,38039093969,24309,19,
EntityTracker,/Users/obey/Desktop/MyVoxelGame/src/server/entity/ServerEntityTracker.cpp,114,38089290554,17000,19,
EntityTracker,/Users/obey/Desktop/MyVoxelGame/src/server/entity/ServerEntityTracker.cpp,114,38139267101,16875,19,
EntityTracker,/Users/obey/Desktop/MyVoxelGame/src/server/entity/ServerEntityTracker.cpp,114,38192154151,19250,19,
EntityTracker,/Users/obey/Desktop/MyVoxelGame/src/server/entity/ServerEntityTracker.cpp,114,38241821963,12208,19,
EntityTracker,/Users/obey/Desktop/MyVoxelGame/src/server/entity/ServerEntityTracker.cpp,114,38289535791,17000,19,
EntityTracker,/Users/obey/Desktop/MyVoxelGame/src/server/entity/ServerEntityTracker.cpp,114,38338890885,11917,19,
EntityTracker,/Users/obey/Desktop/MyVoxelGame/src/server/entity/ServerEntityTracker.cpp,114,38388817563,12291,19,
EntityTracker,/Users/obey/Desktop/MyVoxelGame/src/server/entity/ServerEntityTracker.cpp,114,38438972405,10351,19,
EntityTracker,/Users/obey/Desktop/MyVoxelGame/src/server/entity/ServerEntityTracker.cpp,114,38489089873,13042,19,
EntityTracker,/Users/obey/Desktop/MyVoxelGame/src/server/entity/ServerEntityTracker.cpp,114,38538785285,12958,19,
EntityTracker,/Users/obey/Desktop/MyVoxelGame/src/server/entity/ServerEntityTracker.cpp,114,38589349166,11333,19,
EntityTracker,/Users/obey/Desktop/MyVoxelGame/src/server/entity/ServerEntityTracker.cpp,114,38639208434,8125,19,
EntityTracker,/Users/obey/Desktop/MyVoxelGame/src/server/entity/ServerEntityTracker.cpp,114,38689382086,10375,19,
EntityTracker,/Users/obey/Desktop/MyVoxelGame/src/server/entity/ServerEntityTracker.cpp,114,38738926494,8958,19,
EntityTracker,/Users/obey/Desktop/MyVoxelGame/src/server/entity/ServerEntityTracker.cpp,114,38788836795,8250,19,
EntityTracker,/Users/obey/Desktop/MyVoxelGame/src/server/entity/ServerEntityTracker.cpp,114,38838991889,11893,19,
EntityTracker,/Users/obey/Desktop/MyVoxelGame/src/server/entity/ServerEntityTracker.cpp,114,38889032720,13625,19,
EntityTracker,/Users/obey/Desktop/MyVoxelGame/src/server/entity/ServerEntityTracker.cpp,114,38940175518,10833,19,
EntityTracker,/Users/obey/Desktop/MyVoxelGame/src/server/entity/ServerEntityTracker.cpp,114,38989005938,8166,19,
EntityTracker,/Users/obey/Desktop/MyVoxelGame/src/server/entity/ServerEntityTracker.cpp,114,39038984093,6350,19,
EntityTracker,/Users/obey/Desktop/MyVoxelGame/src/server/entity/ServerEntityTracker.cpp,114,39088983906,4625,19,
EntityTracker,/Users/obey/Desktop/MyVoxelGame/src/server/entity/ServerEntityTracker.cpp,114,39139512477,5333,19,
EntityTracker,/Users/obey/Desktop/MyVoxelGame/src/server/entity/ServerEntityTracker.cpp,114,39190932892,6958,19,
EntityTracker,/Users/obey/Desktop/MyVoxelGame/src/server/entity/ServerEntityTracker.cpp,114,39238852200,4792,19,
EntityTracker,/Users/obey/Desktop/MyVoxelGame/src/server/entity/ServerEntityTracker.cpp,114,39288898991,4709,19,
EntityTracker,/Users/obey/Desktop/MyVoxelGame/src/server/entity/ServerEntityTracker.cpp,114,39338817776,5559,19,
EntityTracker,/Users/obey/Desktop/MyVoxelGame/src/server/entity/ServerEntityTracker.cpp,114,39389557679,2958,19,
EntityTracker,/Users/obey/Desktop/MyVoxelGame/src/server/entity/ServerEntityTracker.cpp,114,39439275733,2334,19,
EntityTracker,/Users/obey/Desktop/MyVoxelGame/src/server/entity/ServerEntityTracker.cpp,114,39489559331,3209,19,
EntityTracker,/Users/obey/Desktop/MyVoxelGame/src/server/entity/ServerEntityTracker.cpp,114,39538940109,2083,19,
EntityTracker,/Users/obey/Desktop/MyVoxelGame/src/server/entity/ServerEntityTracker.cpp,114,39589239539,3042,19,
EntityTracker,/Users/obey/Desktop/MyVoxelGame/src/server/entity/ServerEntityTracker.cpp,114,39638897893,2434,19,
EntityTracker,/Users/obey/Desktop/MyVoxelGame/src/server/entity/ServerEntityTracker.cpp,114,39690685684,2101,19,
EntityTracker,/Users/obey/Desktop/MyVoxelGame/src/server/entity/ServerEntityTracker.cpp,114,39739069401,2041,19,
EntityTracker,/Users/obey/Desktop/MyVoxelGame/src/server/entity/ServerEntityTracker.cpp,114,39788792913,1333,19,
EntityTracker,/Users/obey/Desktop/MyVoxelGame/src/server/entity/ServerEntityTracker.cpp,114,39838826495,1750,19,
EntityTracker,/Users/obey/Desktop/MyVoxelGame/src/server/entity/ServerEntityTracker.cpp,114,39889380024,1584,19,
EntityTracker,/Users/obey/Desktop/MyVoxelGame/src/server/entity/ServerEntityTracker.cpp,114,39938761635,1083,19,
EntityTracker,/Users/obey/Desktop/MyVoxelGame/src/server/entity/ServerEntityTracker.cpp,114,39988881978,1167,19,
EntityTracker,/Users/obey/Desktop/MyVoxelGame/src/server/entity/ServerEntityTracker.cpp,114,40038797805,125,19,
EntityTracker,/Users/obey/Desktop/MyVoxelGame/src/server/entity/ServerEntityTracker.cpp,114,40089571309,458,19,
EntityTracker,/Users/obey/Desktop/MyVoxelGame/src/server/entity/ServerEntityTracker.cpp,114,40138786874,167,19,
EntityTracker,/Users/obey/Desktop/MyVoxelGame/src/server/entity/ServerEntityTracker.cpp,114,40188795771,167,19,
EntityTracker,/Users/obey/Desktop/MyVoxelGame/src/server/entity/ServerEntityTracker.cpp,114,40239428353,208,19,
EntityTracker,/Users/obey/Desktop/MyVoxelGame/src/server/entity/ServerEntityTracker.cpp,114,40289802986,42,19,
EntityTracker,/Users/obey/Desktop/MyVoxelGame/src/server/entity/ServerEntityTracker.cpp,114,40339157473,166,19,
EntityTracker,/Users/obey/Desktop/MyVoxelGame/src/server/entity/ServerEntityTracker.cpp,114,40389040614,125,19,
EntityTracker,/Users/obey/Desktop/MyVoxelGame/src/server/entity/ServerEntityTracker.cpp,114,40438927401,417,19,
EntityTracker,/Users/obey/Desktop/MyVoxelGame/src/server/entity/ServerEntityTracker.cpp,114,40488857619,125,19,
EntityTracker,/Users/obey/Desktop/MyVoxelGame/src/server/entity/ServerEntityTracker.cpp,114,40538684788,125,19,
EntityTracker,/Users/obey/Desktop/MyVoxelGame/src/server/entity/ServerEntityTracker.cpp,114,40589167281,125,19,
EntityTracker,/Users/obey/Desktop/MyVoxelGame/src/server/entity/ServerEntityTracker.cpp,114,40638846986,250,19,
EntityTracker,/Users/obey/Desktop/MyVoxelGame/src/server/entity/ServerEntityTracker.cpp,114,40688929501,167,19,
EntityTracker,/Users/obey/Desktop/MyVoxelGame/src/server/entity/ServerEntityTracker.cpp,114,40788787607,166,19,
EntityTracker,/Users/obey/Desktop/MyVoxelGame/src/server/entity/ServerEntityTracker.cpp,114,40838801337,42,19,
EntityTracker,/Users/obey/Desktop/MyVoxelGame/src/server/entity/ServerEntityTracker.cpp,114,40888900746,250,19,
EntityTracker,/Users/obey/Desktop/MyVoxelGame/src/server/entity/ServerEntityTracker.cpp,114,40938693044,125,19,
EntityTracker,/Users/obey/Desktop/MyVoxelGame/src/server/entity/ServerEntityTracker.cpp,114,40988835304,125,19,
EntityTracker,/Users/obey/Desktop/MyVoxelGame/src/server/entity/ServerEntityTracker.cpp,114,41038882385,875,19,
EntityTracker,/Users/obey/Desktop/MyVoxelGame/src/server/entity/ServerEntityTracker.cpp,114,41091130275,375,19,
EntityTracker,/Users/obey/Desktop/MyVoxelGame/src/server/entity/ServerEntityTracker.cpp,114,41138999691,125,19,
EntityTracker,/Users/obey/Desktop/MyVoxelGame/src/server/entity/ServerEntityTracker.cpp,114,41188854150,42,19,
EntityTracker,/Users/obey/Desktop/MyVoxelGame/src/server/entity/ServerEntityTracker.cpp,114,41240938534,167,19,
EntityTracker,/Users/obey/Desktop/MyVoxelGame/src/server/entity/ServerEntityTracker.cpp,114,41338993519,333,19,
EntityTracker,/Users/obey/Desktop/MyVoxelGame/src/server/entity/ServerEntityTracker.cpp,114,41388955881,42,19,
EntityTracker,/Users/obey/Desktop/MyVoxelGame/src/server/entity/ServerEntityTracker.cpp,114,41438996088,125,19,
EntityTracker,/Users/obey/Desktop/MyVoxelGame/src/server/entity/ServerEntityTracker.cpp,114,41490728053,208,19,
EntityTracker,/Users/obey/Desktop/MyVoxelGame/src/server/entity/ServerEntityTracker.cpp,114,41538955223,208,19,
EntityTracker,/Users/obey/Desktop/MyVoxelGame/src/server/entity/ServerEntityTracker.cpp,114,41588822573,42,19,
EntityTracker,/Users/obey/Desktop/MyVoxelGame/src/server/entity/ServerEntityTracker.cpp,114,41640724668,1709,19,
EntityTracker,/Users/obey/Desktop/MyVoxelGame/src/server/entity/ServerEntityTracker.cpp,114,41689036997,125,19,
EntityTracker,/Users/obey/Desktop/MyVoxelGame/src/server/entity/ServerEntityTracker.cpp,114,41739209524,167,19,
EntityTracker,/Users/obey/Desktop/MyVoxelGame/src/server/entity/ServerEntityTracker.cpp,114,41839513269,208,19,
EntityTracker,/Users/obey/Desktop/MyVoxelGame/src/server/entity/ServerEntityTracker.cpp,114,41889104213,125,19,
EntityTracker,/Users/obey/Desktop/MyVoxelGame/src/server/entity/ServerEntityTracker.cpp,114,41939148544,250,19,
EntityTracker,/Users/obey/Desktop/MyVoxelGame/src/server/entity/ServerEntityTracker.cpp,114,41988860515,125,19,
EntityTracker,/Users/obey/Desktop/MyVoxelGame/src/server/entity/ServerEntityTracker.cpp,114,42038934739,125,19,
EntityTracker,/Users/obey/Desktop/MyVoxelGame/src/server/entity/ServerEntityTracker.cpp,114,42088941077,125,19,
EntityTracker,/Users/obey/Desktop/MyVoxelGame/src/server/entity/ServerEntityTracker.cpp,114,42138969325,125,19,
EntityTracker,/Users/obey/Desktop/MyVoxelGame/src/server/entity/ServerEntityTracker.cpp,114,42188918063,125,19,
EntityTracker,/Users/obey/Desktop/MyVoxelGame/src/server/entity/ServerEntityTracker.cpp,114,42238814932,125,19,
EntityTracker,/Users/obey/Desktop/MyVoxelGame/src/server/entity/ServerEntityTracker.cpp,114,42288849328,292,19,
EntityTracker,/Users/obey/Desktop/MyVoxelGame/src/server/entity/ServerEntityTracker.cpp,114,42388705559,125,19,
EntityTracker,/Users/obey/Desktop/MyVoxelGame/src/server/entity/ServerEntityTracker.cpp,114,42438745141,334,19,
EntityTracker,/Users/obey/Desktop/MyVoxelGame/src/server/entity/ServerEntityTracker.cpp,114,42538923131,167,19,
EntityTracker,/Users/obey/Desktop/MyVoxelGame/src/server/entity/ServerEntityTracker.cpp,114,42638298307,83,19,
EntityTracker,/Users/obey/Desktop/MyVoxelGame/src/server/entity/ServerEntityTracker.cpp,114,42691673971,125,19,
EntityTracker,/Users/obey/Desktop/MyVoxelGame/src/server/entity/ServerEntityTracker.cpp,114,42740181030,84,19,
EntityTracker,/Users/obey/Desktop/MyVoxelGame/src/server/entity/ServerEntityTracker.cpp,114,42788547980,41,19,
EntityTracker,/Users/obey/Desktop/MyVoxelGame/src/server/entity/ServerEntityTracker.cpp,114,42840265361,208,19,
EntityTracker,/Users/obey/Desktop/MyVoxelGame/src/server/entity/ServerEntityTracker.cpp,114,42938810335,167,19,
EntityTracker,/Users/obey/Desktop/MyVoxelGame/src/server/entity/ServerEntityTracker.cpp,114,42990115762,209,19,
EntityTracker,/Users/obey/Desktop/MyVoxelGame/src/server/entity/ServerEntityTracker.cpp,114,43038741245,125,19,
EntityTracker,/Users/obey/Desktop/MyVoxelGame/src/server/entity/ServerEntityTracker.cpp,114,43088805909,292,19,
EntityTracker,/Users/obey/Desktop/MyVoxelGame/src/server/entity/ServerEntityTracker.cpp,114,43138698820,125,19,
EntityTracker,/Users/obey/Desktop/MyVoxelGame/src/server/entity/ServerEntityTracker.cpp,114,43188711509,208,19,
EntityTracker,/Users/obey/Desktop/MyVoxelGame/src/server/entity/ServerEntityTracker.cpp,114,43238784608,166,19,
EntityTracker,/Users/obey/Desktop/MyVoxelGame/src/server/entity/ServerEntityTracker.cpp,114,43289031670,208,19,
EntityTracker,/Users/obey/Desktop/MyVoxelGame/src/server/entity/ServerEntityTracker.cpp,114,43338528060,125,19,
EntityTracker,/Users/obey/Desktop/MyVoxelGame/src/server/entity/ServerEntityTracker.cpp,114,43390901728,125,19,
EntityTracker,/Users/obey/Desktop/MyVoxelGame/src/server/entity/ServerEntityTracker.cpp,114,43438924482,167,19,
EntityTracker,/Users/obey/Desktop/MyVoxelGame/src/server/entity/ServerEntityTracker.cpp,114,43488775524,125,19,
EntityTracker,/Users/obey/Desktop/MyVoxelGame/src/server/entity/ServerEntityTracker.cpp,114,43539001002,667,19,
EntityTracker,/Users/obey/Desktop/MyVoxelGame/src/server/entity/ServerEntityTracker.cpp,114,43591622394,250,19,
EntityTracker,/Users/obey/Desktop/MyVoxelGame/src/server/entity/ServerEntityTracker.cpp,114,43639539162,750,19,
EntityTracker,/Users/obey/Desktop/MyVoxelGame/src/server/entity/ServerEntityTracker.cpp,114,43690845232,333,19,
EntityTracker,/Users/obey/Desktop/MyVoxelGame/src/server/entity/ServerEntityTracker.cpp,114,43741733330,166,19,
EntityTracker,/Users/obey/Desktop/MyVoxelGame/src/server/entity/ServerEntityTracker.cpp,114,43791816763,167,19,
EntityTracker,/Users/obey/Desktop/MyVoxelGame/src/server/entity/ServerEntityTracker.cpp,114,43838951007,375,19,
EntityTracker,/Users/obey/Desktop/MyVoxelGame/src/server/entity/ServerEntityTracker.cpp,114,43889422334,125,19,
EntityTracker,/Users/obey/Desktop/MyVoxelGame/src/server/entity/ServerEntityTracker.cpp,114,43939804068,125,19,
EntityTracker,/Users/obey/Desktop/MyVoxelGame/src/server/entity/ServerEntityTracker.cpp,114,43989255756,250,19,
EntityTracker,/Users/obey/Desktop/MyVoxelGame/src/server/entity/ServerEntityTracker.cpp,114,44038815724,125,19,
EntityTracker,/Users/obey/Desktop/MyVoxelGame/src/server/entity/ServerEntityTracker.cpp,114,44091685630,42,19,
EntityTracker,/Users/obey/Desktop/MyVoxelGame/src/server/entity/ServerEntityTracker.cpp,114,44141284341,250,19,
EntityTracker,/Users/obey/Desktop/MyVoxelGame/src/server/entity/ServerEntityTracker.cpp,114,44191694116,42,19,
EntityTracker,/Users/obey/Desktop/MyVoxelGame/src/server/entity/ServerEntityTracker.cpp,114,44288777223,41,19,
EntityTracker,/Users/obey/Desktop/MyVoxelGame/src/server/entity/ServerEntityTracker.cpp,114,44339265009,917,19,
EntityTracker,/Users/obey/Desktop/MyVoxelGame/src/server/entity/ServerEntityTracker.cpp,114,44392031863,250,19,
EntityTracker,/Users/obey/Desktop/MyVoxelGame/src/server/entity/ServerEntityTracker.cpp,114,44440467805,375,19,
EntityTracker,/Users/obey/Desktop/MyVoxelGame/src/server/entity/ServerEntityTracker.cpp,114,44488617880,42,19,
EntityTracker,/Users/obey/Desktop/MyVoxelGame/src/server/entity/ServerEntityTracker.cpp,114,44540176590,84,19,
EntityTracker,/Users/obey/Desktop/MyVoxelGame/src/server/entity/ServerEntityTracker.cpp,114,44639974952,334,19,
EntityTracker,/Users/obey/Desktop/MyVoxelGame/src/server/entity/ServerEntityTracker.cpp,114,44689521985,292,19,
EntityTracker,/Users/obey/Desktop/MyVoxelGame/src/server/entity/ServerEntityTracker.cpp,114,44741580602,125,19,
EntityTracker,/Users/obey/Desktop/MyVoxelGame/src/server/entity/ServerEntityTracker.cpp,114,44841273204,42,19,
EntityTracker,/Users/obey/Desktop/MyVoxelGame/src/server/entity/ServerEntityTracker.cpp,114,44889600700,83,19,
EntityTracker,/Users/obey/Desktop/MyVoxelGame/src/server/entity/ServerEntityTracker.cpp,114,44941446069,41,19,
EntityTracker,/Users/obey/Desktop/MyVoxelGame/src/server/entity/ServerEntityTracker.cpp,114,45039299198,41,19,
EntityTracker,/Users/obey/Desktop/MyVoxelGame/src/server/entity/ServerEntityTracker.cpp,114,45141436080,334,19,
EntityTracker,/Users/obey/Desktop/MyVoxelGame/src/server/entity/ServerEntityTracker.cpp,114,45190586469,41,19,
EntityTracker,/Users/obey/Desktop/MyVoxelGame/src/server/entity/ServerEntityTracker.cpp,114,45292683917,166,19,
EntityTracker,/Users/obey/Desktop/MyVoxelGame/src/server/entity/ServerEntityTracker.cpp,114,45441276806,250,19,
EntityTracker,/Users/obey/Desktop/MyVoxelGame/src/server/entity/ServerEntityTracker.cpp,114,45542320181,42,19,
EntityTracker,/Users/obey/Desktop/MyVoxelGame/src/server/entity/ServerEntityTracker.cpp,114,45591540288,417,19,
EntityTracker,/Users/obey/Desktop/MyVoxelGame/src/server/entity/ServerEntityTracker.cpp,114,45689557030,125,19,
EntityTracker,/Users/obey/Desktop/MyVoxelGame/src/server/entity/ServerEntityTracker.cpp,114,45738904291,83,19,
EntityTracker,/Users/obey/Desktop/MyVoxelGame/src/server/entity/ServerEntityTracker.cpp,114,45788973640,125,19,
EntityTracker,/Users/obey/Desktop/MyVoxelGame/src/server/entity/ServerEntityTracker.cpp,114,45888658116,41,19,
EntityTracker,/Users/obey/Desktop/MyVoxelGame/src/server/entity/ServerEntityTracker.cpp,114,45940994599,250,19,
EntityTracker,/Users/obey/Desktop/MyVoxelGame/src/server/entity/ServerEntityTracker.cpp,114,45990225998,208,19,
EntityTracker,/Users/obey/Desktop/MyVoxelGame/src/server/entity/ServerEntityTracker.cpp,114,46038680374,125,19,
EntityTracker,/Users/obey/Desktop/MyVoxelGame/src/server/entity/ServerEntityTracker.cpp,114,46142162678,167,19,
EntityTracker,/Users/obey/Desktop/MyVoxelGame/src/server/entity/ServerEntityTracker.cpp,114,46190992724,167,19,
EntityTracker,/Users/obey/Desktop/MyVoxelGame/src/server/entity/ServerEntityTracker.cpp,114,46243359308,208,19,
EntityTracker,/Users/obey/Desktop/MyVoxelGame/src/server/entity/ServerEntityTracker.cpp,114,46289887951,875,19,
EntityTracker,/Users/obey/Desktop/MyVoxelGame/src/server/entity/ServerEntityTracker.cpp,114,46339400776,166,19,
EntityTracker,/Users/obey/Desktop/MyVoxelGame/src/server/entity/ServerEntityTracker.cpp,114,46393338174,167,19,
EntityTracker,/Users/obey/Desktop/MyVoxelGame/src/server/entity/ServerEntityTracker.cpp,114,46442954467,459,19,
EntityTracker,/Users/obey/Desktop/MyVoxelGame/src/server/entity/ServerEntityTracker.cpp,114,46490506899,42,19,
EntityTracker,/Users/obey/Desktop/MyVoxelGame/src/server/entity/ServerEntityTracker.cpp,114,46539130655,208,19,
EntityTracker,/Users/obey/Desktop/MyVoxelGame/src/server/entity/ServerEntityTracker.cpp,114,46592710108,125,19,
EntityTracker,/Users/obey/Desktop/MyVoxelGame/src/server/entity/ServerEntityTracker.cpp,114,46691632045,125,19,
EntityTracker,/Users/obey/Desktop/MyVoxelGame/src/server/entity/ServerEntityTracker.cpp,114,46743306367,125,19,
EntityTracker,/Users/obey/Desktop/MyVoxelGame/src/server/entity/ServerEntityTracker.cpp,114,46792303125,333,19,
EntityTracker,/Users/obey/Desktop/MyVoxelGame/src/server/entity/ServerEntityTracker.cpp,114,46839436411,125,19,
EntityTracker,/Users/obey/Desktop/MyVoxelGame/src/server/entity/ServerEntityTracker.cpp,114,46888499080,83,19,
EntityTracker,/Users/obey/Desktop/MyVoxelGame/src/server/entity/ServerEntityTracker.cpp,114,46943252552,7417,19,
EntityTracker,/Users/obey/Desktop/MyVoxelGame/src/server/entity/ServerEntityTracker.cpp,114,46988579493,125,19,
EntityTracker,/Users/obey/Desktop/MyVoxelGame/src/server/entity/ServerEntityTracker.cpp,114,47041255711,291,19,
EntityTracker,/Users/obey/Desktop/MyVoxelGame/src/server/entity/ServerEntityTracker.cpp,114,47142780451,250,19,
EntityTracker,/Users/obey/Desktop/MyVoxelGame/src/server/entity/ServerEntityTracker.cpp,114,47238624278,7142,19,
EntityTracker,/Users/obey/Desktop/MyVoxelGame/src/server/entity/ServerEntityTracker.cpp,114,47293108926,1416,19,
EntityTracker,/Users/obey/Desktop/MyVoxelGame/src/server/entity/ServerEntityTracker.cpp,114,47341693664,2541,19,
EntityTracker,/Users/obey/Desktop/MyVoxelGame/src/server/entity/ServerEntityTracker.cpp,114,47393216464,2541,19,
EntityTracker,/Users/obey/Desktop/MyVoxelGame/src/server/entity/ServerEntityTracker.cpp,114,47440833140,2291,19,
EntityTracker,/Users/obey/Desktop/MyVoxelGame/src/server/entity/ServerEntityTracker.cpp,114,47488713098,1791,19,
EntityTracker,/Users/obey/Desktop/MyVoxelGame/src/server/entity/ServerEntityTracker.cpp,114,47540974671,1125,19,
EntityTracker,/Users/obey/Desktop/MyVoxelGame/src/server/entity/ServerEntityTracker.cpp,114,47588562995,1791,19,
EntityTracker,/Users/obey/Desktop/MyVoxelGame/src/server/entity/ServerEntityTracker.cpp,114,47638686212,3917,19,
EntityTracker,/Users/obey/Desktop/MyVoxelGame/src/server/entity/ServerEntityTracker.cpp,114,47688832639,958,19,
EntityTracker,/Users/obey/Desktop/MyVoxelGame/src/server/entity/ServerEntityTracker.cpp,114,47741875693,1666,19,
EntityTracker,/Users/obey/Desktop/MyVoxelGame/src/server/entity/ServerEntityTracker.cpp,114,47791958917,2791,19,
EntityTracker,/Users/obey/Desktop/MyVoxelGame/src/server/entity/ServerEntityTracker.cpp,114,47838561262,1375,19,
EntityTracker,/Users/obey/Desktop/MyVoxelGame/src/server/entity/ServerEntityTracker.cpp,114,47890725557,5684,19,
EntityTracker,/Users/obey/Desktop/MyVoxelGame/src/server/entity/ServerEntityTracker.cpp,114,47940636234,3042,19,
EntityTracker,/Users/obey/Desktop/MyVoxelGame/src/server/entity/ServerEntityTracker.cpp,114,47991745973,2917,19,
EntityTracker,/Users/obey/Desktop/MyVoxelGame/src/server/entity/ServerEntityTracker.cpp,114,48041641050,12292,19,
EntityTracker,/Users/obey/Desktop/MyVoxelGame/src/server/entity/ServerEntityTracker.cpp,114,48091653930,6558,19,
EntityTracker,/Users/obey/Desktop/MyVoxelGame/src/server/entity/ServerEntityTracker.cpp,114,48140255394,7833,19,
EntityTracker,/Users/obey/Desktop/MyVoxelGame/src/server/entity/ServerEntityTracker.cpp,114,48191773318,12792,19,
EntityTracker,/Users/obey/Desktop/MyVoxelGame/src/server/entity/ServerEntityTracker.cpp,114,48239059111,3375,19,
EntityTracker,/Users/obey/Desktop/MyVoxelGame/src/server/entity/ServerEntityTracker.cpp,114,48291437569,11250,19,
EntityTracker,/Users/obey/Desktop/MyVoxelGame/src/server/entity/ServerEntityTracker.cpp,114,48341642864,8917,19,
EntityTracker,/Users/obey/Desktop/MyVoxelGame/src/server/entity/ServerEntityTracker.cpp,114,48389118968,5417,19,
EntityTracker,/Users/obey/Desktop/MyVoxelGame/src/server/entity/ServerEntityTracker.cpp,114,48438816963,5250,19,
EntityTracker,/Users/obey/Desktop/MyVoxelGame/src/server/entity/ServerEntityTracker.cpp,114,48492124343,6042,19,
EntityTracker,/Users/obey/Desktop/MyVoxelGame/src/server/entity/ServerEntityTracker.cpp,114,48540790425,13541,19,
EntityTracker,/Users/obey/Desktop/MyVoxelGame/src/server/entity/ServerEntityTracker.cpp,114,48589031994,11017,19,
EntityTracker,/Users/obey/Desktop/MyVoxelGame/src/server/entity/ServerEntityTracker.cpp,114,48639394643,16334,19,
EntityTracker,/Users/obey/Desktop/MyVoxelGame/src/server/entity/ServerEntityTracker.cpp,114,48690086262,13500,19,
EntityTracker,/Users/obey/Desktop/MyVoxelGame/src/server/entity/ServerEntityTracker.cpp,114,48740916615,20310,19,
EntityTracker,/Users/obey/Desktop/MyVoxelGame/src/server/entity/ServerEntityTracker.cpp,114,48792965649,19851,19,
EntityTracker,/Users/obey/Desktop/MyVoxelGame/src/server/entity/ServerEntityTracker.cpp,114,48839183766,25725,19,
EntityTracker,/Users/obey/Desktop/MyVoxelGame/src/server/entity/ServerEntityTracker.cpp,114,48892445836,31518,19,
EntityTracker,/Users/obey/Desktop/MyVoxelGame/src/server/entity/ServerEntityTracker.cpp,114,48943325892,30684,19,
EntityTracker,/Users/obey/Desktop/MyVoxelGame/src/server/entity/ServerEntityTracker.cpp,114,48992536981,33410,19,
EntityTracker,/Users/obey/Desktop/MyVoxelGame/src/server/entity/ServerEntityTracker.cpp,114,49043546833,34685,19,
EntityTracker,/Users/obey/Desktop/MyVoxelGame/src/server/entity/ServerEntityTracker.cpp,114,49091871705,45118,19,
EntityTracker,/Users/obey/Desktop/MyVoxelGame/src/server/entity/ServerEntityTracker.cpp,114,49145898965,27350,19,
EntityTracker,/Users/obey/Desktop/MyVoxelGame/src/server/entity/ServerEntityTracker.cpp,114,49194312804,26810,19,
EntityTracker,/Users/obey/Desktop/MyVoxelGame/src/server/entity/ServerEntityTracker.cpp,114,49240632034,53160,19,
EntityTracker,/Users/obey/Desktop/MyVoxelGame/src/server/entity/ServerEntityTracker.cpp,114,49295931347,27809,19,
EntityTracker,/Users/obey/Desktop/MyVoxelGame/src/server/entity/ServerEntityTracker.cpp,114,49341290721,30684,19,
EntityTracker,/Users/obey/Desktop/MyVoxelGame/src/server/entity/ServerEntityTracker.cpp,114,49391756174,24934,19,
EntityTracker,/Users/obey/Desktop/MyVoxelGame/src/server/entity/ServerEntityTracker.cpp,114,49439900499,22708,19,
EntityTracker,/Users/obey/Desktop/MyVoxelGame/src/server/entity/ServerEntityTracker.cpp,114,49492829859,24683,19,
EntityTracker,/Users/obey/Desktop/MyVoxelGame/src/server/entity/ServerEntityTracker.cpp,114,49542858380,28226,19,
EntityTracker,/Users/obey/Desktop/MyVoxelGame/src/server/entity/ServerEntityTracker.cpp,114,49590958105,24375,19,
EntityTracker,/Users/obey/Desktop/MyVoxelGame/src/server/entity/ServerEntityTracker.cpp,114,49644621677,45934,19,
EntityTracker,/Users/obey/Desktop/MyVoxelGame/src/server/entity/ServerEntityTracker.cpp,114,49692828371,27101,19,
EntityTracker,/Users/obey/Desktop/MyVoxelGame/src/server/entity/ServerEntityTracker.cpp,114,49740984446,22125,19,
EntityTracker,/Users/obey/Desktop/MyVoxelGame/src/server/entity/ServerEntityTracker.cpp,114,49790634382,24667,19,
EntityTracker,/Users/obey/Desktop/MyVoxelGame/src/server/entity/ServerEntityTracker.cpp,114,49841472903,42827,19,
EntityTracker,/Users/obey/Desktop/MyVoxelGame/src/server/entity/ServerEntityTracker.cpp,114,49889982980,23393,19,
EntityTracker,/Users/obey/Desktop/MyVoxelGame/src/server/entity/ServerEntityTracker.cpp,114,49942250429,46267,19,
EntityTracker,/Users/obey/Desktop/MyVoxelGame/src/server/entity/ServerEntityTracker.cpp,114,49992990856,24725,19,
EntityTracker,/Users/obey/Desktop/MyVoxelGame/src/server/entity/ServerEntityTracker.cpp,114,50043197543,39018,19,
EntityTracker,/Users/obey/Desktop/MyVoxelGame/src/server/entity/ServerEntityTracker.cpp,114,50093000674,31285,19,
EntityTracker,/Users/obey/Desktop/MyVoxelGame/src/server/entity/ServerEntityTracker.cpp,114,50142969096,33810,19,
EntityTracker,/Users/obey/Desktop/MyVoxelGame/src/server/entity/ServerEntityTracker.cpp,114,50193695939,47410,19,
EntityTracker,/Users/obey/Desktop/MyVoxelGame/src/server/entity/ServerEntityTracker.cpp,114,50243246739,30642,19,
EntityTracker,/Users/obey/Desktop/MyVoxelGame/src/server/entity/ServerEntityTracker.cpp,114,50293600664,28350,19,
EntityTracker,/Users/obey/Desktop/MyVoxelGame/src/server/entity/ServerEntityTracker.cpp,114,50340827526,30643,19,
EntityTracker,/Users/obey/Desktop/MyVoxelGame/src/server/entity/ServerEntityTracker.cpp,114,50393049940,28143,19,
EntityTracker,/Users/obey/Desktop/MyVoxelGame/src/server/entity/ServerEntityTracker.cpp,114,50441210407,35185,19,
EntityTracker,/Users/obey/Desktop/MyVoxelGame/src/server/entity/ServerEntityTracker.cpp,114,50490168438,40268,19,
EntityTracker,/Users/obey/Desktop/MyVoxelGame/src/server/entity/ServerEntityTracker.cpp,114,50540555673,35975,19,
EntityTracker,/Users/obey/Desktop/MyVoxelGame/src/server/entity/ServerEntityTracker.cpp,114,50592496761,29517,19,
EntityTracker,/Users/obey/Desktop/MyVoxelGame/src/server/entity/ServerEntityTracker.cpp,114,50640895143,29309,19,
EntityTracker,/Users/obey/Desktop/MyVoxelGame/src/server/entity/ServerEntityTracker.cpp,114,50693004444,31309,19,
EntityTracker,/Users/obey/Desktop/MyVoxelGame/src/server/entity/ServerEntityTracker.cpp,114,50743282791,31143,19,
EntityTracker,/Users/obey/Desktop/MyVoxelGame/src/server/entity/ServerEntityTracker.cpp,114,50793532787,30726,19,
EntityTracker,/Users/obey/Desktop/MyVoxelGame/src/server/entity/ServerEntityTracker.cpp,114,50840508052,48518,19,
EntityTracker,/Users/obey/Desktop/MyVoxelGame/src/server/entity/ServerEntityTracker.cpp,114,50892534526,32850,19,
EntityTracker,/Users/obey/Desktop/MyVoxelGame/src/server/entity/ServerEntityTracker.cpp,114,50942721928,33560,19,
EntityTracker,/Users/obey/Desktop/MyVoxelGame/src/server/entity/ServerEntityTracker.cpp,114,50991071400,25185,19,
EntityTracker,/Users/obey/Desktop/MyVoxelGame/src/server/entity/ServerEntityTracker.cpp,114,51040024241,26417,19,
EntityTracker,/Users/obey/Desktop/MyVoxelGame/src/server/entity/ServerEntityTracker.cpp,114,51089686637,47642,19,
EntityTracker,/Users/obey/Desktop/MyVoxelGame/src/server/entity/ServerEntityTracker.cpp,114,51142793976,24600,19,
EntityTracker,/Users/obey/Desktop/MyVoxelGame/src/server/entity/ServerEntityTracker.cpp,114,51191494492,39310,19,
EntityTracker,/Users/obey/Desktop/MyVoxelGame/src/server/entity/ServerEntityTracker.cpp,114,51241190695,31977,19,
EntityTracker,/Users/obey/Desktop/MyVoxelGame/src/server/entity/ServerEntityTracker.cpp,114,51293376508,28893,19,
EntityTracker,/Users/obey/Desktop/MyVoxelGame/src/server/entity/ServerEntityTracker.cpp,114,51342913183,29517,19,
EntityTracker,/Users/obey/Desktop/MyVoxelGame/src/server/entity/ServerEntityTracker.cpp,114,51390263825,28892,19,
EntityTracker,/Users/obey/Desktop/MyVoxelGame/src/server/entity/ServerEntityTracker.cpp,114,51441009228,38893,19,
EntityTracker,/Users/obey/Desktop/MyVoxelGame/src/server/entity/ServerEntityTracker.cpp,114,51490898763,50393,19,
EntityTracker,/Users/obey/Desktop/MyVoxelGame/src/server/entity/ServerEntityTracker.cpp,114,51540891643,39935,19,
EntityTracker,/Users/obey/Desktop/MyVoxelGame/src/server/entity/ServerEntityTracker.cpp,114,51591645296,45993,19,
EntityTracker,/Users/obey/Desktop/MyVoxelGame/src/server/entity/ServerEntityTracker.cpp,114,51641070901,33476,19,
EntityTracker,/Users/obey/Desktop/MyVoxelGame/src/server/entity/ServerEntityTracker.cpp,114,51691400598,25560,19,
EntityTracker,/Users/obey/Desktop/MyVoxelGame/src/server/entity/ServerEntityTracker.cpp,114,51742618224,41702,19,
EntityTracker,/Users/obey/Desktop/MyVoxelGame/src/server/entity/ServerEntityTracker.cpp,114,51791192419,56785,19,
EntityTracker,/Users/obey/Desktop/MyVoxelGame/src/server/entity/ServerEntityTracker.cpp,114,51842526906,42643,19,
EntityTracker,/Users/obey/Desktop/MyVoxelGame/src/server/entity/ServerEntityTracker.cpp,114,51892621005,44827,19,
EntityTracker,/Users/obey/Desktop/MyVoxelGame/src/server/entity/ServerEntityTracker.cpp,114,51942935536,41184,19,
EntityTracker,/Users/obey/Desktop/MyVoxelGame/src/server/entity/ServerEntityTracker.cpp,114,51992561622,27684,19,
EntityTracker,/Users/obey/Desktop/MyVoxelGame/src/server/entity/ServerEntityTracker.cpp,114,52042878320,31767,19,
EntityTracker,/Users/obey/Desktop/MyVoxelGame/src/server/entity/ServerEntityTracker.cpp,114,52090664976,26018,19,
EntityTracker,/Users/obey/Desktop/MyVoxelGame/src/server/entity/ServerEntityTracker.cpp,114,52142411834,34517,19,
EntityTracker,/Users/obey/Desktop/MyVoxelGame/src/server/entity/ServerEntityTracker.cpp,114,52192911495,31934,19,
EntityTracker,/Users/obey/Desktop/MyVoxelGame/src/server/entity/ServerEntityTracker.cpp,114,52242957493,34601,19,
EntityTracker,/Users/obey/Desktop/MyVoxelGame/src/server/entity/ServerEntityTracker.cpp,114,52292730625,25309,19,
EntityTracker,/Users/obey/Desktop/MyVoxelGame/src/server/entity/ServerEntityTracker.cpp,114,52342684861,39685,19,
EntityTracker,/Users/obey/Desktop/MyVoxelGame/src/server/entity/ServerEntityTracker.cpp,114,52389957510,46868,19,
EntityTracker,/Users/obey/Desktop/MyVoxelGame/src/server/entity/ServerEntityTracker.cpp,114,52442907720,26434,19,
EntityTracker,/Users/obey/Desktop/MyVoxelGame/src/server/entity/ServerEntityTracker.cpp,114,52492879100,51558,19,
EntityTracker,/Users/obey/Desktop/MyVoxelGame/src/server/entity/ServerEntityTracker.cpp,114,52543134703,25935,19,
EntityTracker,/Users/obey/Desktop/MyVoxelGame/src/server/entity/ServerEntityTracker.cpp,114,52589976564,29142,19,
EntityTracker,/Users/obey/Desktop/MyVoxelGame/src/server/entity/ServerEntityTracker.cpp,114,52641977021,31768,19,
EntityTracker,/Users/obey/Desktop/MyVoxelGame/src/server/entity/ServerEntityTracker.cpp,114,52692176357,27518,19,
EntityTracker,/Users/obey/Desktop/MyVoxelGame/src/server/entity/ServerEntityTracker.cpp,114,52742932175,32995,19,
EntityTracker,/Users/obey/Desktop/MyVoxelGame/src/server/entity/ServerEntityTracker.cpp,114,52792723701,33850,19,
EntityTracker,/Users/obey/Desktop/MyVoxelGame/src/server/entity/ServerEntityTracker.cpp,114,52839875862,25143,19,
EntityTracker,/Users/obey/Desktop/MyVoxelGame/src/server/entity/ServerEntityTracker.cpp,114,52891224950,38226,19,
EntityTracker,/Users/obey/Desktop/MyVoxelGame/src/server/entity/ServerEntityTracker.cpp,114,52943031449,32893,19,
EntityTracker,/Users/obey/Desktop/MyVoxelGame/src/server/entity/ServerEntityTracker.cpp,114,52989816024,26768,19,
EntityTracker,/Users/obey/Desktop/MyVoxelGame/src/server/entity/ServerEntityTracker.cpp,114,53043861951,25101,19,
EntityTracker,/Users/obey/Desktop/MyVoxelGame/src/server/entity/ServerEntityTracker.cpp,114,53091123850,28058,19,
EntityTracker,/Users/obey/Desktop/MyVoxelGame/src/server/entity/ServerEntityTracker.cpp,114,53141330895,33308,19,
EntityTracker,/Users/obey/Desktop/MyVoxelGame/src/server/entity/ServerEntityTracker.cpp,114,53192911980,39368,19,
EntityTracker,/Users/obey/Desktop/MyVoxelGame/src/server/entity/ServerEntityTracker.cpp,114,53242526524,24392,19,
EntityTracker,/Users/obey/Desktop/MyVoxelGame/src/server/entity/ServerEntityTracker.cpp,114,53292840096,42227,19,
EntityTracker,/Users/obey/Desktop/MyVoxelGame/src/server/entity/ServerEntityTracker.cpp,114,53341619357,36310,19,
EntityTracker,/Users/obey/Desktop/MyVoxelGame/src/server/entity/ServerEntityTracker.cpp,114,53391376780,34601,19,
EntityTracker,/Users/obey/Desktop/MyVoxelGame/src/server/entity/ServerEntityTracker.cpp,114,53441305542,47475,19,
EntityTracker,/Users/obey/Desktop/MyVoxelGame/src/server/entity/ServerEntityTracker.cpp,114,53491946374,23475,19,
EntityTracker,/Users/obey/Desktop/MyVoxelGame/src/server/entity/ServerEntityTracker.cpp,114,53541763582,36393,19,
EntityTracker,/Users/obey/Desktop/MyVoxelGame/src/server/entity/ServerEntityTracker.cpp,114,53589957592,34017,19,
EntityTracker,/Users/obey/Desktop/MyVoxelGame/src/server/entity/ServerEntityTracker.cpp,114,53642187087,40035,19,
EntityTracker,/Users/obey/Desktop/MyVoxelGame/src/server/entity/ServerEntityTracker.cpp,114,53689826780,45036,19,
EntityTracker,/Users/obey/Desktop/MyVoxelGame/src/server/entity/ServerEntityTracker.cpp,114,53742077627,35369,19,
EntityTracker,/Users/obey/Desktop/MyVoxelGame/src/server/entity/ServerEntityTracker.cpp,114,53792689210,23101,19,
EntityTracker,/Users/obey/Desktop/MyVoxelGame/src/server/entity/ServerEntityTracker.cpp,114,53839657141,46393,19,
EntityTracker,/Users/obey/Desktop/MyVoxelGame/src/server/entity/ServerEntityTracker.cpp,114,53892716713,21708,19,
EntityTracker,/Users/obey/Desktop/MyVoxelGame/src/server/entity/ServerEntityTracker.cpp,114,53942434309,38435,19,
EntityTracker,/Users/obey/Desktop/MyVoxelGame/src/server/entity/ServerEntityTracker.cpp,114,53990012091,37935,19,
EntityTracker,/Users/obey/Desktop/MyVoxelGame/src/server/entity/ServerEntityTracker.cpp,114,54039775873,42119,19,
EntityTracker,/Users/obey/Desktop/MyVoxelGame/src/server/entity/ServerEntityTracker.cpp,114,54089935649,25393,19,
EntityTracker,/Users/obey/Desktop/MyVoxelGame/src/server/entity/ServerEntityTracker.cpp,114,54139941589,32142,19,
EntityTracker,/Users/obey/Desktop/MyVoxelGame/src/server/entity/ServerEntityTracker.cpp,114,54192103050,25350,19,
EntityTracker,/Users/obey/Desktop/MyVoxelGame/src/server/entity/ServerEntityTracker.cpp,114,54241919366,37435,19,
EntityTracker,/Users/obey/Desktop/MyVoxelGame/src/server/entity/ServerEntityTracker.cpp,114,54289750015,30226,19,
EntityTracker,/Users/obey/Desktop/MyVoxelGame/src/server/entity/ServerEntityTracker.cpp,114,54342751034,43620,19,
EntityTracker,/Users/obey/Desktop/MyVoxelGame/src/server/entity/ServerEntityTracker.cpp,114,54391153708,23685,19,
EntityTracker,/Users/obey/Desktop/MyVoxelGame/src/server/entity/ServerEntityTracker.cpp,114,54441252575,24892,19,
EntityTracker,/Users/obey/Desktop/MyVoxelGame/src/server/entity/ServerEntityTracker.cpp,114,54489635190,42577,19,
EntityTracker,/Users/obey/Desktop/MyVoxelGame/src/server/entity/ServerEntityTracker.cpp,114,54542493471,34660,19,
EntityTracker,/Users/obey/Desktop/MyVoxelGame/src/server/entity/ServerEntityTracker.cpp,114,54591480331,27059,19,
EntityTracker,/Users/obey/Desktop/MyVoxelGame/src/server/entity/ServerEntityTracker.cpp,114,54640099545,26100,19,
EntityTracker,/Users/obey/Desktop/MyVoxelGame/src/server/entity/ServerEntityTracker.cpp,114,54691531001,33934,19,
EntityTracker,/Users/obey/Desktop/MyVoxelGame/src/server/entity/ServerEntityTracker.cpp,114,54740125113,27601,19,
EntityTracker,/Users/obey/Desktop/MyVoxelGame/src/server/entity/ServerEntityTracker.cpp,114,54792742272,35768,19,
EntityTracker,/Users/obey/Desktop/MyVoxelGame/src/server/entity/ServerEntityTracker.cpp,114,54841446247,26500,19,
EntityTracker,/Users/obey/Desktop/MyVoxelGame/src/server/entity/ServerEntityTracker.cpp,114,54890136704,24393,19,
EntityTracker,/Users/obey/Desktop/MyVoxelGame/src/server/entity/ServerEntityTracker.cpp,114,54942731286,37495,19,
EntityTracker,/Users/obey/Desktop/MyVoxelGame/src/server/entity/ServerEntityTracker.cpp,114,54992841445,26059,19,
EntityTracker,/Users/obey/Desktop/MyVoxelGame/src/server/entity/ServerEntityTracker.cpp,114,55040705987,26392,19,
EntityTracker,/Users/obey/Desktop/MyVoxelGame/src/server/entity/ServerEntityTracker.cpp,114,55090011605,23791,19,
EntityTracker,/Users/obey/Desktop/MyVoxelGame/src/server/entity/ServerEntityTracker.cpp,114,55139986216,58911,19,
EntityTracker,/Users/obey/Desktop/MyVoxelGame/src/server/entity/ServerEntityTracker.cpp,114,55193717592,41059,19,
EntityTracker,/Users/obey/Desktop/MyVoxelGame/src/server/entity/ServerEntityTracker.cpp,114,55241766263,35643,19,
EntityTracker,/Users/obey/Desktop/MyVoxelGame/src/server/entity/ServerEntityTracker.cpp,114,55290133837,36309,19,
EntityTracker,/Users/obey/Desktop/MyVoxelGame/src/server/entity/ServerEntityTracker.cpp,114,55339922235,25292,19,
EntityTracker,/Users/obey/Desktop/MyVoxelGame/src/server/entity/ServerEntityTracker.cpp,114,55390203524,41702,19,
EntityTracker,/Users/obey/Desktop/MyVoxelGame/src/server/entity/ServerEntityTracker.cpp,114,55442582834,35226,19,
EntityTracker,/Users/obey/Desktop/MyVoxelGame/src/server/entity/ServerEntityTracker.cpp,114,55490757367,28893,19,
EntityTracker,/Users/obey/Desktop/MyVoxelGame/src/server/entity/ServerEntityTracker.cpp,114,55543526347,59618,19,
EntityTracker,/Users/obey/Desktop/MyVoxelGame/src/server/entity/ServerEntityTracker.cpp,114,55590246428,26185,19,
EntityTracker,/Users/obey/Desktop/MyVoxelGame/src/server/entity/ServerEntityTracker.cpp,114,55639627998,53536,19,
EntityTracker,/Users/obey/Desktop/MyVoxelGame/src/server/entity/ServerEntityTracker.cpp,114,55690197128,26685,19,
EntityTracker,/Users/obey/Desktop/MyVoxelGame/src/server/entity/ServerEntityTracker.cpp,114,55740981650,27417,19,
EntityTracker,/Users/obey/Desktop/MyVoxelGame/src/server/entity/ServerEntityTracker.cpp,114,55793213229,27727,19,
EntityTracker,/Users/obey/Desktop/MyVoxelGame/src/server/entity/ServerEntityTracker.cpp,114,55840492921,26017,19,
EntityTracker,/Users/obey/Desktop/MyVoxelGame/src/server/entity/ServerEntityTracker.cpp,114,55889811413,42702,19,
EntityTracker,/Users/obey/Desktop/MyVoxelGame/src/server/entity/ServerEntityTracker.cpp,114,55943286189,31352,19,
EntityTracker,/Users/obey/Desktop/MyVoxelGame/src/server/entity/ServerEntityTracker.cpp,114,55990449476,30601,19,
EntityTracker,/Users/obey/Desktop/MyVoxelGame/src/server/entity/ServerEntityTracker.cpp,114,56039970508,24392,19,
EntityTracker,/Users/obey/Desktop/MyVoxelGame/src/server/entity/ServerEntityTracker.cpp,114,56090402343,29517,19,
EntityTracker,/Users/obey/Desktop/MyVoxelGame/src/server/entity/ServerEntityTracker.cpp,114,56140241426,52910,19,
EntityTracker,/Users/obey/Desktop/MyVoxelGame/src/server/entity/ServerEntityTracker.cpp,114,56190239241,43184,19,
EntityTracker,/Users/obey/Desktop/MyVoxelGame/src/server/entity/ServerEntityTracker.cpp,114,56241938438,45558,19,
EntityTracker,/Users/obey/Desktop/MyVoxelGame/src/server/entity/ServerEntityTracker.cpp,114,56292726317,34517,19,
EntityTracker,/Users/obey/Desktop/MyVoxelGame/src/server/entity/ServerEntityTracker.cpp,114,56342907968,37076,19,
EntityTracker,/Users/obey/Desktop/MyVoxelGame/src/server/entity/ServerEntityTracker.cpp,114,56389650776,30309,19,
EntityTracker,/Users/obey/Desktop/MyVoxelGame/src/server/entity/ServerEntityTracker.cpp,114,56440300085,38975,19,
EntityTracker,/Users/obey/Desktop/MyVoxelGame/src/server/entity/ServerEntityTracker.cpp,114,56490687484,29601,19,
EntityTracker,/Users/obey/Desktop/MyVoxelGame/src/server/entity/ServerEntityTracker.cpp,114,56540709799,31558,19,
EntityTracker,/Users/obey/Desktop/MyVoxelGame/src/server/entity/ServerEntityTracker.cpp,114,56589709490,27351,19,
EntityTracker,/Users/obey/Desktop/MyVoxelGame/src/server/entity/ServerEntityTracker.cpp,114,56640793503,32518,19,
EntityTracker,/Users/obey/Desktop/MyVoxelGame/src/server/entity/ServerEntityTracker.cpp,114,56693012999,40268,19,
EntityTracker,/Users/obey/Desktop/MyVoxelGame/src/server/entity/ServerEntityTracker.cpp,114,56742844125,31768,19,
EntityTracker,/Users/obey/Desktop/MyVoxelGame/src/server/entity/ServerEntityTracker.cpp,114,56789801538,28851,19,
EntityTracker,/Users/obey/Desktop/MyVoxelGame/src/server/entity/ServerEntityTracker.cpp,114,56841480569,34725,19,
EntityTracker,/Users/obey/Desktop/MyVoxelGame/src/server/entity/ServerEntityTracker.cpp,114,56889868100,28018,19,
EntityTracker,/Users/obey/Desktop/MyVoxelGame/src/server/entity/ServerEntityTracker.cpp,114,56941596982,43118,19,
EntityTracker,/Users/obey/Desktop/MyVoxelGame/src/server/entity/ServerEntityTracker.cpp,114,56991360864,42850,19,
EntityTracker,/Users/obey/Desktop/MyVoxelGame/src/server/entity/ServerEntityTracker.cpp,114,57039754454,29517,19,
EntityTracker,/Users/obey/Desktop/MyVoxelGame/src/server/entity/ServerEntityTracker.cpp,114,57090541958,41392,19,
EntityTracker,/Users/obey/Desktop/MyVoxelGame/src/server/entity/ServerEntityTracker.cpp,114,57140427743,30310,19,
EntityTracker,/Users/obey/Desktop/MyVoxelGame/src/server/entity/ServerEntityTracker.cpp,114,57190250226,44410,19,
EntityTracker,/Users/obey/Desktop/MyVoxelGame/src/server/entity/ServerEntityTracker.cpp,114,57239702932,27767,19,
EntityTracker,/Users/obey/Desktop/MyVoxelGame/src/server/entity/ServerEntityTracker.cpp,114,57290156366,29518,19,
EntityTracker,/Users/obey/Desktop/MyVoxelGame/src/server/entity/ServerEntityTracker.cpp,114,57340130938,27517,19,
EntityTracker,/Users/obey/Desktop/MyVoxelGame/src/server/entity/ServerEntityTracker.cpp,114,57390016847,28810,19,
EntityTracker,/Users/obey/Desktop/MyVoxelGame/src/server/entity/ServerEntityTracker.cpp,114,57440259202,45535,19,
EntityTracker,/Users/obey/Desktop/MyVoxelGame/src/server/entity/ServerEntityTracker.cpp,114,57490289450,33392,19,
EntityTracker,/Users/obey/Desktop/MyVoxelGame/src/server/entity/ServerEntityTracker.cpp,114,57542792563,64451,19,
EntityTracker,/Users/obey/Desktop/MyVoxelGame/src/server/entity/ServerEntityTracker.cpp,114,57592796460,28017,19,
EntityTracker,/Users/obey/Desktop/MyVoxelGame/src/server/entity/ServerEntityTracker.cpp,114,57641916789,40785,19,
EntityTracker,/Users/obey/Desktop/MyVoxelGame/src/server/entity/ServerEntityTracker.cpp,114,57690773309,25101,19,
EntityTracker,/Users/obey/Desktop/MyVoxelGame/src/server/entity/ServerEntityTracker.cpp,114,57740993871,30643,19,
EntityTracker,/Users/obey/Desktop/MyVoxelGame/src/server/entity/ServerEntityTracker.cpp,114,57792671760,25017,19,
EntityTracker,/Users/obey/Desktop/MyVoxelGame/src/server/entity/ServerEntityTracker.cpp,114,57842659556,27600,19,
EntityTracker,/Users/obey/Desktop/MyVoxelGame/src/server/entity/ServerEntityTracker.cpp,114,57892641353,26100,19,
EntityTracker,/Users/obey/Desktop/MyVoxelGame/src/server/entity/ServerEntityTracker.cpp,114,57939763204,30476,19,
EntityTracker,/Users/obey/Desktop/MyVoxelGame/src/server/entity/ServerEntityTracker.cpp,114,57992780658,32994,19,
EntityTracker,/Users/obey/Desktop/MyVoxelGame/src/server/entity/ServerEntityTracker.cpp,114,58039689363,27542,19,
EntityTracker,/Users/obey/Desktop/MyVoxelGame/src/server/entity/ServerEntityTracker.cpp,114,58089847371,24560,19,
EntityTracker,/Users/obey/Desktop/MyVoxelGame/src/server/entity/ServerEntityTracker.cpp,114,58143057991,52017,19,
EntityTracker,/Users/obey/Desktop/MyVoxelGame/src/server/entity/ServerEntityTracker.cpp,114,58191083769,40785,19,
EntityTracker,/Users/obey/Desktop/MyVoxelGame/src/server/entity/ServerEntityTracker.cpp,114,58242866894,23685,19,
EntityTracker,/Users/obey/Desktop/MyVoxelGame/src/server/entity/ServerEntityTracker.cpp,114,58289834284,22726,19,
EntityTracker,/Users/obey/Desktop/MyVoxelGame/src/server/entity/ServerEntityTracker.cpp,114,58339748462,31101,19,
EntityTracker,/Users/obey/Desktop/MyVoxelGame/src/server/entity/ServerEntityTracker.cpp,114,58389525135,27267,19,
EntityTracker,/Users/obey/Desktop/MyVoxelGame/src/server/entity/ServerEntityTracker.cpp,114,58442308466,22750,19,
EntityTracker,/Users/obey/Desktop/MyVoxelGame/src/server/entity/ServerEntityTracker.cpp,114,58490020151,45102,19,
EntityTracker,/Users/obey/Desktop/MyVoxelGame/src/server/entity/ServerEntityTracker.cpp,114,58539853027,23934,19,
EntityTracker,/Users/obey/Desktop/MyVoxelGame/src/server/entity/ServerEntityTracker.cpp,114,58592967074,29768,19,
EntityTracker,/Users/obey/Desktop/MyVoxelGame/src/server/entity/ServerEntityTracker.cpp,114,58641252279,27167,19,
EntityTracker,/Users/obey/Desktop/MyVoxelGame/src/server/entity/ServerEntityTracker.cpp,114,58690149943,43017,19,
EntityTracker,/Users/obey/Desktop/MyVoxelGame/src/server/entity/ServerEntityTracker.cpp,114,58741307282,27142,19,
EntityTracker,/Users/obey/Desktop/MyVoxelGame/src/server/entity/ServerEntityTracker.cpp,114,58793728652,25851,19,
EntityTracker,/Users/obey/Desktop/MyVoxelGame/src/server/entity/ServerEntityTracker.cpp,114,58842373174,24851,19,
EntityTracker,/Users/obey/Desktop/MyVoxelGame/src/server/entity/ServerEntityTracker.cpp,114,58892656105,28977,19,
EntityTracker,/Users/obey/Desktop/MyVoxelGame/src/server/entity/ServerEntityTracker.cpp,114,58942022907,27518,19,
EntityTracker,/Users/obey/Desktop/MyVoxelGame/src/server/entity/ServerEntityTracker.cpp,114,58989973900,28102,19,
EntityTracker,/Users/obey/Desktop/MyVoxelGame/src/server/entity/ServerEntityTracker.cpp,114,59041162817,29351,19,
EntityTracker,/Users/obey/Desktop/MyVoxelGame/src/server/entity/ServerEntityTracker.cpp,114,59091228899,29975,19,
EntityTracker,/Users/obey/Desktop/MyVoxelGame/src/server/entity/ServerEntityTracker.cpp,114,59143169487,28059,19,
EntityTracker,/Users/obey/Desktop/MyVoxelGame/src/server/entity/ServerEntityTracker.cpp,114,59190608407,42518,19,
EntityTracker,/Users/obey/Desktop/MyVoxelGame/src/server/entity/ServerEntityTracker.cpp,114,59243421655,48285,19,
EntityTracker,/Users/obey/Desktop/MyVoxelGame/src/server/entity/ServerEntityTracker.cpp,114,59291538378,35310,19,
EntityTracker,/Users/obey/Desktop/MyVoxelGame/src/server/entity/ServerEntityTracker.cpp,114,59339938094,27601,19,
EntityTracker,/Users/obey/Desktop/MyVoxelGame/src/server/entity/ServerEntityTracker.cpp,114,59390228400,24768,19,
EntityTracker,/Users/obey/Desktop/MyVoxelGame/src/server/entity/ServerEntityTracker.cpp,114,59441718682,27810,19,
EntityTracker,/Users/obey/Desktop/MyVoxelGame/src/server/entity/ServerEntityTracker.cpp,114,59491473148,38184,19,
EntityTracker,/Users/obey/Desktop/MyVoxelGame/src/server/entity/ServerEntityTracker.cpp,114,59539763751,44934,19,
EntityTracker,/Users/obey/Desktop/MyVoxelGame/src/server/entity/ServerEntityTracker.cpp,114,59591092821,23185,19,
EntityTracker,/Users/obey/Desktop/MyVoxelGame/src/server/entity/ServerEntityTracker.cpp,114,59639941467,22084,19,
EntityTracker,/Users/obey/Desktop/MyVoxelGame/src/server/entity/ServerEntityTracker.cpp,114,59689695539,28768,19,
EntityTracker,/Users/obey/Desktop/MyVoxelGame/src/server/entity/ServerEntityTracker.cpp,114,59742869706,27809,19,
EntityTracker,/Users/obey/Desktop/MyVoxelGame/src/server/entity/ServerEntityTracker.cpp,114,59789855863,26600,19,
EntityTracker,/Users/obey/Desktop/MyVoxelGame/src/server/entity/ServerEntityTracker.cpp,114,59842208180,38951,19,
EntityTracker,/Users/obey/Desktop/MyVoxelGame/src/server/entity/ServerEntityTracker.cpp,114,59892619013,57994,19,
EntityTracker,/Users/obey/Desktop/MyVoxelGame/src/server/entity/ServerEntityTracker.cpp,114,59942501341,27976,19,
EntityTracker,/Users/obey/Desktop/MyVoxelGame/src/server/entity/ServerEntityTracker.cpp,114,59991249000,28100,19,
EntityTracker,/Users/obey/Desktop/MyVoxelGame/src/server/entity/ServerEntityTracker.cpp,114,60041568573,47327,19,
EntityTracker,/Users/obey/Desktop/MyVoxelGame/src/server/entity/ServerEntityTracker.cpp,114,60092990445,33810,19,
EntityTracker,/Users/obey/Desktop/MyVoxelGame/src/server/entity/ServerEntityTracker.cpp,114,60140184225,100303,19,
EntityTracker,/Users/obey/Desktop/MyVoxelGame/src/server/entity/ServerEntityTracker.cpp,114,60190088428,31392,19,
EntityTracker,/Users/obey/Desktop/MyVoxelGame/src/server/entity/ServerEntityTracker.cpp,114,60242185853,40268,19,
EntityTracker,/Users/obey/Desktop/MyVoxelGame/src/server/entity/ServerEntityTracker.cpp,114,60291840290,36351,19,
EntityTracker,/Users/obey/Desktop/MyVoxelGame/src/server/entity/ServerEntityTracker.cpp,114,60340283982,36576,19,
EntityTracker,/Users/obey/Desktop/MyVoxelGame/src/server/entity/ServerEntityTracker.cpp,114,60390509669,32101,19,
EntityTracker,/Users/obey/Desktop/MyVoxelGame/src/server/entity/ServerEntityTracker.cpp,114,60440292860,51142,19,
EntityTracker,/Users/obey/Desktop/MyVoxelGame/src/server/entity/ServerEntityTracker.cpp,114,60490965501,58453,19,
EntityTracker,/Users/obey/Desktop/MyVoxelGame/src/server/entity/ServerEntityTracker.cpp,114,60542728525,26684,19,
EntityTracker,/Users/obey/Desktop/MyVoxelGame/src/server/entity/ServerEntityTracker.cpp,114,60594687548,36768,19,
EntityTracker,/Users/obey/Desktop/MyVoxelGame/src/server/entity/ServerEntityTracker.cpp,114,60641901995,28058,19,
EntityTracker,/Users/obey/Desktop/MyVoxelGame/src/server/entity/ServerEntityTracker.cpp,114,60691503603,53744,19,
EntityTracker,/Users/obey/Desktop/MyVoxelGame/src/server/entity/ServerEntityTracker.cpp,114,60743045631,51243,19,
EntityTracker,/Users/obey/Desktop/MyVoxelGame/src/server/entity/ServerEntityTracker.cpp,114,60792331188,52828,19,
EntityTracker,/Users/obey/Desktop/MyVoxelGame/src/server/entity/ServerEntityTracker.cpp,114,60839957299,27809,19,
EntityTracker,/Users/obey/Desktop/MyVoxelGame/src/server/entity/ServerEntityTracker.cpp,114,61139075560,69020184,19,
EntityTracker,/Users/obey/Desktop/MyVoxelGame/src/server/entity/ServerEntityTracker.cpp,114,61494811577,20873941,19,
EntityTracker,/Users/obey/Desktop/MyVoxelGame/src/server/entity/ServerEntityTracker.cpp,114,61731078516,19618929,19,
EntityTracker,/Users/obey/Desktop/MyVoxelGame/src/server/entity/ServerEntityTracker.cpp,114,61967595138,20836965,19,
EntityTracker,/Users/obey/Desktop/MyVoxelGame/src/server/entity/ServerEntityTracker.cpp,114,62170156460,16018938,19,
EntityTracker,/Users/obey/Desktop/MyVoxelGame/src/server/entity/ServerEntityTracker.cpp,114,62345562036,14709681,19,
EntityTracker,/Users/obey/Desktop/MyVoxelGame/src/server/entity/ServerEntityTracker.cpp,114,62506102400,14433066,19,
EntityTracker,/Users/obey/Desktop/MyVoxelGame/src/server/entity/ServerEntityTracker.cpp,114,62663981051,14164574,19,
EntityTracker,/Users/obey/Desktop/MyVoxelGame/src/server/entity/ServerEntityTracker.cpp,114,62819803441,13776279,19,
EntityTracker,/Users/obey/Desktop/MyVoxelGame/src/server/entity/ServerEntityTracker.cpp,114,62975135507,17250910,19,
EntityTracker,/Users/obey/Desktop/MyVoxelGame/src/server/entity/ServerEntityTracker.cpp,114,63131796555,13443403,19,
EntityTracker,/Users/obey/Desktop/MyVoxelGame/src/server/entity/ServerEntityTracker.cpp,114,63276634408,13527496,19,
EntityTracker,/Users/obey/Desktop/MyVoxelGame/src/server/entity/ServerEntityTracker.cpp,114,63419364756,12573076,19,
EntityTracker,/Users/obey/Desktop/MyVoxelGame/src/server/entity/ServerEntityTracker.cpp,114,63560866924,11930291,19,
EntityTracker,/Users/obey/Desktop/MyVoxelGame/src/server/entity/ServerEntityTracker.cpp,114,63692868893,12319936,19,
EntityTracker,/Users/obey/Desktop/MyVoxelGame/src/server/entity/ServerEntityTracker.cpp,114,63829738157,12011825,19,
EntityTracker,/Users/obey/Desktop/MyVoxelGame/src/server/entity/ServerEntityTracker.cpp,114,63960395001,12074920,19,
EntityTracker,/Users/obey/Desktop/MyVoxelGame/src/server/entity/ServerEntityTracker.cpp,114,64092924685,12306377,19,
EntityTracker,/Users/obey/Desktop/MyVoxelGame/src/server/entity/ServerEntityTracker.cpp,114,64219706797,12265151,19,
EntityTracker,/Users/obey/Desktop/MyVoxelGame/src/server/entity/ServerEntityTracker.cpp,114,64347290676,11391848,19,
EntityTracker,/Users/obey/Desktop/MyVoxelGame/src/server/entity/ServerEntityTracker.cpp,114,64469868711,11865905,19,
EntityTracker,/Users/obey/Desktop/MyVoxelGame/src/server/entity/ServerEntityTracker.cpp,114,64600166595,11003930,19,
EntityTracker,/Users/obey/Desktop/MyVoxelGame/src/server/entity/ServerEntityTracker.cpp,114,64736220759,12301437,19,
EntityTracker,/Users/obey/Desktop/MyVoxelGame/src/server/entity/ServerEntityTracker.cpp,114,64877928193,12212449,19,
EntityTracker,/Users/obey/Desktop/MyVoxelGame/src/server/entity/ServerEntityTracker.cpp,114,65027571932,13672084,19,
EntityTracker,/Users/obey/Desktop/MyVoxelGame/src/server/entity/ServerEntityTracker.cpp,114,65185102306,12829816,19,
EntityTracker,/Users/obey/Desktop/MyVoxelGame/src/server/entity/ServerEntityTracker.cpp,114,65330523593,12910519,19,
EntityTracker,/Users/obey/Desktop/MyVoxelGame/src/server/entity/ServerEntityTracker.cpp,114,65475125138,12359452,19,
EntityTracker,/Users/obey/Desktop/MyVoxelGame/src/server/entity/ServerEntityTracker.cpp,114,65601552055,11693026,19,
EntityTracker,/Users/obey/Desktop/MyVoxelGame/src/server/entity/ServerEntityTracker.cpp,114,65808386488,11799387,19,
EntityTracker,/Users/obey/Desktop/MyVoxelGame/src/server/entity/ServerEntityTracker.cpp,114,65925022013,11802596,19,
EntityTracker,/Users/obey/Desktop/MyVoxelGame/src/server/entity/ServerEntityTracker.cpp,114,66042417562,11355247,19,
EntityTracker,/Users/obey/Desktop/MyVoxelGame/src/server/entity/ServerEntityTracker.cpp,114,66159145389,11520835,19,
EntityTracker,/Users/obey/Desktop/MyVoxelGame/src/server/entity/ServerEntityTracker.cpp,114,66279509934,11726668,19,
EntityTracker,/Users/obey/Desktop/MyVoxelGame/src/server/entity/ServerEntityTracker.cpp,114,66396942582,11144126,19,
EntityTracker,/Users/obey/Desktop/MyVoxelGame/src/server/entity/ServerEntityTracker.cpp,114,66515785248,11743310,19,
EntityTracker,/Users/obey/Desktop/MyVoxelGame/src/server/entity/ServerEntityTracker.cpp,114,66633126177,11141834,19,
EntityTracker,/Users/obey/Desktop/MyVoxelGame/src/server/entity/ServerEntityTracker.cpp,114,66751176862,11796327,19,
EntityTracker,/Users/obey/Desktop/MyVoxelGame/src/server/entity/ServerEntityTracker.cpp,114,66865367630,11500169,19,
EntityTracker,/Users/obey/Desktop/MyVoxelGame/src/server/entity/ServerEntityTracker.cpp,114,66984139135,10975829,19,
EntityTracker,/Users/obey/Desktop/MyVoxelGame/src/server/entity/ServerEntityTracker.cpp,114,67097499571,11634323,19,
EntityTracker,/Users/obey/Desktop/MyVoxelGame/src/server/entity/ServerEntityTracker.cpp,114,67216462098,10761081,19,
EntityTracker,/Users/obey/Desktop/MyVoxelGame/src/server/entity/ServerEntityTracker.cpp,114,67329304527,11245011,19,
EntityTracker,/Users/obey/Desktop/MyVoxelGame/src/server/entity/ServerEntityTracker.cpp,114,67447271015,11250822,19,
EntityTracker,/Users/obey/Desktop/MyVoxelGame/src/server/entity/ServerEntityTracker.cpp,114,67560388186,11681775,19,
EntityTracker,/Users/obey/Desktop/MyVoxelGame/src/server/entity/ServerEntityTracker.cpp,114,67676614048,11709043,19,
EntityTracker,/Users/obey/Desktop/MyVoxelGame/src/server/entity/ServerEntityTracker.cpp,114,67791418602,11837821,19,
EntityTracker,/Users/obey/Desktop/MyVoxelGame/src/server/entity/ServerEntityTracker.cpp,114,67907069981,11342873,19,
EntityTracker,/Users/obey/Desktop/MyVoxelGame/src/server/entity/ServerEntityTracker.cpp,114,68020887829,11391449,19,
EntityTracker,/Users/obey/Desktop/MyVoxelGame/src/server/entity/ServerEntityTracker.cpp,114,68137683626,11468593,19,
EntityTracker,/Users/obey/Desktop/MyVoxelGame/src/server/entity/ServerEntityTracker.cpp,114,68251650105,11482442,19,
EntityTracker,/Users/obey/Desktop/MyVoxelGame/src/server/entity/ServerEntityTracker.cpp,114,68372119219,11023514,19,
EntityTracker,/Users/obey/Desktop/MyVoxelGame/src/server/entity/ServerEntityTracker.cpp,114,68485691343,11787786,19,
EntityTracker,/Users/obey/Desktop/MyVoxelGame/src/server/entity/ServerEntityTracker.cpp,114,68603081141,12008577,19,
EntityTracker,/Users/obey/Desktop/MyVoxelGame/src/server/entity/ServerEntityTracker.cpp,114,68717468865,11501002,19,
EntityTracker,/Users/obey/Desktop/MyVoxelGame/src/server/entity/ServerEntityTracker.cpp,114,68833316684,11098106,19,
EntityTracker,/Users/obey/Desktop/MyVoxelGame/src/server/entity/ServerEntityTracker.cpp,114,68948570500,11633157,19,
EntityTracker,/Users/obey/Desktop/MyVoxelGame/src/server/entity/ServerEntityTracker.cpp,114,69069620765,11214262,19,
EntityTracker,/Users/obey/Desktop/MyVoxelGame/src/server/entity/ServerEntityTracker.cpp,114,69184197821,11955392,19,
EntityTracker,/Users/obey/Desktop/MyVoxelGame/src/server/entity/ServerEntityTracker.cpp,114,69304202487,13666501,19,
EntityTracker,/Users/obey/Desktop/MyVoxelGame/src/server/entity/ServerEntityTracker.cpp,114,69421688380,11102815,19,
EntityTracker,/Users/obey/Desktop/MyVoxelGame/src/server/entity/ServerEntityTracker.cpp,114,69541327377,11412700,19,
EntityTracker,/Users/obey/Desktop/MyVoxelGame/src/server/entity/ServerEntityTracker.cpp,114,69656475166,11944350,19,
EntityTracker,/Users/obey/Desktop/MyVoxelGame/src/server/entity/ServerEntityTracker.cpp,114,69772722480,11978683,19,
EntityTracker,/Users/obey/Desktop/MyVoxelGame/src/server/entity/ServerEntityTracker.cpp,114,69888222962,11605031,19,
EntityTracker,/Users/obey/Desktop/MyVoxelGame/src/server/entity/ServerEntityTracker.cpp,114,70005434404,11380433,19,
EntityTracker,/Users/obey/Desktop/MyVoxelGame/src/server/entity/ServerEntityTracker.cpp,114,70120714989,11094465,19,
EntityTracker,/Users/obey/Desktop/MyVoxelGame/src/server/entity/ServerEntityTracker.cpp,114,70237927789,11655340,19,
EntityTracker,/Users/obey/Desktop/MyVoxelGame/src/server/entity/ServerEntityTracker.cpp,114,70352598272,11818929,19,
EntityTracker,/Users/obey/Desktop/MyVoxelGame/src/server/entity/ServerEntityTracker.cpp,114,70469786488,11196994,19,
EntityTracker,/Users/obey/Desktop/MyVoxelGame/src/server/entity/ServerEntityTracker.cpp,114,70584638393,11989659,19,
EntityTracker,/Users/obey/Desktop/MyVoxelGame/src/server/entity/ServerEntityTracker.cpp,114,70703826644,12007534,19,
EntityTracker,/Users/obey/Desktop/MyVoxelGame/src/server/entity/ServerEntityTracker.cpp,114,70819356870,12093629,19,
EntityTracker,/Users/obey/Desktop/MyVoxelGame/src/server/entity/ServerEntityTracker.cpp,114,70938541187,12312811,19,
EntityTracker,/Users/obey/Desktop/MyVoxelGame/src/server/entity/ServerEntityTracker.cpp,114,71055497238,11563396,19,
EntityTracker,/Users/obey/Desktop/MyVoxelGame/src/server/entity/ServerEntityTracker.cpp,114,71170256507,12167848,19,
EntityTracker,/Users/obey/Desktop/MyVoxelGame/src/server/entity/ServerEntityTracker.cpp,114,71286792188,11503253,19,
EntityTracker,/Users/obey/Desktop/MyVoxelGame/src/server/entity/ServerEntityTracker.cpp,114,71404648107,11298105,19,
EntityTracker,/Users/obey/Desktop/MyVoxelGame/src/server/entity/ServerEntityTracker.cpp,114,71522342414,11225218,19,
EntityTracker,/Users/obey/Desktop/MyVoxelGame/src/server/entity/ServerEntityTracker.cpp,114,71673772646,11734061,19,
EntityTracker,/Users/obey/Desktop/MyVoxelGame/src/server/entity/ServerEntityTracker.cpp,114,71767282221,19940664,19,
EntityTracker,/Users/obey/Desktop/MyVoxelGame/src/server/entity/ServerEntityTracker.cpp,114,71889552915,12165747,19,
EntityTracker,/Users/obey/Desktop/MyVoxelGame/src/server/entity/ServerEntityTracker.cpp,114,72025407598,11878756,19,
EntityTracker,/Users/obey/Desktop/MyVoxelGame/src/server/entity/ServerEntityTracker.cpp,114,72196320173,12122979,19,
EntityTracker,/Users/obey/Desktop/MyVoxelGame/src/server/entity/ServerEntityTracker.cpp,114,72398704015,8342424,19,
EntityTracker,/Users/obey/Desktop/MyVoxelGame/src/server/entity/ServerEntityTracker.cpp,114,72632431829,15764779,19,
EntityTracker,/Users/obey/Desktop/MyVoxelGame/src/server/entity/ServerEntityTracker.cpp,114,72821842431,8986104,19,
EntityTracker,/Users/obey/Desktop/MyVoxelGame/src/server/entity/ServerEntityTracker.cpp,114,72981769361,6739909,19,
EntityTracker,/Users/obey/Desktop/MyVoxelGame/src/server/entity/ServerEntityTracker.cpp,114,73107064154,11879813,19,
EntityTracker,/Users/obey/Desktop/MyVoxelGame/src/server/entity/ServerEntityTracker.cpp,114,73239890388,16572921,19,
EntityTracker,/Users/obey/Desktop/MyVoxelGame/src/server/entity/ServerEntityTracker.cpp,114,73376827020,8247872,19,
EntityTracker,/Users/obey/Desktop/MyVoxelGame/src/server/entity/ServerEntityTracker.cpp,114,73507008850,11362375,19,
EntityTracker,/Users/obey/Desktop/MyVoxelGame/src/server/entity/ServerEntityTracker.cpp,114,73654630303,9034246,19,
EntityTracker,/Users/obey/Desktop/MyVoxelGame/src/server/entity/ServerEntityTracker.cpp,114,73809670444,11919166,19,
EntityTracker,/Users/obey/Desktop/MyVoxelGame/src/server/entity/ServerEntityTracker.cpp,114,73959741570,11838196,19,
EntityTracker,/Users/obey/Desktop/MyVoxelGame/src/server/entity/ServerEntityTracker.cpp,114,74086898809,7057705,19,
EntityTracker,/Users/obey/Desktop/MyVoxelGame/src/server/entity/ServerEntityTracker.cpp,114,74215391507,7556817,19,
EntityTracker,/Users/obey/Desktop/MyVoxelGame/src/server/entity/ServerEntityTracker.cpp,114,74336891326,7530885,19,
EntityTracker,/Users/obey/Desktop/MyVoxelGame/src/server/entity/ServerEntityTracker.cpp,114,74446272751,9851303,19,
EntityTracker,/Users/obey/Desktop/MyVoxelGame/src/server/entity/ServerEntityTracker.cpp,114,74580521045,11844130,19,
EntityTracker,/Users/obey/Desktop/MyVoxelGame/src/server/entity/ServerEntityTracker.cpp,114,74711683271,9862363,19,
EntityTracker,/Users/obey/Desktop/MyVoxelGame/src/server/entity/ServerEntityTracker.cpp,114,74832679560,7631520,19,
EntityTracker,/Users/obey/Desktop/MyVoxelGame/src/server/entity/ServerEntityTracker.cpp,114,74949284317,5620569,19,
EntityTracker,/Users/obey/Desktop/MyVoxelGame/src/server/entity/ServerEntityTracker.cpp,114,75071756951,6753193,19,
EntityTracker,/Users/obey/Desktop/MyVoxelGame/src/server/entity/ServerEntityTracker.cpp,114,75216939180,11931166,19,
EntityTracker,/Users/obey/Desktop/MyVoxelGame/src/server/entity/ServerEntityTracker.cpp,114,75356058060,7377172,19,
EntityTracker,/Users/obey/Desktop/MyVoxelGame/src/server/entity/ServerEntityTracker.cpp,114,75469204206,7609795,19,
EntityTracker,/Users/obey/Desktop/MyVoxelGame/src/server/entity/ServerEntityTracker.cpp,114,75625582454,11641549,19,
EntityTracker,/Users/obey/Desktop/MyVoxelGame/src/server/entity/ServerEntityTracker.cpp,114,75770858344,6598982,19,
EntityTracker,/Users/obey/Desktop/MyVoxelGame/src/server/entity/ServerEntityTracker.cpp,114,75892100565,10569935,19,
EntityTracker,/Users/obey/Desktop/MyVoxelGame/src/server/entity/ServerEntityTracker.cpp,114,76039763428,8684969,19,
EntityTracker,/Users/obey/Desktop/MyVoxelGame/src/server/entity/ServerEntityTracker.cpp,114,76166026240,8112886,19,
EntityTracker,/Users/obey/Desktop/MyVoxelGame/src/server/entity/ServerEntityTracker.cpp,114,76295414823,8561398,19,
EntityTracker,/Users/obey/Desktop/MyVoxelGame/src/server/entity/ServerEntityTracker.cpp,114,76420905280,8810496,19,
EntityTracker,/Users/obey/Desktop/MyVoxelGame/src/server/entity/ServerEntityTracker.cpp,114,76543235717,8111468,19,
EntityTracker,/Users/obey/Desktop/MyVoxelGame/src/server/entity/ServerEntityTracker.cpp,114,76669563524,9162023,19,
EntityTracker,/Users/obey/Desktop/MyVoxelGame/src/server/entity/ServerEntityTracker.cpp,114,76797009814,6818103,19,
EntityTracker,/Users/obey/Desktop/MyVoxelGame/src/server/entity/ServerEntityTracker.cpp,114,76902120043,5900060,19,
EntityTracker,/Users/obey/Desktop/MyVoxelGame/src/server/entity/ServerEntityTracker.cpp,114,77088900844,13318623,19,
EntityTracker,/Users/obey/Desktop/MyVoxelGame/src/server/entity/ServerEntityTracker.cpp,114,77217210393,11934790,19,
EntityTracker,/Users/obey/Desktop/MyVoxelGame/src/server/entity/ServerEntityTracker.cpp,114,77370939570,8055266,19,
EntityTracker,/Users/obey/Desktop/MyVoxelGame/src/server/entity/ServerEntityTracker.cpp,114,77492211558,6326098,19,
EntityTracker,/Users/obey/Desktop/MyVoxelGame/src/server/entity/ServerEntityTracker.cpp,114,77619925298,7950863,19,
EntityTracker,/Users/obey/Desktop/MyVoxelGame/src/server/entity/ServerEntityTracker.cpp,114,77755373485,8093784,19,
EntityTracker,/Users/obey/Desktop/MyVoxelGame/src/server/entity/ServerEntityTracker.cpp,114,77888006890,8041223,19,
EntityTracker,/Users/obey/Desktop/MyVoxelGame/src/server/entity/ServerEntityTracker.cpp,114,78022261433,8314424,19,
EntityTracker,/Users/obey/Desktop/MyVoxelGame/src/server/entity/ServerEntityTracker.cpp,114,78144356896,6398484,19,
EntityTracker,/Users/obey/Desktop/MyVoxelGame/src/server/entity/ServerEntityTracker.cpp,114,78268460729,8475012,19,
EntityTracker,/Users/obey/Desktop/MyVoxelGame/src/server/entity/ServerEntityTracker.cpp,114,78392719981,10338402,19,
EntityTracker,/Users/obey/Desktop/MyVoxelGame/src/server/entity/ServerEntityTracker.cpp,114,78522728040,10923586,19,
EntityTracker,/Users/obey/Desktop/MyVoxelGame/src/server/entity/ServerEntityTracker.cpp,114,78668302898,10533940,19,
EntityTracker,/Users/obey/Desktop/MyVoxelGame/src/server/entity/ServerEntityTracker.cpp,114,78799088396,6969443,19,
EntityTracker,/Users/obey/Desktop/MyVoxelGame/src/server/entity/ServerEntityTracker.cpp,114,78920811399,6411233,19,
EntityTracker,/Users/obey/Desktop/MyVoxelGame/src/server/entity/ServerEntityTracker.cpp,114,79060070617,9178583,19,
EntityTracker,/Users/obey/Desktop/MyVoxelGame/src/server/entity/ServerEntityTracker.cpp,114,79182863069,9196791,19,
EntityTracker,/Users/obey/Desktop/MyVoxelGame/src/server/entity/ServerEntityTracker.cpp,114,79321713475,8465870,19,
EntityTracker,/Users/obey/Desktop/MyVoxelGame/src/server/entity/ServerEntityTracker.cpp,114,79457317626,7709697,19,
EntityTracker,/Users/obey/Desktop/MyVoxelGame/src/server/entity/ServerEntityTracker.cpp,114,79586280294,7287494,19,
EntityTracker,/Users/obey/Desktop/MyVoxelGame/src/server/entity/ServerEntityTracker.cpp,114,79710883741,7650455,19,
EntityTracker,/Users/obey/Desktop/MyVoxelGame/src/server/entity/ServerEntityTracker.cpp,114,79856607395,10074177,19,
EntityTracker,/Users/obey/Desktop/MyVoxelGame/src/server/entity/ServerEntityTracker.cpp,114,79978389849,6777779,19,
EntityTracker,/Users/obey/Desktop/MyVoxelGame/src/server/entity/ServerEntityTracker.cpp,114,80110311431,9326905,19,
EntityTracker,/Users/obey/Desktop/MyVoxelGame/src/server/entity/ServerEntityTracker.cpp,114,80238104832,10628910,19,
EntityTracker,/Users/obey/Desktop/MyVoxelGame/src/server/entity/ServerEntityTracker.cpp,114,80374069903,8472178,19,
EntityTracker,/Users/obey/Desktop/MyVoxelGame/src/server/entity/ServerEntityTracker.cpp,114,80537240821,8277656,19,
EntityTracker,/Users/obey/Desktop/MyVoxelGame/src/server/entity/ServerEntityTracker.cpp,114,80677981151,8096408,19,
EntityTracker,/Users/obey/Desktop/MyVoxelGame/src/server/entity/ServerEntityTracker.cpp,114,80802942725,7419064,19,
EntityTracker,/Users/obey/Desktop/MyVoxelGame/src/server/entity/ServerEntityTracker.cpp,114,80936451638,7941154,19,
EntityTracker,/Users/obey/Desktop/MyVoxelGame/src/server/entity/ServerEntityTracker.cpp,114,81086102501,9682381,19,
EntityTracker,/Users/obey/Desktop/MyVoxelGame/src/server/entity/ServerEntityTracker.cpp,114,81220884069,12811134,19,
EntityTracker,/Users/obey/Desktop/MyVoxelGame/src/server/entity/ServerEntityTracker.cpp,114,81369053130,7032602,19,
EntityTracker,/Users/obey/Desktop/MyVoxelGame/src/server/entity/ServerEntityTracker.cpp,114,81498467563,7986546,19,
EntityTracker,/Users/obey/Desktop/MyVoxelGame/src/server/entity/ServerEntityTracker.cpp,114,81616365641,6351241,19,
EntityTracker,/Users/obey/Desktop/MyVoxelGame/src/server/entity/ServerEntityTracker.cpp,114,81755130288,6883013,19,
EntityTracker,/Users/obey/Desktop/MyVoxelGame/src/server/entity/ServerEntityTracker.cpp,114,81872591662,8201270,19,
EntityTracker,/Users/obey/Desktop/MyVoxelGame/src/server/entity/ServerEntityTracker.cpp,114,82008453262,8844098,19,
EntityTracker,/Users/obey/Desktop/MyVoxelGame/src/server/entity/ServerEntityTracker.cpp,114,82146807680,7470914,19,
EntityTracker,/Users/obey/Desktop/MyVoxelGame/src/server/entity/ServerEntityTracker.cpp,114,82289847869,7392296,19,
EntityTracker,/Users/obey/Desktop/MyVoxelGame/src/server/entity/ServerEntityTracker.cpp,114,82416319055,11401491,19,
EntityTracker,/Users/obey/Desktop/MyVoxelGame/src/server/entity/ServerEntityTracker.cpp,114,82538285949,8225645,19,
EntityTracker,/Users/obey/Desktop/MyVoxelGame/src/server/entity/ServerEntityTracker.cpp,114,82693196019,9463367,19,
EntityTracker,/Users/obey/Desktop/MyVoxelGame/src/server/entity/ServerEntityTracker.cpp,114,82828440917,8473345,19,
EntityTracker,/Users/obey/Desktop/MyVoxelGame/src/server/entity/ServerEntityTracker.cpp,114,82974458247,10426220,19,
EntityTracker,/Users/obey/Desktop/MyVoxelGame/src/server/entity/ServerEntityTracker.cpp,114,83114868842,6807420,19,
EntityTracker,/Users/obey/Desktop/MyVoxelGame/src/server/entity/ServerEntityTracker.cpp,114,83240652891,7586567,19,
EntityTracker,/Users/obey/Desktop/MyVoxelGame/src/server/entity/ServerEntityTracker.cpp,114,83361468615,8064975,19,
EntityTracker,/Users/obey/Desktop/MyVoxelGame/src/server/entity/ServerEntityTracker.cpp,114,83489051851,7038893,19,
EntityTracker,/Users/obey/Desktop/MyVoxelGame/src/server/entity/ServerEntityTracker.cpp,114,83617895700,7972505,19,
EntityTracker,/Users/obey/Desktop/MyVoxelGame/src/server/entity/ServerEntityTracker.cpp,114,83759483397,9292011,19,
EntityTracker,/Users/obey/Desktop/MyVoxelGame/src/server/entity/ServerEntityTracker.cpp,114,83881181757,10250848,19,
EntityTracker,/Users/obey/Desktop/MyVoxelGame/src/server/entity/ServerEntityTracker.cpp,114,84037448476,8975085,19,
EntityTracker,/Users/obey/Desktop/MyVoxelGame/src/server/entity/ServerEntityTracker.cpp,114,84161273066,6353741,19,
EntityTracker,/Users/obey/Desktop/MyVoxelGame/src/server/entity/ServerEntityTracker.cpp,114,84294153152,8335467,19,
EntityTracker,/Users/obey/Desktop/MyVoxelGame/src/server/entity/ServerEntityTracker.cpp,114,84427969659,10881924,19,
EntityTracker,/Users/obey/Desktop/MyVoxelGame/src/server/entity/ServerEntityTracker.cpp,114,84560224959,8969751,19,
EntityTracker,/Users/obey/Desktop/MyVoxelGame/src/server/entity/ServerEntityTracker.cpp,114,84696112994,7319885,19,
EntityTracker,/Users/obey/Desktop/MyVoxelGame/src/server/entity/ServerEntityTracker.cpp,114,84830546600,7403773,19,
EntityTracker,/Users/obey/Desktop/MyVoxelGame/src/server/entity/ServerEntityTracker.cpp,114,84972559294,7099413,19,
EntityTracker,/Users/obey/Desktop/MyVoxelGame/src/server/entity/ServerEntityTracker.cpp,114,85106250813,7979255,19,
EntityTracker,/Users/obey/Desktop/MyVoxelGame/src/server/entity/ServerEntityTracker.cpp,114,85223941477,11495628,19,
EntityTracker,/Users/obey/Desktop/MyVoxelGame/src/server/entity/ServerEntityTracker.cpp,114,85354263086,9188518,19,
EntityTracker,/Users/obey/Desktop/MyVoxelGame/src/server/entity/ServerEntityTracker.cpp,114,85496183769,11296796,19,
EntityTracker,/Users/obey/Desktop/MyVoxelGame/src/server/entity/ServerEntityTracker.cpp,114,85648857349,8220353,19,
EntityTracker,/Users/obey/Desktop/MyVoxelGame/src/server/entity/ServerEntityTracker.cpp,114,85790952701,10643469,19,
EntityTracker,/Users/obey/Desktop/MyVoxelGame/src/server/entity/ServerEntityTracker.cpp,114,85931039103,9318255,19,
EntityTracker,/Users/obey/Desktop/MyVoxelGame/src/server/entity/ServerEntityTracker.cpp,114,86076331885,8440746,19,
EntityTracker,/Users/obey/Desktop/MyVoxelGame/src/server/entity/ServerEntityTracker.cpp,114,86213635853,8655786,19,
EntityTracker,/Users/obey/Desktop/MyVoxelGame/src/server/entity/ServerEntityTracker.cpp,114,86349757946,10877926,19,
EntityTracker,/Users/obey/Desktop/MyVoxelGame/src/server/entity/ServerEntityTracker.cpp,114,86481465365,9580395,19,
EntityTracker,/Users/obey/Desktop/MyVoxelGame/src/server/entity/ServerEntityTracker.cpp,114,86618096737,13448027,19,
EntityTracker,/Users/obey/Desktop/MyVoxelGame/src/server/entity/ServerEntityTracker.cpp,114,86768983613,11288920,19,
EntityTracker,/Users/obey/Desktop/MyVoxelGame/src/server/entity/ServerEntityTracker.cpp,114,86905148931,12190680,19,
EntityTracker,/Users/obey/Desktop/MyVoxelGame/src/server/entity/ServerEntityTracker.cpp,114,87053312740,10435388,19,
EntityTracker,/Users/obey/Desktop/MyVoxelGame/src/server/entity/ServerEntityTracker.cpp,114,87188165427,7873036,19,
EntityTracker,/Users/obey/Desktop/MyVoxelGame/src/server/entity/ServerEntityTracker.cpp,114,87329202458,8135819,19,
EntityTracker,/Users/obey/Desktop/MyVoxelGame/src/server/entity/ServerEntityTracker.cpp,114,87454420381,7312219,19,
EntityTracker,/Users/obey/Desktop/MyVoxelGame/src/server/entity/ServerEntityTracker.cpp,114,87609579235,9477950,19,
EntityTracker,/Users/obey/Desktop/MyVoxelGame/src/server/entity/ServerEntityTracker.cpp,114,87735339558,10757104,19,
EntityTracker,/Users/obey/Desktop/MyVoxelGame/src/server/entity/ServerEntityTracker.cpp,114,87896837508,11453260,19,
EntityTracker,/Users/obey/Desktop/MyVoxelGame/src/server/entity/ServerEntityTracker.cpp,114,88045098330,12014659,19,
EntityTracker,/Users/obey/Desktop/MyVoxelGame/src/server/entity/ServerEntityTracker.cpp,114,88189131708,7278618,19,
EntityTracker,/Users/obey/Desktop/MyVoxelGame/src/server/entity/ServerEntityTracker.cpp,114,88324790578,7560550,19,
EntityTracker,/Users/obey/Desktop/MyVoxelGame/src/server/entity/ServerEntityTracker.cpp,114,88459681533,9312529,19,
EntityTracker,/Users/obey/Desktop/MyVoxelGame/src/server/entity/ServerEntityTracker.cpp,114,88594760343,10322359,19,
EntityTracker,/Users/obey/Desktop/MyVoxelGame/src/server/entity/ServerEntityTracker.cpp,114,88741252978,10908294,19,
EntityTracker,/Users/obey/Desktop/MyVoxelGame/src/server/entity/ServerEntityTracker.cpp,114,88882121878,6584297,19,
EntityTracker,/Users/obey/Desktop/MyVoxelGame/src/server/entity/ServerEntityTracker.cpp,114,89031060687,8701761,19,
EntityTracker,/Users/obey/Desktop/MyVoxelGame/src/server/entity/ServerEntityTracker.cpp,114,89159660437,7960172,19,
EntityTracker,/Users/obey/Desktop/MyVoxelGame/src/server/entity/ServerEntityTracker.cpp,114,89300619974,8408876,19,
EntityTracker,/Users/obey/Desktop/MyVoxelGame/src/server/entity/ServerEntityTracker.cpp,114,89435532803,12045736,19,
EntityTracker,/Users/obey/Desktop/MyVoxelGame/src/server/entity/ServerEntityTracker.cpp,114,89579056608,9380623,19,
EntityTracker,/Users/obey/Desktop/MyVoxelGame/src/server/entity/ServerEntityTracker.cpp,114,89735576069,11265237,19,
EntityTracker,/Users/obey/Desktop/MyVoxelGame/src/server/entity/ServerEntityTracker.cpp,114,89877161933,11525751,19,
EntityTracker,/Users/obey/Desktop/MyVoxelGame/src/server/entity/ServerEntityTracker.cpp,114,90032122038,10966770,19,
EntityTracker,/Users/obey/Desktop/MyVoxelGame/src/server/entity/ServerEntityTracker.cpp,114,90174216558,6916973,19,
EntityTracker,/Users/obey/Desktop/MyVoxelGame/src/server/entity/ServerEntityTracker.cpp,114,90316472417,11504670,19,
EntityTracker,/Users/obey/Desktop/MyVoxelGame/src/server/entity/ServerEntityTracker.cpp,114,90458946832,9815809,19,
EntityTracker,/Users/obey/Desktop/MyVoxelGame/src/server/entity/ServerEntityTracker.cpp,114,90612460094,12846192,19,
EntityTracker,/Users/obey/Desktop/MyVoxelGame/src/server/entity/ServerEntityTracker.cpp,114,90751560058,10374935,19,
EntityTracker,/Users/obey/Desktop/MyVoxelGame/src/server/entity/ServerEntityTracker.cpp,114,90901554172,11195162,19,
EntityTracker,/Users/obey/Desktop/MyVoxelGame/src/server/entity/ServerEntityTracker.cpp,114,91070168096,9543002,19,
EntityTracker,/Users/obey/Desktop/MyVoxelGame/src/server/entity/ServerEntityTracker.cpp,114,91204540084,9897006,19,
EntityTracker,/Users/obey/Desktop/MyVoxelGame/src/server/entity/ServerEntityTracker.cpp,114,91343852337,10019993,19,
EntityTracker,/Users/obey/Desktop/MyVoxelGame/src/server/entity/ServerEntityTracker.cpp,114,91499137637,11459301,19,
EntityTracker,/Users/obey/Desktop/MyVoxelGame/src/server/entity/ServerEntityTracker.cpp,114,91651228656,9806827,19,
EntityTracker,/Users/obey/Desktop/MyVoxelGame/src/server/entity/ServerEntityTracker.cpp,114,91790370280,9616246,19,
EntityTracker,/Users/obey/Desktop/MyVoxelGame/src/server/entity/ServerEntityTracker.cpp,114,91930525134,9540043,19,
EntityTracker,/Users/obey/Desktop/MyVoxelGame/src/server/entity/ServerEntityTracker.cpp,114,92082931095,9903381,19,
EntityTracker,/Users/obey/Desktop/MyVoxelGame/src/server/entity/ServerEntityTracker.cpp,114,92228721511,8698635,19,
EntityTracker,/Users/obey/Desktop/MyVoxelGame/src/server/entity/ServerEntityTracker.cpp,114,92371704374,13532080,19,
EntityTracker,/Users/obey/Desktop/MyVoxelGame/src/server/entity/ServerEntityTracker.cpp,114,92515693193,8784146,19,
EntityTracker,/Users/obey/Desktop/MyVoxelGame/src/server/entity/ServerEntityTracker.cpp,114,92667336881,12647505,19,
EntityTracker,/Users/obey/Desktop/MyVoxelGame/src/server/entity/ServerEntityTracker.cpp,114,92803940655,11902398,19,
EntityTracker,/Users/obey/Desktop/MyVoxelGame/src/server/entity/ServerEntityTracker.cpp,114,92960195100,12060777,19,
EntityTracker,/Users/obey/Desktop/MyVoxelGame/src/server/entity/ServerEntityTracker.cpp,114,93103900885,6885872,19,
EntityTracker,/Users/obey/Desktop/MyVoxelGame/src/server/entity/ServerEntityTracker.cpp,114,93241829247,7251184,19,
EntityTracker,/Users/obey/Desktop/MyVoxelGame/src/server/entity/ServerEntityTracker.cpp,114,93380550334,8764670,19,
EntityTracker,/Users/obey/Desktop/MyVoxelGame/src/server/entity/ServerEntityTracker.cpp,114,93524711340,11894589,19,
EntityTracker,/Users/obey/Desktop/MyVoxelGame/src/server/entity/ServerEntityTracker.cpp,114,93666929472,10297217,19,
EntityTracker,/Users/obey/Desktop/MyVoxelGame/src/server/entity/ServerEntityTracker.cpp,114,93826670654,15429103,19,
EntityTracker,/Users/obey/Desktop/MyVoxelGame/src/server/entity/ServerEntityTracker.cpp,114,93979380834,11589430,19,
EntityTracker,/Users/obey/Desktop/MyVoxelGame/src/server/entity/ServerEntityTracker.cpp,114,94136730894,11816029,19,
EntityTracker,/Users/obey/Desktop/MyVoxelGame/src/server/entity/ServerEntityTracker.cpp,114,94285420646,10484905,19,
EntityTracker,/Users/obey/Desktop/MyVoxelGame/src/server/entity/ServerEntityTracker.cpp,114,94427765057,8998311,19,
EntityTracker,/Users/obey/Desktop/MyVoxelGame/src/server/entity/ServerEntityTracker.cpp,114,94570746587,7787983,19,
EntityTracker,/Users/obey/Desktop/MyVoxelGame/src/server/entity/ServerEntityTracker.cpp,114,94711754283,10655511,19,
EntityTracker,/Users/obey/Desktop/MyVoxelGame/src/server/entity/ServerEntityTracker.cpp,114,94845838055,6467310,19,
EntityTracker,/Users/obey/Desktop/MyVoxelGame/src/server/entity/ServerEntityTracker.cpp,114,94991486756,11216929,19,
EntityTracker,/Users/obey/Desktop/MyVoxelGame/src/server/entity/ServerEntityTracker.cpp,114,95122665150,9638014,19,
EntityTracker,/Users/obey/Desktop/MyVoxelGame/src/server/entity/ServerEntityTracker.cpp,114,95269330682,10475006,19,
EntityTracker,/Users/obey/Desktop/MyVoxelGame/src/server/entity/ServerEntityTracker.cpp,114,95413196239,11857989,19,
EntityTracker,/Users/obey/Desktop/MyVoxelGame/src/server/entity/ServerEntityTracker.cpp,114,95559503519,8329300,19,
EntityTracker,/Users/obey/Desktop/MyVoxelGame/src/server/entity/ServerEntityTracker.cpp,114,95690931970,8539922,19,
EntityTracker,/Users/obey/Desktop/MyVoxelGame/src/server/entity/ServerEntityTracker.cpp,114,95838690927,10281132,19,
EntityTracker,/Users/obey/Desktop/MyVoxelGame/src/server/entity/ServerEntityTracker.cpp,114,95976064114,10265032,19,
EntityTracker,/Users/obey/Desktop/MyVoxelGame/src/server/entity/ServerEntityTracker.cpp,114,96114715357,8311698,19,
EntityTracker,/Users/obey/Desktop/MyVoxelGame/src/server/entity/ServerEntityTracker.cpp,114,96263213902,12168514,19,
EntityTracker,/Users/obey/Desktop/MyVoxelGame/src/server/entity/ServerEntityTracker.cpp,114,96411043227,9340005,19,
EntityTracker,/Users/obey/Desktop/MyVoxelGame/src/server/entity/ServerEntityTracker.cpp,114,96569294481,8462788,19,
EntityTracker,/Users/obey/Desktop/MyVoxelGame/src/server/entity/ServerEntityTracker.cpp,114,96715086129,13834089,19,
EntityTracker,/Users/obey/Desktop/MyVoxelGame/src/server/entity/ServerEntityTracker.cpp,114,96861139351,9050787,19,
EntityTracker,/Users/obey/Desktop/MyVoxelGame/src/server/entity/ServerEntityTracker.cpp,114,96999491085,8230162,19,
EntityTracker,/Users/obey/Desktop/MyVoxelGame/src/server/entity/ServerEntityTracker.cpp,114,97140065242,8574191,19,
EntityTracker,/Users/obey/Desktop/MyVoxelGame/src/server/entity/ServerEntityTracker.cpp,114,97276862662,9257469,19,
EntityTracker,/Users/obey/Desktop/MyVoxelGame/src/server/entity/ServerEntityTracker.cpp,114,97420446711,13022631,19,
EntityTracker,/Users/obey/Desktop/MyVoxelGame/src/server/entity/ServerEntityTracker.cpp,114,97560038706,11744310,19,
EntityTracker,/Users/obey/Desktop/MyVoxelGame/src/server/entity/ServerEntityTracker.cpp,114,97720508118,8475370,19,
EntityTracker,/Users/obey/Desktop/MyVoxelGame/src/server/entity/ServerEntityTracker.cpp,114,97879150000,8194212,19,
EntityTracker,/Users/obey/Desktop/MyVoxelGame/src/server/entity/ServerEntityTracker.cpp,114,98017680589,12326685,19,
EntityTracker,/Users/obey/Desktop/MyVoxelGame/src/server/entity/ServerEntityTracker.cpp,114,98163223387,13100435,19,
EntityTracker,/Users/obey/Desktop/MyVoxelGame/src/server/entity/ServerEntityTracker.cpp,114,98318912581,11275589,19,
EntityTracker,/Users/obey/Desktop/MyVoxelGame/src/server/entity/ServerEntityTracker.cpp,114,98474451230,11014263,19,
EntityTracker,/Users/obey/Desktop/MyVoxelGame/src/server/entity/ServerEntityTracker.cpp,114,98624802204,6957342,19,
EntityTracker,/Users/obey/Desktop/MyVoxelGame/src/server/entity/ServerEntityTracker.cpp,114,98769359649,10031992,19,
EntityTracker,/Users/obey/Desktop/MyVoxelGame/src/server/entity/ServerEntityTracker.cpp,114,98899847613,8677785,19,
EntityTracker,/Users/obey/Desktop/MyVoxelGame/src/server/entity/ServerEntityTracker.cpp,114,99046511688,11269737,19,
EntityTracker,/Users/obey/Desktop/MyVoxelGame/src/server/entity/ServerEntityTracker.cpp,114,99190663778,6726452,19,
EntityTracker,/Users/obey/Desktop/MyVoxelGame/src/server/entity/ServerEntityTracker.cpp,114,99342038143,8903133,19,
EntityTracker,/Users/obey/Desktop/MyVoxelGame/src/server/entity/ServerEntityTracker.cpp,114,99482080276,8923384,19,
EntityTracker,/Users/obey/Desktop/MyVoxelGame/src/server/entity/ServerEntityTracker.cpp,114,99623129532,11563788,19,
EntityTracker,/Users/obey/Desktop/MyVoxelGame/src/server/entity/ServerEntityTracker.cpp,114,99761153865,8851180,19,
EntityTracker,/Users/obey/Desktop/MyVoxelGame/src/server/entity/ServerEntityTracker.cpp,114,99899571733,8299282,19,
EntityTracker,/Users/obey/Desktop/MyVoxelGame/src/server/entity/ServerEntityTracker.cpp,114,100044431269,9713966,19,
EntityTracker,/Users/obey/Desktop/MyVoxelGame/src/server/entity/ServerEntityTracker.cpp,114,100189388942,7472516,19,
EntityTracker,/Users/obey/Desktop/MyVoxelGame/src/server/entity/ServerEntityTracker.cpp,114,100326376818,8803188,19,
EntityTracker,/Users/obey/Desktop/MyVoxelGame/src/server/entity/ServerEntityTracker.cpp,114,100466271948,8228437,19,
EntityTracker,/Users/obey/Desktop/MyVoxelGame/src/server/entity/ServerEntityTracker.cpp,114,100600749864,9228160,19,
EntityTracker,/Users/obey/Desktop/MyVoxelGame/src/server/entity/ServerEntityTracker.cpp,114,100732233575,10175730,19,
EntityTracker,/Users/obey/Desktop/MyVoxelGame/src/server/entity/ServerEntityTracker.cpp,114,100876375191,10831282,19,
EntityTracker,/Users/obey/Desktop/MyVoxelGame/src/server/entity/ServerEntityTracker.cpp,114,101017900918,12810176,19,
EntityTracker,/Users/obey/Desktop/MyVoxelGame/src/server/entity/ServerEntityTracker.cpp,114,101167368276,8736546,19,
EntityTracker,/Users/obey/Desktop/MyVoxelGame/src/server/entity/ServerEntityTracker.cpp,114,101307613450,9481575,19,
EntityTracker,/Users/obey/Desktop/MyVoxelGame/src/server/entity/ServerEntityTracker.cpp,114,101461709838,11602097,19,
EntityTracker,/Users/obey/Desktop/MyVoxelGame/src/server/entity/ServerEntityTracker.cpp,114,101618410404,8350858,19,
EntityTracker,/Users/obey/Desktop/MyVoxelGame/src/server/entity/ServerEntityTracker.cpp,114,101754467193,6899223,19,
EntityTracker,/Users/obey/Desktop/MyVoxelGame/src/server/entity/ServerEntityTracker.cpp,114,101891839756,9440349,19,
EntityTracker,/Users/obey/Desktop/MyVoxelGame/src/server/entity/ServerEntityTracker.cpp,114,102028963827,7661329,19,
EntityTracker,/Users/obey/Desktop/MyVoxelGame/src/server/entity/ServerEntityTracker.cpp,114,102175243881,9074905,19,
EntityTracker,/Users/obey/Desktop/MyVoxelGame/src/server/entity/ServerEntityTracker.cpp,114,102318210745,9236076,19,
EntityTracker,/Users/obey/Desktop/MyVoxelGame/src/server/entity/ServerEntityTracker.cpp,114,102460015522,11182394,19,
EntityTracker,/Users/obey/Desktop/MyVoxelGame/src/server/entity/ServerEntityTracker.cpp,114,102602071150,9295803,19,
EntityTracker,/Users/obey/Desktop/MyVoxelGame/src/server/entity/ServerEntityTracker.cpp,114,102730472402,11562914,19,
EntityTracker,/Users/obey/Desktop/MyVoxelGame/src/server/entity/ServerEntityTracker.cpp,114,102875371498,7276035,19,
EntityTracker,/Users/obey/Desktop/MyVoxelGame/src/server/entity/ServerEntityTracker.cpp,114,103030232051,9706507,19,
EntityTracker,/Users/obey/Desktop/MyVoxelGame/src/server/entity/ServerEntityTracker.cpp,114,103172042145,7643204,19,
EntityTracker,/Users/obey/Desktop/MyVoxelGame/src/server/entity/ServerEntityTracker.cpp,114,103305025301,9041913,19,
EntityTracker,/Users/obey/Desktop/MyVoxelGame/src/server/entity/ServerEntityTracker.cpp,114,103434760701,10709463,19,
EntityTracker,/Users/obey/Desktop/MyVoxelGame/src/server/entity/ServerEntityTracker.cpp,114,103575002418,12229573,19,
EntityTracker,/Users/obey/Desktop/MyVoxelGame/src/server/entity/ServerEntityTracker.cpp,114,103722759689,10540375,19,
EntityTracker,/Users/obey/Desktop/MyVoxelGame/src/server/entity/ServerEntityTracker.cpp,114,103872409444,10837909,19,
EntityTracker,/Users/obey/Desktop/MyVoxelGame/src/server/entity/ServerEntityTracker.cpp,114,104027733095,10142337,19,
EntityTracker,/Users/obey/Desktop/MyVoxelGame/src/server/entity/ServerEntityTracker.cpp,114,104159259866,6781361,19,
EntityTracker,/Users/obey/Desktop/MyVoxelGame/src/server/entity/ServerEntityTracker.cpp,114,104301975029,7743383,19,
EntityTracker,/Users/obey/Desktop/MyVoxelGame/src/server/entity/ServerEntityTracker.cpp,114,104437907539,9168376,19,
EntityTracker,/Users/obey/Desktop/MyVoxelGame/src/server/entity/ServerEntityTracker.cpp,114,104580438198,8961402,19,
EntityTracker,/Users/obey/Desktop/MyVoxelGame/src/server/entity/ServerEntityTracker.cpp,114,104726163936,9500926,19,
EntityTracker,/Users/obey/Desktop/MyVoxelGame/src/server/entity/ServerEntityTracker.cpp,114,104871019247,11056965,19,
EntityTracker,/Users/obey/Desktop/MyVoxelGame/src/server/entity/ServerEntityTracker.cpp,114,105026368248,8731360,19,
EntityTracker,/Users/obey/Desktop/MyVoxelGame/src/server/entity/ServerEntityTracker.cpp,114,105175010964,13006489,19,
EntityTracker,/Users/obey/Desktop/MyVoxelGame/src/server/entity/ServerEntityTracker.cpp,114,105313737284,12296959,19,
EntityTracker,/Users/obey/Desktop/MyVoxelGame/src/server/entity/ServerEntityTracker.cpp,114,105473636487,10637385,19,
EntityTracker,/Users/obey/Desktop/MyVoxelGame/src/server/entity/ServerEntityTracker.cpp,114,105623740297,9055121,19,
EntityTracker,/Users/obey/Desktop/MyVoxelGame/src/server/entity/ServerEntityTracker.cpp,114,105766572822,11295380,19,
EntityTracker,/Users/obey/Desktop/MyVoxelGame/src/server/entity/ServerEntityTracker.cpp,114,105919568327,8200813,19,
EntityTracker,/Users/obey/Desktop/MyVoxelGame/src/server/entity/ServerEntityTracker.cpp,114,106066664772,9139608,19,
EntityTracker,/Users/obey/Desktop/MyVoxelGame/src/server/entity/ServerEntityTracker.cpp,114,106213982941,8423227,19,
EntityTracker,/Users/obey/Desktop/MyVoxelGame/src/server/entity/ServerEntityTracker.cpp,114,106339166305,7407005,19,
EntityTracker,/Users/obey/Desktop/MyVoxelGame/src/server/entity/ServerEntityTracker.cpp,114,106478448375,8064141,19,
EntityTracker,/Users/obey/Desktop/MyVoxelGame/src/server/entity/ServerEntityTracker.cpp,114,106617850889,9173608,19,
EntityTracker,/Users/obey/Desktop/MyVoxelGame/src/server/entity/ServerEntityTracker.cpp,114,106765426598,13056274,19,
EntityTracker,/Users/obey/Desktop/MyVoxelGame/src/server/entity/ServerEntityTracker.cpp,114,106925895970,6527845,19,
EntityTracker,/Users/obey/Desktop/MyVoxelGame/src/server/entity/ServerEntityTracker.cpp,114,107068645817,8560357,19,
EntityTracker,/Users/obey/Desktop/MyVoxelGame/src/server/entity/ServerEntityTracker.cpp,114,107196743077,8350216,19,
EntityTracker,/Users/obey/Desktop/MyVoxelGame/src/server/entity/ServerEntityTracker.cpp,114,107340127628,7813626,19,
EntityTracker,/Users/obey/Desktop/MyVoxelGame/src/server/entity/ServerEntityTracker.cpp,114,107480772196,7816417,19,
EntityTracker,/Users/obey/Desktop/MyVoxelGame/src/server/entity/ServerEntityTracker.cpp,114,107627852290,8062867,19,
EntityTracker,/Users/obey/Desktop/MyVoxelGame/src/server/entity/ServerEntityTracker.cpp,114,107760260655,6734510,19,
EntityTracker,/Users/obey/Desktop/MyVoxelGame/src/server/entity/ServerEntityTracker.cpp,114,107890008156,6948573,19,
EntityTracker,/Users/obey/Desktop/MyVoxelGame/src/server/entity/ServerEntityTracker.cpp,114,108023337005,8192254,19,
EntityTracker,/Users/obey/Desktop/MyVoxelGame/src/server/entity/ServerEntityTracker.cpp,114,108166956821,11357040,19,
EntityTracker,/Users/obey/Desktop/MyVoxelGame/src/server/entity/ServerEntityTracker.cpp,114,108306264701,8130883,19,
EntityTracker,/Users/obey/Desktop/MyVoxelGame/src/server/entity/ServerEntityTracker.cpp,114,108445927397,9882862,19,
EntityTracker,/Users/obey/Desktop/MyVoxelGame/src/server/entity/ServerEntityTracker.cpp,114,108589766794,9375999,19,
EntityTracker,/Users/obey/Desktop/MyVoxelGame/src/server/entity/ServerEntityTracker.cpp,114,108729630114,8498822,19,
EntityTracker,/Users/obey/Desktop/MyVoxelGame/src/server/entity/ServerEntityTracker.cpp,114,108882625678,10182522,19,
EntityTracker,/Users/obey/Desktop/MyVoxelGame/src/server/entity/ServerEntityTracker.cpp,114,109023875248,9238619,19,
EntityTracker,/Users/obey/Desktop/MyVoxelGame/src/server/entity/ServerEntityTracker.cpp,114,109173098090,9649472,19,
EntityTracker,/Users/obey/Desktop/MyVoxelGame/src/server/entity/ServerEntityTracker.cpp,114,109321401279,7814543,19,
EntityTracker,/Users/obey/Desktop/MyVoxelGame/src/server/entity/ServerEntityTracker.cpp,114,109464127360,8543339,19,
EntityTracker,/Users/obey/Desktop/MyVoxelGame/src/server/entity/ServerEntityTracker.cpp,114,109606218088,11688651,19,
EntityTracker,/Users/obey/Desktop/MyVoxelGame/src/server/entity/ServerEntityTracker.cpp,114,109748353352,8156611,19,
EntityTracker,/Users/obey/Desktop/MyVoxelGame/src/server/entity/ServerEntityTracker.cpp,114,109886792513,6463060,19,
EntityTracker,/Users/obey/Desktop/MyVoxelGame/src/server/entity/ServerEntityTracker.cpp,114,110030859426,7750007,19,
EntityTracker,/Users/obey/Desktop/MyVoxelGame/src/server/entity/ServerEntityTracker.cpp,114,110170762097,7244309,19,
EntityTracker,/Users/obey/Desktop/MyVoxelGame/src/server/entity/ServerEntityTracker.cpp,114,110298123644,7255517,19,
EntityTracker,/Users/obey/Desktop/MyVoxelGame/src/server/entity/ServerEntityTracker.cpp,114,110430727446,8822622,19,
EntityTracker,/Users/obey/Desktop/MyVoxelGame/src/server/entity/ServerEntityTracker.cpp,114,110571052071,8569566,19,
EntityTracker,/Users/obey/Desktop/MyVoxelGame/src/server/entity/ServerEntityTracker.cpp,114,110709110855,6920948,19,
EntityTracker,/Users/obey/Desktop/MyVoxelGame/src/server/entity/ServerEntityTracker.cpp,114,110840677268,8802164,19,
EntityTracker,/Users/obey/Desktop/MyVoxelGame/src/server/entity/ServerEntityTracker.cpp,114,110973772852,11250363,19,
EntityTracker,/Users/obey/Desktop/MyVoxelGame/src/server/entity/ServerEntityTracker.cpp,114,111115535905,8840455,19,
EntityTracker,/Users/obey/Desktop/MyVoxelGame/src/server/entity/ServerEntityTracker.cpp,114,111251041336,6460519,19,
EntityTracker,/Users/obey/Desktop/MyVoxelGame/src/server/entity/ServerEntityTracker.cpp,114,111382987603,6970925,19,
EntityTracker,/Users/obey/Desktop/MyVoxelGame/src/server/entity/ServerEntityTracker.cpp,114,111528214166,7592087,19,
EntityTracker,/Users/obey/Desktop/MyVoxelGame/src/server/entity/ServerEntityTracker.cpp,114,111660132582,8707303,19,
EntityTracker,/Users/obey/Desktop/MyVoxelGame/src/server/entity/ServerEntityTracker.cpp,114,111791212256,8335425,19,
EntityTracker,/Users/obey/Desktop/MyVoxelGame/src/server/entity/ServerEntityTracker.cpp,114,111923876718,9099507,19,
EntityTracker,/Users/obey/Desktop/MyVoxelGame/src/server/entity/ServerEntityTracker.cpp,114,112064958076,9372581,19,
EntityTracker,/Users/obey/Desktop/MyVoxelGame/src/server/entity/ServerEntityTracker.cpp,114,112212107305,5386280,19,
EntityTracker,/Users/obey/Desktop/MyVoxelGame/src/server/entity/ServerEntityTracker.cpp,114,112359030246,12617344,19,
EntityTracker,/Users/obey/Desktop/MyVoxelGame/src/server/entity/ServerEntityTracker.cpp,114,112491272796,6923657,19,
EntityTracker,/Users/obey/Desktop/MyVoxelGame/src/server/entity/ServerEntityTracker.cpp,114,112625441788,7979688,19,
EntityTracker,/Users/obey/Desktop/MyVoxelGame/src/server/entity/ServerEntityTracker.cpp,114,112757051903,9037161,19,
EntityTracker,/Users/obey/Desktop/MyVoxelGame/src/server/entity/ServerEntityTracker.cpp,114,112899260243,7752007,19,
EntityTracker,/Users/obey/Desktop/MyVoxelGame/src/server/entity/ServerEntityTracker.cpp,114,113031369890,9172106,19,
EntityTracker,/Users/obey/Desktop/MyVoxelGame/src/server/entity/ServerEntityTracker.cpp,114,113171511868,8573398,19,
EntityTracker,/Users/obey/Desktop/MyVoxelGame/src/server/entity/ServerEntityTracker.cpp,114,113303933190,5966196,19,
EntityTracker,/Users/obey/Desktop/MyVoxelGame/src/server/entity/ServerEntityTracker.cpp,114,113441291777,6989776,19,
EntityTracker,/Users/obey/Desktop/MyVoxelGame/src/server/entity/ServerEntityTracker.cpp,114,113570391267,7190065,19,
EntityTracker,/Users/obey/Desktop/MyVoxelGame/src/server/entity/ServerEntityTracker.cpp,114,113708822111,10999371,19,
EntityTracker,/Users/obey/Desktop/MyVoxelGame/src/server/entity/ServerEntityTracker.cpp,114,113842712527,8963711,19,
EntityTracker,/Users/obey/Desktop/MyVoxelGame/src/server/entity/ServerEntityTracker.cpp,114,113990675007,7717989,19,
EntityTracker,/Users/obey/Desktop/MyVoxelGame/src/server/entity/ServerEntityTracker.cpp,114,114126458030,6691516,19,
EntityTracker,/Users/obey/Desktop/MyVoxelGame/src/server/entity/ServerEntityTracker.cpp,114,114257501936,6458834,19,
EntityTracker,/Users/obey/Desktop/MyVoxelGame/src/server/entity/ServerEntityTracker.cpp,114,114387974925,9828452,19,
EntityTracker,/Users/obey/Desktop/MyVoxelGame/src/server/entity/ServerEntityTracker.cpp,114,114515835545,9860219,19,
EntityTracker,/Users/obey/Desktop/MyVoxelGame/src/server/entity/ServerEntityTracker.cpp,114,114655047019,8822849,19,
EntityTracker,/Users/obey/Desktop/MyVoxelGame/src/server/entity/ServerEntityTracker.cpp,114,114814694790,8975211,19,
EntityTracker,/Users/obey/Desktop/MyVoxelGame/src/server/entity/ServerEntityTracker.cpp,114,114942243675,5297559,19,
EntityTracker,/Users/obey/Desktop/MyVoxelGame/src/server/entity/ServerEntityTracker.cpp,114,115072245234,9516110,19,
EntityTracker,/Users/obey/Desktop/MyVoxelGame/src/server/entity/ServerEntityTracker.cpp,114,115205940044,8611375,19,
EntityTracker,/Users/obey/Desktop/MyVoxelGame/src/server/entity/ServerEntityTracker.cpp,114,115348387192,7173423,19,
EntityTracker,/Users/obey/Desktop/MyVoxelGame/src/server/entity/ServerEntityTracker.cpp,114,115484842918,8046058,19,
EntityTracker,/Users/obey/Desktop/MyVoxelGame/src/server/entity/ServerEntityTracker.cpp,114,115629206923,6415193,19,
EntityTracker,/Users/obey/Desktop/MyVoxelGame/src/server/entity/ServerEntityTracker.cpp,114,115767561490,9364605,19,
EntityTracker,/Users/obey/Desktop/MyVoxelGame/src/server/entity/ServerEntityTracker.cpp,114,115894891602,6274062,19,
EntityTracker,/Users/obey/Desktop/MyVoxelGame/src/server/entity/ServerEntityTracker.cpp,114,116023163033,9716924,19,
EntityTracker,/Users/obey/Desktop/MyVoxelGame/src/server/entity/ServerEntityTracker.cpp,114,116159556766,8892383,19,
EntityTracker,/Users/obey/Desktop/MyVoxelGame/src/server/entity/ServerEntityTracker.cpp,114,116306362261,6530970,19,
EntityTracker,/Users/obey/Desktop/MyVoxelGame/src/server/entity/ServerEntityTracker.cpp,114,116440339313,9963857,19,
EntityTracker,/Users/obey/Desktop/MyVoxelGame/src/server/entity/ServerEntityTracker.cpp,114,116575615413,9533110,19,
EntityTracker,/Users/obey/Desktop/MyVoxelGame/src/server/entity/ServerEntityTracker.cpp,114,116720273076,7772424,19,
EntityTracker,/Users/obey/Desktop/MyVoxelGame/src/server/entity/ServerEntityTracker.cpp,114,116853069194,9345879,19,
EntityTracker,/Users/obey/Desktop/MyVoxelGame/src/server/entity/ServerEntityTracker.cpp,114,116988612660,9182584,19,
EntityTracker,/Users/obey/Desktop/MyVoxelGame/src/server/entity/ServerEntityTracker.cpp,114,117144906188,7589460,19,
EntityTracker,/Users/obey/Desktop/MyVoxelGame/src/server/entity/ServerEntityTracker.cpp,114,117259608815,5655752,19,
EntityTracker,/Users/obey/Desktop/MyVoxelGame/src/server/entity/ServerEntityTracker.cpp,114,117380093304,7202065,19,
EntityTracker,/Users/obey/Desktop/MyVoxelGame/src/server/entity/ServerEntityTracker.cpp,114,117521616782,7875285,19,
EntityTracker,/Users/obey/Desktop/MyVoxelGame/src/server/entity/ServerEntityTracker.cpp,114,117657176957,8116384,19,
EntityTracker,/Users/obey/Desktop/MyVoxelGame/src/server/entity/ServerEntityTracker.cpp,114,117778120168,9655407,19,
EntityTracker,/Users/obey/Desktop/MyVoxelGame/src/server/entity/ServerEntityTracker.cpp,114,117942337560,8032307,19,
EntityTracker,/Users/obey/Desktop/MyVoxelGame/src/server/entity/ServerEntityTracker.cpp,114,118099941111,8558881,19,
EntityTracker,/Users/obey/Desktop/MyVoxelGame/src/server/entity/ServerEntityTracker.cpp,114,118220544714,5886059,19,
EntityTracker,/Users/obey/Desktop/MyVoxelGame/src/server/entity/ServerEntityTracker.cpp,114,118355121350,7410521,19,
EntityTracker,/Users/obey/Desktop/MyVoxelGame/src/server/entity/ServerEntityTracker.cpp,114,118483954573,7856453,19,
EntityTracker,/Users/obey/Desktop/MyVoxelGame/src/server/entity/ServerEntityTracker.cpp,114,118625713651,8318465,19,
EntityTracker,/Users/obey/Desktop/MyVoxelGame/src/server/entity/ServerEntityTracker.cpp,114,118754720729,7636896,19,
EntityTracker,/Users/obey/Desktop/MyVoxelGame/src/server/entity/ServerEntityTracker.cpp,114,118877659709,6221711,19,
EntityTracker,/Users/obey/Desktop/MyVoxelGame/src/server/entity/ServerEntityTracker.cpp,114,119006948321,8133343,19,
EntityTracker,/Users/obey/Desktop/MyVoxelGame/src/server/entity/ServerEntityTracker.cpp,114,119132539205,10100653,19,
EntityTracker,/Users/obey/Desktop/MyVoxelGame/src/server/entity/ServerEntityTracker.cpp,114,119273716282,8951734,19,
EntityTracker,/Users/obey/Desktop/MyVoxelGame/src/server/entity/ServerEntityTracker.cpp,114,119417158909,7622062,19,
EntityTracker,/Users/obey/Desktop/MyVoxelGame/src/server/entity/ServerEntityTracker.cpp,114,119548402396,8421770,19,
EntityTracker,/Users/obey/Desktop/MyVoxelGame/src/server/entity/ServerEntityTracker.cpp,114,119671889859,6383359,19,
EntityTracker,/Users/obey/Desktop/MyVoxelGame/src/server/entity/ServerEntityTracker.cpp,114,119806495031,8383751,19,
EntityTracker,/Users/obey/Desktop/MyVoxelGame/src/server/entity/ServerEntityTracker.cpp,114,119926574543,5472521,19,
EntityTracker,/Users/obey/Desktop/MyVoxelGame/src/server/entity/ServerEntityTracker.cpp,114,120072703800,8693552,19,
EntityTracker,/Users/obey/Desktop/MyVoxelGame/src/server/entity/ServerEntityTracker.cpp,114,120209126942,8437269,19,
EntityTracker,/Users/obey/Desktop/MyVoxelGame/src/server/entity/ServerEntityTracker.cpp,114,120346375792,7040228,19,
EntityTracker,/Users/obey/Desktop/MyVoxelGame/src/server/entity/ServerEntityTracker.cpp,114,120475498549,8641017,19,
EntityTracker,/Users/obey/Desktop/MyVoxelGame/src/server/entity/ServerEntityTracker.cpp,114,120607401031,7253143,19,
EntityTracker,/Users/obey/Desktop/MyVoxelGame/src/server/entity/ServerEntityTracker.cpp,114,120737650938,8301199,19,
EntityTracker,/Users/obey/Desktop/MyVoxelGame/src/server/entity/ServerEntityTracker.cpp,114,120867351779,7793834,19,
EntityTracker,/Users/obey/Desktop/MyVoxelGame/src/server/entity/ServerEntityTracker.cpp,114,121002199841,6304973,19,
EntityTracker,/Users/obey/Desktop/MyVoxelGame/src/server/entity/ServerEntityTracker.cpp,114,121124451142,6256564,19,
EntityTracker,/Users/obey/Desktop/MyVoxelGame/src/server/entity/ServerEntityTracker.cpp,114,121252859745,6781403,19,
EntityTracker,/Users/obey/Desktop/MyVoxelGame/src/server/entity/ServerEntityTracker.cpp,114,121375228934,7031351,19,
EntityTracker,/Users/obey/Desktop/MyVoxelGame/src/server/entity/ServerEntityTracker.cpp,114,121504291113,8148961,19,
EntityTracker,/Users/obey/Desktop/MyVoxelGame/src/server/entity/ServerEntityTracker.cpp,114,121632545877,7025252,19,
EntityTracker,/Users/obey/Desktop/MyVoxelGame/src/server/entity/ServerEntityTracker.cpp,114,121764983093,8576648,19,
EntityTracker,/Users/obey/Desktop/MyVoxelGame/src/server/entity/ServerEntityTracker.cpp,114,121891357225,7200567,19,
EntityTracker,/Users/obey/Desktop/MyVoxelGame/src/server/entity/ServerEntityTracker.cpp,114,122015429564,6538363,19,
EntityTracker,/Users/obey/Desktop/MyVoxelGame/src/server/entity/ServerEntityTracker.cpp,114,122147997225,7081078,19,
EntityTracker,/Users/obey/Desktop/MyVoxelGame/src/server/entity/ServerEntityTracker.cpp,114,122273047602,6419274,19,
EntityTracker,/Users/obey/Desktop/MyVoxelGame/src/server/entity/ServerEntityTracker.cpp,114,122407135641,8258287,19,
EntityTracker,/Users/obey/Desktop/MyVoxelGame/src/server/entity/ServerEntityTracker.cpp,114,122536638984,6644123,19,
EntityTracker,/Users/obey/Desktop/MyVoxelGame/src/server/entity/ServerEntityTracker.cpp,114,122666434021,7281516,19,
EntityTracker,/Users/obey/Desktop/MyVoxelGame/src/server/entity/ServerEntityTracker.cpp,114,122802722266,8557898,19,
EntityTracker,/Users/obey/Desktop/MyVoxelGame/src/server/entity/ServerEntityTracker.cpp,114,122942280469,7442522,19,
EntityTracker,/Users/obey/Desktop/MyVoxelGame/src/server/entity/ServerEntityTracker.cpp,114,123092631903,10607159,19,
EntityTracker,/Users/obey/Desktop/MyVoxelGame/src/server/entity/ServerEntityTracker.cpp,114,123241066621,8178004,19,
EntityTracker,/Users/obey/Desktop/MyVoxelGame/src/server/entity/ServerEntityTracker.cpp,114,123426760180,10830700,19,
EntityTracker,/Users/obey/Desktop/MyVoxelGame/src/server/entity/ServerEntityTracker.cpp,114,123624364553,11382558,19,
EntityTracker,/Users/obey/Desktop/MyVoxelGame/src/server/entity/ServerEntityTracker.cpp,114,123797553488,8393751,19,
EntityTracker,/Users/obey/Desktop/MyVoxelGame/src/server/entity/ServerEntityTracker.cpp,114,123957259111,9844178,19,
EntityTracker,/Users/obey/Desktop/MyVoxelGame/src/server/entity/ServerEntityTracker.cpp,114,124122514558,8834014,19,
EntityTracker,/Users/obey/Desktop/MyVoxelGame/src/server/entity/ServerEntityTracker.cpp,114,124289237116,11669091,19,
EntityTracker,/Users/obey/Desktop/MyVoxelGame/src/server/entity/ServerEntityTracker.cpp,114,124489763784,11946142,19,
EntityTracker,/Users/obey/Desktop/MyVoxelGame/src/server/entity/ServerEntityTracker.cpp,114,124689787190,11483443,19,
EntityTracker,/Users/obey/Desktop/MyVoxelGame/src/server/entity/ServerEntityTracker.cpp,114,124869793628,13420193,19,
EntityTracker,/Users/obey/Desktop/MyVoxelGame/src/server/entity/ServerEntityTracker.cpp,114,125056903037,11647008,19,
EntityTracker,/Users/obey/Desktop/MyVoxelGame/src/server/entity/ServerEntityTracker.cpp,114,125251273523,12268442,19,
EntityTracker,/Users/obey/Desktop/MyVoxelGame/src/server/entity/ServerEntityTracker.cpp,114,125520987355,22141371,19,
EntityTracker,/Users/obey/Desktop/MyVoxelGame/src/server/entity/ServerEntityTracker.cpp,114,125733827627,11349872,19,
EntityTracker,/Users/obey/Desktop/MyVoxelGame/src/server/entity/ServerEntityTracker.cpp,114,125908188021,10739771,19,
EntityTracker,/Users/obey/Desktop/MyVoxelGame/src/server/entity/ServerEntityTracker.cpp,114,126097597516,11611889,19,
EntityTracker,/Users/obey/Desktop/MyVoxelGame/src/server/entity/ServerEntityTracker.cpp,114,126296337790,11617615,19,
EntityTracker,/Users/obey/Desktop/MyVoxelGame/src/server/entity/ServerEntityTracker.cpp,114,126498925963,11717293,19,
EntityTracker,/Users/obey/Desktop/MyVoxelGame/src/server/entity/ServerEntityTracker.cpp,114,126695127029,13339016,19,
EntityTracker,/Users/obey/Desktop/MyVoxelGame/src/server/entity/ServerEntityTracker.cpp,114,126910207643,15659852,19,
EntityTracker,/Users/obey/Desktop/MyVoxelGame/src/server/entity/ServerEntityTracker.cpp,114,127106428957,10452489,19,
EntityTracker,/Users/obey/Desktop/MyVoxelGame/src/server/entity/ServerEntityTracker.cpp,114,127294545882,10046242,19,
EntityTracker,/Users/obey/Desktop/MyVoxelGame/src/server/entity/ServerEntityTracker.cpp,114,127486408266,10966370,19,
EntityTracker,/Users/obey/Desktop/MyVoxelGame/src/server/entity/ServerEntityTracker.cpp,114,127663379213,9942773,19,
EntityTracker,/Users/obey/Desktop/MyVoxelGame/src/server/entity/ServerEntityTracker.cpp,114,127859973131,12779367,19,
EntityTracker,/Users/obey/Desktop/MyVoxelGame/src/server/entity/ServerEntityTracker.cpp,114,128062981510,10938836,19,
EntityTracker,/Users/obey/Desktop/MyVoxelGame/src/server/entity/ServerEntityTracker.cpp,114,128235247691,10117753,19,
EntityTracker,/Users/obey/Desktop/MyVoxelGame/src/server/entity/ServerEntityTracker.cpp,114,128425893366,12158580,19,
EntityTracker,/Users/obey/Desktop/MyVoxelGame/src/server/entity/ServerEntityTracker.cpp,114,128637197966,11282612,19,
EntityTracker,/Users/obey/Desktop/MyVoxelGame/src/server/entity/ServerEntityTracker.cpp,114,128837936549,14042170,19,
EntityTracker,/Users/obey/Desktop/MyVoxelGame/src/server/entity/ServerEntityTracker.cpp,114,129175811947,32194548,19,
EntityTracker,/Users/obey/Desktop/MyVoxelGame/src/server/entity/ServerEntityTracker.cpp,114,129500665589,34675721,19,
EntityTracker,/Users/obey/Desktop/MyVoxelGame/src/server/entity/ServerEntityTracker.cpp,114,129794058022,11957957,19,
EntityTracker,/Users/obey/Desktop/MyVoxelGame/src/server/entity/ServerEntityTracker.cpp,114,130017439608,30369409,19,
EntityTracker,/Users/obey/Desktop/MyVoxelGame/src/server/entity/ServerEntityTracker.cpp,114,130271098402,16215020,19,
EntityTracker,/Users/obey/Desktop/MyVoxelGame/src/server/entity/ServerEntityTracker.cpp,114,130506154322,13309915,19,
EntityTracker,/Users/obey/Desktop/MyVoxelGame/src/server/entity/ServerEntityTracker.cpp,114,130743341705,30914934,19,
EntityTracker,/Users/obey/Desktop/MyVoxelGame/src/server/entity/ServerEntityTracker.cpp,114,131102376787,14015069,19,
EntityTracker,/Users/obey/Desktop/MyVoxelGame/src/server/entity/ServerEntityTracker.cpp,114,131298859969,11612638,19,
EntityTracker,/Users/obey/Desktop/MyVoxelGame/src/server/entity/ServerEntityTracker.cpp,114,131488477820,14739283,19,
EntityTracker,/Users/obey/Desktop/MyVoxelGame/src/server/entity/ServerEntityTracker.cpp,114,131755051633,32944403,19,
EntityTracker,/Users/obey/Desktop/MyVoxelGame/src/server/entity/ServerEntityTracker.cpp,114,132025060765,12791741,19,
EntityTracker,/Users/obey/Desktop/MyVoxelGame/src/server/entity/ServerEntityTracker.cpp,114,132289792774,13800947,19,
EntityTracker,/Users/obey/Desktop/MyVoxelGame/src/server/entity/ServerEntityTracker.cpp,114,132664308643,15086020,19,
EntityTracker,/Users/obey/Desktop/MyVoxelGame/src/server/entity/ServerEntityTracker.cpp,114,132915307866,15499556,19,
EntityTracker,/Users/obey/Desktop/MyVoxelGame/src/server/entity/ServerEntityTracker.cpp,114,133253217389,36722376,19,
EntityTracker,/Users/obey/Desktop/MyVoxelGame/src/server/entity/ServerEntityTracker.cpp,114,133554074297,33938174,19,
EntityTracker,/Users/obey/Desktop/MyVoxelGame/src/server/entity/ServerEntityTracker.cpp,114,133852998620,28803303,19,
EntityTracker,/Users/obey/Desktop/MyVoxelGame/src/server/entity/ServerEntityTracker.cpp,114,134131833666,31581405,19,
EntityTracker,/Users/obey/Desktop/MyVoxelGame/src/server/entity/ServerEntityTracker.cpp,114,134394723187,35755437,19,
EntityTracker,/Users/obey/Desktop/MyVoxelGame/src/server/entity/ServerEntityTracker.cpp,114,134687824152,34672614,19,
EntityTracker,/Users/obey/Desktop/MyVoxelGame/src/server/entity/ServerEntityTracker.cpp,114,134965914277,29867420,19,
EntityTracker,/Users/obey/Desktop/MyVoxelGame/src/server/entity/ServerEntityTracker.cpp,114,135229170799,20082317,19,
EntityTracker,/Users/obey/Desktop/MyVoxelGame/src/server/entity/ServerEntityTracker.cpp,114,135455969830,15011400,19,
EntityTracker,/Users/obey/Desktop/MyVoxelGame/src/server/entity/ServerEntityTracker.cpp,114,135706029466,32956028,19,
EntityTracker,/Users/obey/Desktop/MyVoxelGame/src/server/entity/ServerEntityTracker.cpp,114,135967270244,13268940,19,
EntityTracker,/Users/obey/Desktop/MyVoxelGame/src/server/entity/ServerEntityTracker.cpp,114,136227937707,32606942,19,
EntityTracker,/Users/obey/Desktop/MyVoxelGame/src/server/entity/ServerEntityTracker.cpp,114,136523747444,32044126,19,
EntityTracker,/Users/obey/Desktop/MyVoxelGame/src/server/entity/ServerEntityTracker.cpp,114,136787904869,30439111,19,
EntityTracker,/Users/obey/Desktop/MyVoxelGame/src/server/entity/ServerEntityTracker.cpp,114,137112524579,22882435,19,
EntityTracker,/Users/obey/Desktop/MyVoxelGame/src/server/entity/ServerEntityTracker.cpp,114,137368666087,30747471,19,
EntityTracker,/Users/obey/Desktop/MyVoxelGame/src/server/entity/ServerEntityTracker.cpp,114,137649549562,32630395,19,
EntityTracker,/Users/obey/Desktop/MyVoxelGame/src/server/entity/ServerEntityTracker.cpp,114,137937187274,26169691,19,
EntityTracker,/Users/obey/Desktop/MyVoxelGame/src/server/entity/ServerEntityTracker.cpp,114,138220952818,30430736,19,
EntityTracker,/Users/obey/Desktop/MyVoxelGame/src/server/entity/ServerEntityTracker.cpp,114,138491177573,26750443,19,
EntityTracker,/Users/obey/Desktop/MyVoxelGame/src/server/entity/ServerEntityTracker.cpp,114,138760121658,22669228,19,
EntityTracker,/Users/obey/Desktop/MyVoxelGame/src/server/entity/ServerEntityTracker.cpp,114,139047066423,32546092,19,
EntityTracker,/Users/obey/Desktop/MyVoxelGame/src/server/entity/ServerEntityTracker.cpp,114,139327594020,28384076,19,
EntityTracker,/Users/obey/Desktop/MyVoxelGame/src/server/entity/ServerEntityTracker.cpp,114,139599483452,29975681,19,
EntityTracker,/Users/obey/Desktop/MyVoxelGame/src/server/entity/ServerEntityTracker.cpp,114,139897277625,38473461,19,
EntityTracker,/Users/obey/Desktop/MyVoxelGame/src/server/entity/ServerEntityTracker.cpp,114,140167598976,29316419,19,
EntityTracker,/Users/obey/Desktop/MyVoxelGame/src/server/entity/ServerEntityTracker.cpp,114,140474104576,33529736,19,
EntityTracker,/Users/obey/Desktop/MyVoxelGame/src/server/entity/ServerEntityTracker.cpp,114,140746366427,24954403,19,
EntityTracker,/Users/obey/Desktop/MyVoxelGame/src/server/entity/ServerEntityTracker.cpp,114,141026977743,34756190,19,
EntityTracker,/Users/obey/Desktop/MyVoxelGame/src/server/entity/ServerEntityTracker.cpp,114,141308556205,11931583,19,
EntityTracker,/Users/obey/Desktop/MyVoxelGame/src/server/entity/ServerEntityTracker.cpp,114,141560984071,30500996,19,
EntityTracker,/Users/obey/Desktop/MyVoxelGame/src/server/entity/ServerEntityTracker.cpp,114,141842572324,34111071,19,
EntityTracker,/Users/obey/Desktop/MyVoxelGame/src/server/entity/ServerEntityTracker.cpp,114,142113780727,31240585,19,
EntityTracker,/Users/obey/Desktop/MyVoxelGame/src/server/entity/ServerEntityTracker.cpp,114,142380078423,25918319,19,
EntityTracker,/Users/obey/Desktop/MyVoxelGame/src/server/entity/ServerEntityTracker.cpp,114,142649687495,31286895,19,
EntityTracker,/Users/obey/Desktop/MyVoxelGame/src/server/entity/ServerEntityTracker.cpp,114,142930939055,31347222,19,
EntityTracker,/Users/obey/Desktop/MyVoxelGame/src/server/entity/ServerEntityTracker.cpp,114,143205893703,29920479,19,
EntityTracker,/Users/obey/Desktop/MyVoxelGame/src/server/entity/ServerEntityTracker.cpp,114,143476841864,34183315,19,
EntityTracker,/Users/obey/Desktop/MyVoxelGame/src/server/entity/ServerEntityTracker.cpp,114,143753832505,31732867,19,
EntityTracker,/Users/obey/Desktop/MyVoxelGame/src/server/entity/ServerEntityTracker.cpp,114,144016637574,28557538,19,
EntityTracker,/Users/obey/Desktop/MyVoxelGame/src/server/entity/ServerEntityTracker.cpp,114,144285954552,27220223,19,
EntityTracker,/Users/obey/Desktop/MyVoxelGame/src/server/entity/ServerEntityTracker.cpp,114,144558439068,25767129,19,
EntityTracker,/Users/obey/Desktop/MyVoxelGame/src/server/entity/ServerEntityTracker.cpp,114,144830238887,29105647,19,
EntityTracker,/Users/obey/Desktop/MyVoxelGame/src/server/entity/ServerEntityTracker.cpp,114,145114963535,30700477,19,
EntityTracker,/Users/obey/Desktop/MyVoxelGame/src/server/entity/ServerEntityTracker.cpp,114,145378090028,40451561,19,
EntityTracker,/Users/obey/Desktop/MyVoxelGame/src/server/entity/ServerEntityTracker.cpp,114,145671849964,27944561,19,
EntityTracker,/Users/obey/Desktop/MyVoxelGame/src/server/entity/ServerEntityTracker.cpp,114,145929570512,26973291,19,
EntityTracker,/Users/obey/Desktop/MyVoxelGame/src/server/entity/ServerEntityTracker.cpp,114,146200190497,29938205,19,
EntityTracker,/Users/obey/Desktop/MyVoxelGame/src/server/entity/ServerEntityTracker.cpp,114,146475255907,27388769,19,
EntityTracker,/Users/obey/Desktop/MyVoxelGame/src/server/entity/ServerEntityTracker.cpp,114,146736086831,30282064,19,
EntityTracker,/Users/obey/Desktop/MyVoxelGame/src/server/entity/ServerEntityTracker.cpp,114,147012506157,30766303,19,
EntityTracker,/Users/obey/Desktop/MyVoxelGame/src/server/entity/ServerEntityTracker.cpp,114,147294063309,21764536,19,
EntityTracker,/Users/obey/Desktop/MyVoxelGame/src/server/entity/ServerEntityTracker.cpp,114,147549999404,19780058,19,
EntityTracker,/Users/obey/Desktop/MyVoxelGame/src/server/entity/ServerEntityTracker.cpp,114,147793437974,23893974,19,
EntityTracker,/Users/obey/Desktop/MyVoxelGame/src/server/entity/ServerEntityTracker.cpp,114,148058835537,35856906,19,
EntityTracker,/Users/obey/Desktop/MyVoxelGame/src/server/entity/ServerEntityTracker.cpp,114,148346235047,32919470,19,
EntityTracker,/Users/obey/Desktop/MyVoxelGame/src/server/entity/ServerEntityTracker.cpp,114,148625514025,34470598,19,
EntityTracker,/Users/obey/Desktop/MyVoxelGame/src/server/entity/ServerEntityTracker.cpp,114,148883296609,30170785,19,
EntityTracker,/Users/obey/Desktop/MyVoxelGame/src/server/entity/ServerEntityTracker.cpp,114,149166348624,30023382,19,
EntityTracker,/Users/obey/Desktop/MyVoxelGame/src/server/entity/ServerEntityTracker.cpp,114,149432109087,27836825,19,
EntityTracker,/Users/obey/Desktop/MyVoxelGame/src/server/entity/ServerEntityTracker.cpp,114,149687181273,26135317,19,
EntityTracker,/Users/obey/Desktop/MyVoxelGame/src/server/entity/ServerEntityTracker.cpp,114,149943708427,19425949,19,
EntityTracker,/Users/obey/Desktop/MyVoxelGame/src/server/entity/ServerEntityTracker.cpp,114,150226738192,35283364,19,
EntityTracker,/Users/obey/Desktop/MyVoxelGame/src/server/entity/ServerEntityTracker.cpp,114,150512923584,34205707,19,
EntityTracker,/Users/obey/Desktop/MyVoxelGame/src/server/entity/ServerEntityTracker.cpp,114,150769441571,29234592,19,
EntityTracker,/Users/obey/Desktop/MyVoxelGame/src/server/entity/ServerEntityTracker.cpp,114,151094678549,37513314,19,
EntityTracker,/Users/obey/Desktop/MyVoxelGame/src/server/entity/ServerEntityTracker.cpp,114,151391523676,29675690,19,
EntityTracker,/Users/obey/Desktop/MyVoxelGame/src/server/entity/ServerEntityTracker.cpp,114,151659012142,29561202,19,
EntityTracker,/Users/obey/Desktop/MyVoxelGame/src/server/entity/ServerEntityTracker.cpp,114,151932636641,29080338,19,
EntityTracker,/Users/obey/Desktop/MyVoxelGame/src/server/entity/ServerEntityTracker.cpp,114,152198219517,29600553,19,
EntityTracker,/Users/obey/Desktop/MyVoxelGame/src/server/entity/ServerEntityTracker.cpp,114,152453290161,26893114,19,
EntityTracker,/Users/obey/Desktop/MyVoxelGame/src/server/entity/ServerEntityTracker.cpp,114,152728832476,32984212,19,
EntityTracker,/Users/obey/Desktop/MyVoxelGame/src/server/entity/ServerEntityTracker.cpp,114,153021058366,25575274,19,
EntityTracker,/Users/obey/Desktop/MyVoxelGame/src/server/entity/ServerEntityTracker.cpp,114,153291689934,24721864,19,
EntityTracker,/Users/obey/Desktop/MyVoxelGame/src/server/entity/ServerEntityTracker.cpp,114,153547986156,34373980,19,
EntityTracker,/Users/obey/Desktop/MyVoxelGame/src/server/entity/ServerEntityTracker.cpp,114,153832023834,32906494,19,
EntityTracker,/Users/obey/Desktop/MyVoxelGame/src/server/entity/ServerEntityTracker.cpp,114,154104767699,29160456,19,
EntityTracker,/Users/obey/Desktop/MyVoxelGame/src/server/entity/ServerEntityTracker.cpp,114,154371720640,27841301,19,
EntityTracker,/Users/obey/Desktop/MyVoxelGame/src/server/entity/ServerEntityTracker.cpp,114,154648094697,32151971,19,
EntityTracker,/Users/obey/Desktop/MyVoxelGame/src/server/entity/ServerEntityTracker.cpp,114,154905469743,25720279,19,
EntityTracker,/Users/obey/Desktop/MyVoxelGame/src/server/entity/ServerEntityTracker.cpp,114,155167193678,28195495,19,
EntityTracker,/Users/obey/Desktop/MyVoxelGame/src/server/entity/ServerEntityTracker.cpp,114,155440831196,30860898,19,
EntityTracker,/Users/obey/Desktop/MyVoxelGame/src/server/entity/ServerEntityTracker.cpp,114,155737881904,33239062,19,
EntityTracker,/Users/obey/Desktop/MyVoxelGame/src/server/entity/ServerEntityTracker.cpp,114,156015308083,30703228,19,
EntityTracker,/Users/obey/Desktop/MyVoxelGame/src/server/entity/ServerEntityTracker.cpp,114,156280590700,32709513,19,
EntityTracker,/Users/obey/Desktop/MyVoxelGame/src/server/entity/ServerEntityTracker.cpp,114,156530377845,30577781,19,
EntityTracker,/Users/obey/Desktop/MyVoxelGame/src/server/entity/ServerEntityTracker.cpp,114,156910990688,36968474,19,
EntityTracker,/Users/obey/Desktop/MyVoxelGame/src/server/entity/ServerEntityTracker.cpp,114,157211140297,30461314,19,
EntityTracker,/Users/obey/Desktop/MyVoxelGame/src/server/entity/ServerEntityTracker.cpp,114,157485945232,28856090,19,
EntityTracker,/Users/obey/Desktop/MyVoxelGame/src/server/entity/ServerEntityTracker.cpp,114,157742988061,33046664,19,
EntityTracker,/Users/obey/Desktop/MyVoxelGame/src/server/entity/ServerEntityTracker.cpp,114,158021958136,29932580,19,
EntityTracker,/Users/obey/Desktop/MyVoxelGame/src/server/entity/ServerEntityTracker.cpp,114,158296306642,27347918,19,
EntityTracker,/Users/obey/Desktop/MyVoxelGame/src/server/entity/ServerEntityTracker.cpp,114,158561949468,34477533,19,
EntityTracker,/Users/obey/Desktop/MyVoxelGame/src/server/entity/ServerEntityTracker.cpp,114,158852363262,33542113,19,
EntityTracker,/Users/obey/Desktop/MyVoxelGame/src/server/entity/ServerEntityTracker.cpp,114,159117394281,37376350,19,
EntityTracker,/Users/obey/Desktop/MyVoxelGame/src/server/entity/ServerEntityTracker.cpp,114,159401414548,23961092,19,
EntityTracker,/Users/obey/Desktop/MyVoxelGame/src/server/entity/ServerEntityTracker.cpp,114,159645105277,30014407,19,
EntityTracker,/Users/obey/Desktop/MyVoxelGame/src/server/entity/ServerEntityTracker.cpp,114,159913534520,28207012,19,
EntityTracker,/Users/obey/Desktop/MyVoxelGame/src/server/entity/ServerEntityTracker.cpp,114,160137579053,11873172,19,
EntityTracker,/Users/obey/Desktop/MyVoxelGame/src/server/entity/ServerEntityTracker.cpp,114,160352575614,16301596,19,
EntityTracker,/Users/obey/Desktop/MyVoxelGame/src/server/entity/ServerEntityTracker.cpp,114,160630941838,32284683,19,
EntityTracker,/Users/obey/Desktop/MyVoxelGame/src/server/entity/ServerEntityTracker.cpp,114,160903579316,29743141,19,
EntityTracker,/Users/obey/Desktop/MyVoxelGame/src/server/entity/ServerEntityTracker.cpp,114,161185181130,29142039,19,
EntityTracker,/Users/obey/Desktop/MyVoxelGame/src/server/entity/ServerEntityTracker.cpp,114,161455593491,31197676,19,
EntityTracker,/Users/obey/Desktop/MyVoxelGame/src/server/entity/ServerEntityTracker.cpp,114,161716215835,33068832,19,
EntityTracker,/Users/obey/Desktop/MyVoxelGame/src/server/entity/ServerEntityTracker.cpp,114,161967603102,29887062,19,
EntityTracker,/Users/obey/Desktop/MyVoxelGame/src/server/entity/ServerEntityTracker.cpp,114,162315217025,32896576,19,
EntityTracker,/Users/obey/Desktop/MyVoxelGame/src/server/entity/ServerEntityTracker.cpp,114,162585838176,29750123,19,
EntityTracker,/Users/obey/Desktop/MyVoxelGame/src/server/entity/ServerEntityTracker.cpp,114,162813936988,11494044,19,
EntityTracker,/Users/obey/Desktop/MyVoxelGame/src/server/entity/ServerEntityTracker.cpp,114,163033431008,14103414,19,
EntityTracker,/Users/obey/Desktop/MyVoxelGame/src/server/entity/ServerEntityTracker.cpp,114,163328880177,41833919,19,
EntityTracker,/Users/obey/Desktop/MyVoxelGame/src/server/entity/ServerEntityTracker.cpp,114,163633429985,32841542,19,
EntityTracker,/Users/obey/Desktop/MyVoxelGame/src/server/entity/ServerEntityTracker.cpp,114,163902026001,31963591,19,
EntityTracker,/Users/obey/Desktop/MyVoxelGame/src/server/entity/ServerEntityTracker.cpp,114,164214173871,35088301,19,
EntityTracker,/Users/obey/Desktop/MyVoxelGame/src/server/entity/ServerEntityTracker.cpp,114,164501081976,37585701,19,
EntityTracker,/Users/obey/Desktop/MyVoxelGame/src/server/entity/ServerEntityTracker.cpp,114,164770216266,32836708,19,
EntityTracker,/Users/obey/Desktop/MyVoxelGame/src/server/entity/ServerEntityTracker.cpp,114,165038516206,30392552,19,
EntityTracker,/Users/obey/Desktop/MyVoxelGame/src/server/entity/ServerEntityTracker.cpp,114,165320377827,31609672,19,
EntityTracker,/Users/obey/Desktop/MyVoxelGame/src/server/entity/ServerEntityTracker.cpp,114,165597915576,30021133,19,
EntityTracker,/Users/obey/Desktop/MyVoxelGame/src/server/entity/ServerEntityTracker.cpp,114,165866875446,29280567,19,
EntityTracker,/Users/obey/Desktop/MyVoxelGame/src/server/entity/ServerEntityTracker.cpp,114,166140826787,30783863,19,
EntityTracker,/Users/obey/Desktop/MyVoxelGame/src/server/entity/ServerEntityTracker.cpp,114,166382435594,31296497,19,
EntityTracker,/Users/obey/Desktop/MyVoxelGame/src/server/entity/ServerEntityTracker.cpp,114,166674828966,28870005,19,
EntityTracker,/Users/obey/Desktop/MyVoxelGame/src/server/entity/ServerEntityTracker.cpp,114,166950396155,28381433,19,
EntityTracker,/Users/obey/Desktop/MyVoxelGame/src/server/entity/ServerEntityTracker.cpp,114,167222929456,27163813,19,
EntityTracker,/Users/obey/Desktop/MyVoxelGame/src/server/entity/ServerEntityTracker.cpp,114,167482942614,35443829,19,
EntityTracker,/Users/obey/Desktop/MyVoxelGame/src/server/entity/ServerEntityTracker.cpp,114,167743273032,27109963,19,
EntityTracker,/Users/obey/Desktop/MyVoxelGame/src/server/entity/ServerEntityTracker.cpp,114,168024902904,32819025,19,
EntityTracker,/Users/obey/Desktop/MyVoxelGame/src/server/entity/ServerEntityTracker.cpp,114,168297067185,28975660,19,
EntityTracker,/Users/obey/Desktop/MyVoxelGame/src/server/entity/ServerEntityTracker.cpp,114,168565789206,31148598,19,
EntityTracker,/Users/obey/Desktop/MyVoxelGame/src/server/entity/ServerEntityTracker.cpp,114,168833593180,28748811,19,
EntityTracker,/Users/obey/Desktop/MyVoxelGame/src/server/entity/ServerEntityTracker.cpp,114,169117522539,29740831,19,
EntityTracker,/Users/obey/Desktop/MyVoxelGame/src/server/entity/ServerEntityTracker.cpp,114,169410041461,27786766,19,
EntityTracker,/Users/obey/Desktop/MyVoxelGame/src/server/entity/ServerEntityTracker.cpp,114,169667175133,29071779,19,
EntityTracker,/Users/obey/Desktop/MyVoxelGame/src/server/entity/ServerEntityTracker.cpp,114,169940290834,32685621,19,
EntityTracker,/Users/obey/Desktop/MyVoxelGame/src/server/entity/ServerEntityTracker.cpp,114,170230508647,35405686,19,
EntityTracker,/Users/obey/Desktop/MyVoxelGame/src/server/entity/ServerEntityTracker.cpp,114,170498556638,30737637,19,
EntityTracker,/Users/obey/Desktop/MyVoxelGame/src/server/entity/ServerEntityTracker.cpp,114,170813105813,32911452,19,
EntityTracker,/Users/obey/Desktop/MyVoxelGame/src/server/entity/ServerEntityTracker.cpp,114,171089544763,30415152,19,
EntityTracker,/Users/obey/Desktop/MyVoxelGame/src/server/entity/ServerEntityTracker.cpp,114,171362873211,31285413,19,
EntityTracker,/Users/obey/Desktop/MyVoxelGame/src/server/entity/ServerEntityTracker.cpp,114,171664908036,32643436,19,
EntityTracker,/Users/obey/Desktop/MyVoxelGame/src/server/entity/ServerEntityTracker.cpp,114,171931707949,22950845,19,
EntityTracker,/Users/obey/Desktop/MyVoxelGame/src/server/entity/ServerEntityTracker.cpp,114,172222646707,37863109,19,
EntityTracker,/Users/obey/Desktop/MyVoxelGame/src/server/entity/ServerEntityTracker.cpp,114,172498591560,29326769,19,
EntityTracker,/Users/obey/Desktop/MyVoxelGame/src/server/entity/ServerEntityTracker.cpp,114,172771238914,36034662,19,
EntityTracker,/Users/obey/Desktop/MyVoxelGame/src/server/entity/ServerEntityTracker.cpp,114,173051557930,30266855,19,
EntityTracker,/Users/obey/Desktop/MyVoxelGame/src/server/entity/ServerEntityTracker.cpp,114,173293689828,30103643,19,
EntityTracker,/Users/obey/Desktop/MyVoxelGame/src/server/entity/ServerEntityTracker.cpp,114,173668470898,31780068,19,
EntityTracker,/Users/obey/Desktop/MyVoxelGame/src/server/entity/ServerEntityTracker.cpp,114,173955695071,20557599,19,
EntityTracker,/Users/obey/Desktop/MyVoxelGame/src/server/entity/ServerEntityTracker.cpp,114,174252287892,32911951,19,
EntityTracker,/Users/obey/Desktop/MyVoxelGame/src/server/entity/ServerEntityTracker.cpp,114,174519747006,26301321,19,
EntityTracker,/Users/obey/Desktop/MyVoxelGame/src/server/entity/ServerEntityTracker.cpp,114,174780321065,26143482,19,
EntityTracker,/Users/obey/Desktop/MyVoxelGame/src/server/entity/ServerEntityTracker.cpp,114,175065969157,32011483,19,
EntityTracker,/Users/obey/Desktop/MyVoxelGame/src/server/entity/ServerEntityTracker.cpp,114,175340672206,30060942,19,
EntityTracker,/Users/obey/Desktop/MyVoxelGame/src/server/entity/ServerEntityTracker.cpp,114,175620679462,29293711,19,
EntityTracker,/Users/obey/Desktop/MyVoxelGame/src/server/entity/ServerEntityTracker.cpp,114,175899761817,28660216,19,
EntityTracker,/Users/obey/Desktop/MyVoxelGame/src/server/entity/ServerEntityTracker.cpp,114,176169166182,28581265,19,
EntityTracker,/Users/obey/Desktop/MyVoxelGame/src/server/entity/ServerEntityTracker.cpp,114,176428145368,12307209,19,
EntityTracker,/Users/obey/Desktop/MyVoxelGame/src/server/entity/ServerEntityTracker.cpp,114,176635038021,13905624,19,
EntityTracker,/Users/obey/Desktop/MyVoxelGame/src/server/entity/ServerEntityTracker.cpp,114,176846861835,12576828,19,
EntityTracker,/Users/obey/Desktop/MyVoxelGame/src/server/entity/ServerEntityTracker.cpp,114,177095645400,29104939,19,
EntityTracker,/Users/obey/Desktop/MyVoxelGame/src/server/entity/ServerEntityTracker.cpp,114,177369960220,34297368,19,
EntityTracker,/Users/obey/Desktop/MyVoxelGame/src/server/entity/ServerEntityTracker.cpp,114,177652414343,31740699,19,
EntityTracker,/Users/obey/Desktop/MyVoxelGame/src/server/entity/ServerEntityTracker.cpp,114,177969572220,33229812,19,
EntityTracker,/Users/obey/Desktop/MyVoxelGame/src/server/entity/ServerEntityTracker.cpp,114,178236849396,28350707,19,
EntityTracker,/Users/obey/Desktop/MyVoxelGame/src/server/entity/ServerEntityTracker.cpp,114,178496129508,29655379,19,
EntityTracker,/Users/obey/Desktop/MyVoxelGame/src/server/entity/ServerEntityTracker.cpp,114,178761869679,26890364,19,
EntityTracker,/Users/obey/Desktop/MyVoxelGame/src/server/entity/ServerEntityTracker.cpp,114,179035545071,27518191,19,
EntityTracker,/Users/obey/Desktop/MyVoxelGame/src/server/entity/ServerEntityTracker.cpp,114,179302767854,28419367,19,
EntityTracker,/Users/obey/Desktop/MyVoxelGame/src/server/entity/ServerEntityTracker.cpp,114,179582483662,32139470,19,
EntityTracker,/Users/obey/Desktop/MyVoxelGame/src/server/entity/ServerEntityTracker.cpp,114,179844892442,27211265,19,
EntityTracker,/Users/obey/Desktop/MyVoxelGame/src/server/entity/ServerEntityTracker.cpp,114,180115472783,28311589,19,
EntityTracker,/Users/obey/Desktop/MyVoxelGame/src/server/entity/ServerEntityTracker.cpp,114,180383454406,27623452,19,
EntityTracker,/Users/obey/Desktop/MyVoxelGame/src/server/entity/ServerEntityTracker.cpp,114,180664387315,32302909,19,
EntityTracker,/Users/obey/Desktop/MyVoxelGame/src/server/entity/ServerEntityTracker.cpp,114,180947308468,38821486,19,
EntityTracker,/Users/obey/Desktop/MyVoxelGame/src/server/entity/ServerEntityTracker.cpp,114,181248974873,30615842,19,
EntityTracker,/Users/obey/Desktop/MyVoxelGame/src/server/entity/ServerEntityTracker.cpp,114,181509630860,12067170,19,
EntityTracker,/Users/obey/Desktop/MyVoxelGame/src/server/entity/ServerEntityTracker.cpp,114,181797256261,33918382,19,
EntityTracker,/Users/obey/Desktop/MyVoxelGame/src/server/entity/ServerEntityTracker.cpp,114,182082242527,30472337,19,
EntityTracker,/Users/obey/Desktop/MyVoxelGame/src/server/entity/ServerEntityTracker.cpp,114,182335845368,29352079,19,
EntityTracker,/Users/obey/Desktop/MyVoxelGame/src/server/entity/ServerEntityTracker.cpp,114,182690942349,38858879,19,
EntityTracker,/Users/obey/Desktop/MyVoxelGame/src/server/entity/ServerEntityTracker.cpp,114,182987505925,33867181,19,
EntityTracker,/Users/obey/Desktop/MyVoxelGame/src/server/entity/ServerEntityTracker.cpp,114,183247124665,29771141,19,
EntityTracker,/Users/obey/Desktop/MyVoxelGame/src/server/entity/ServerEntityTracker.cpp,114,183600832503,34795792,19,
EntityTracker,/Users/obey/Desktop/MyVoxelGame/src/server/entity/ServerEntityTracker.cpp,114,183890590427,38912873,19,
EntityTracker,/Users/obey/Desktop/MyVoxelGame/src/server/entity/ServerEntityTracker.cpp,114,184165943453,31740741,19,
EntityTracker,/Users/obey/Desktop/MyVoxelGame/src/server/entity/ServerEntityTracker.cpp,114,184429093255,22489290,19,
EntityTracker,/Users/obey/Desktop/MyVoxelGame/src/server/entity/ServerEntityTracker.cpp,114,184715977235,30962743,19,
EntityTracker,/Users/obey/Desktop/MyVoxelGame/src/server/entity/ServerEntityTracker.cpp,114,184995010263,27803307,19,
EntityTracker,/Users/obey/Desktop/MyVoxelGame/src/server/entity/ServerEntityTracker.cpp,114,185272882848,30358933,19,
EntityTracker,/Users/obey/Desktop/MyVoxelGame/src/server/entity/ServerEntityTracker.cpp,114,185539898158,17705238,19,
EntityTracker,/Users/obey/Desktop/MyVoxelGame/src/server/entity/ServerEntityTracker.cpp,114,185816232597,29941121,19,
EntityTracker,/Users/obey/Desktop/MyVoxelGame/src/server/entity/ServerEntityTracker.cpp,114,186100530374,32490681,19,
EntityTracker,/Users/obey/Desktop/MyVoxelGame/src/server/entity/ServerEntityTracker.cpp,114,186388620039,30798281,19,
EntityTracker,/Users/obey/Desktop/MyVoxelGame/src/server/entity/ServerEntityTracker.cpp,114,186649269776,30141952,19,
EntityTracker,/Users/obey/Desktop/MyVoxelGame/src/server/entity/ServerEntityTracker.cpp,114,186969873474,34619435,19,
EntityTracker,/Users/obey/Desktop/MyVoxelGame/src/server/entity/ServerEntityTracker.cpp,114,187250971196,27265908,19,
EntityTracker,/Users/obey/Desktop/MyVoxelGame/src/server/entity/ServerEntityTracker.cpp,114,187563776019,26733567,19,
EntityTracker,/Users/obey/Desktop/MyVoxelGame/src/server/entity/ServerEntityTracker.cpp,114,187836301677,29625678,19,
EntityTracker,/Users/obey/Desktop/MyVoxelGame/src/server/entity/ServerEntityTracker.cpp,114,188133869167,30654002,19,
EntityTracker,/Users/obey/Desktop/MyVoxelGame/src/server/entity/ServerEntityTracker.cpp,114,188398885543,27216889,19,
EntityTracker,/Users/obey/Desktop/MyVoxelGame/src/server/entity/ServerEntityTracker.cpp,114,188708927699,26832412,19,
EntityTracker,/Users/obey/Desktop/MyVoxelGame/src/server/entity/ServerEntityTracker.cpp,114,188965793671,12522708,19,
EntityTracker,/Users/obey/Desktop/MyVoxelGame/src/server/entity/ServerEntityTracker.cpp,114,189217203707,38573054,19,
EntityTracker,/Users/obey/Desktop/MyVoxelGame/src/server/entity/ServerEntityTracker.cpp,114,189514543282,43366148,19,
EntityTracker,/Users/obey/Desktop/MyVoxelGame/src/server/entity/ServerEntityTracker.cpp,114,189809967060,30349099,19,
EntityTracker,/Users/obey/Desktop/MyVoxelGame/src/server/entity/ServerEntityTracker.cpp,114,190092494234,26507844,19,
EntityTracker,/Users/obey/Desktop/MyVoxelGame/src/server/entity/ServerEntityTracker.cpp,114,190405107892,40002880,19,
EntityTracker,/Users/obey/Desktop/MyVoxelGame/src/server/entity/ServerEntityTracker.cpp,114,190697101890,29134373,19,
EntityTracker,/Users/obey/Desktop/MyVoxelGame/src/server/entity/ServerEntityTracker.cpp,114,190998310699,32156571,19,
EntityTracker,/Users/obey/Desktop/MyVoxelGame/src/server/entity/ServerEntityTracker.cpp,114,191279629522,33416708,19,
EntityTracker,/Users/obey/Desktop/MyVoxelGame/src/server/entity/ServerEntityTracker.cpp,114,191558280987,23275247,19,
EntityTracker,/Users/obey/Desktop/MyVoxelGame/src/server/entity/ServerEntityTracker.cpp,114,191798750769,10491048,19,
EntityTracker,/Users/obey/Desktop/MyVoxelGame/src/server/entity/ServerEntityTracker.cpp,114,192099764889,26690074,19,
EntityTracker,/Users/obey/Desktop/MyVoxelGame/src/server/entity/ServerEntityTracker.cpp,114,192394006439,38075673,19,
EntityTracker,/Users/obey/Desktop/MyVoxelGame/src/server/entity/ServerEntityTracker.cpp,114,192668701595,30041966,19,
EntityTracker,/Users/obey/Desktop/MyVoxelGame/src/server/entity/ServerEntityTracker.cpp,114,192935536799,26342147,19,
EntityTracker,/Users/obey/Desktop/MyVoxelGame/src/server/entity/ServerEntityTracker.cpp,114,193211769310,33700076,19,
EntityTracker,/Users/obey/Desktop/MyVoxelGame/src/server/entity/ServerEntityTracker.cpp,114,193499629728,32043793,19,
EntityTracker,/Users/obey/Desktop/MyVoxelGame/src/server/entity/ServerEntityTracker.cpp,114,193765574214,30083959,19,
EntityTracker,/Users/obey/Desktop/MyVoxelGame/src/server/entity/ServerEntityTracker.cpp,114,194082517594,31337763,19,
EntityTracker,/Users/obey/Desktop/MyVoxelGame/src/server/entity/ServerEntityTracker.cpp,114,194354253961,28300714,19,
EntityTracker,/Users/obey/Desktop/MyVoxelGame/src/server/entity/ServerEntityTracker.cpp,114,194642588851,35883382,19,
EntityTracker,/Users/obey/Desktop/MyVoxelGame/src/server/entity/ServerEntityTracker.cpp,114,194937571990,24812210,19,
EntityTracker,/Users/obey/Desktop/MyVoxelGame/src/server/entity/ServerEntityTracker.cpp,114,195225473550,32539157,19,
EntityTracker,/Users/obey/Desktop/MyVoxelGame/src/server/entity/ServerEntityTracker.cpp,114,195531973525,29333912,19,
EntityTracker,/Users/obey/Desktop/MyVoxelGame/src/server/entity/ServerEntityTracker.cpp,114,195833869196,28812679,19,
EntityTracker,/Users/obey/Desktop/MyVoxelGame/src/server/entity/ServerEntityTracker.cpp,114,196103914555,30883458,19,
EntityTracker,/Users/obey/Desktop/MyVoxelGame/src/server/entity/ServerEntityTracker.cpp,114,196402619214,28775411,19,
EntityTracker,/Users/obey/Desktop/MyVoxelGame/src/server/entity/ServerEntityTracker.cpp,114,196684373306,29734432,19,
EntityTracker,/Users/obey/Desktop/MyVoxelGame/src/server/entity/ServerEntityTracker.cpp,114,196973861738,20673295,19,
EntityTracker,/Users/obey/Desktop/MyVoxelGame/src/server/entity/ServerEntityTracker.cpp,114,197250985551,27391995,19,
EntityTracker,/Users/obey/Desktop/MyVoxelGame/src/server/entity/ServerEntityTracker.cpp,114,197531570809,26639848,19,
EntityTracker,/Users/obey/Desktop/MyVoxelGame/src/server/entity/ServerEntityTracker.cpp,114,197806861026,35810496,19,
EntityTracker,/Users/obey/Desktop/MyVoxelGame/src/server/entity/ServerEntityTracker.cpp,114,198116258171,33726383,19,
EntityTracker,/Users/obey/Desktop/MyVoxelGame/src/server/entity/ServerEntityTracker.cpp,114,198426823417,34092430,19,
EntityTracker,/Users/obey/Desktop/MyVoxelGame/src/server/entity/ServerEntityTracker.cpp,114,198699427462,26840286,19,
EntityTracker,/Users/obey/Desktop/MyVoxelGame/src/server/entity/ServerEntityTracker.cpp,114,198965918597,21729100,19,
EntityTracker,/Users/obey/Desktop/MyVoxelGame/src/server/entity/ServerEntityTracker.cpp,114,199224162403,26310779,19,
EntityTracker,/Users/obey/Desktop/MyVoxelGame/src/server/entity/ServerEntityTracker.cpp,114,199523943010,29103021,19,
EntityTracker,/Users/obey/Desktop/MyVoxelGame/src/server/entity/ServerEntityTracker.cpp,114,199807933611,30055441,19,
EntityTracker,/Users/obey/Desktop/MyVoxelGame/src/server/entity/ServerEntityTracker.cpp,114,200088498411,25968002,19,
EntityTracker,/Users/obey/Desktop/MyVoxelGame/src/server/entity/ServerEntityTracker.cpp,114,200357417494,24399880,19,
EntityTracker,/Users/obey/Desktop/MyVoxelGame/src/server/entity/ServerEntityTracker.cpp,114,200648632203,35094301,19,
EntityTracker,/Users/obey/Desktop/MyVoxelGame/src/server/entity/ServerEntityTracker.cpp,114,200922245035,27511757,19,
EntityTracker,/Users/obey/Desktop/MyVoxelGame/src/server/entity/ServerEntityTracker.cpp,114,201211306639,33815145,19,
EntityTracker,/Users/obey/Desktop/MyVoxelGame/src/server/entity/ServerEntityTracker.cpp,114,201499172057,29715397,19,
EntityTracker,/Users/obey/Desktop/MyVoxelGame/src/server/entity/ServerEntityTracker.cpp,114,201782932434,31130557,19,
EntityTracker,/Users/obey/Desktop/MyVoxelGame/src/server/entity/ServerEntityTracker.cpp,114,202065968349,29816259,19,
EntityTracker,/Users/obey/Desktop/MyVoxelGame/src/server/entity/ServerEntityTracker.cpp,114,202318755233,13321456,19,
EntityTracker,/Users/obey/Desktop/MyVoxelGame/src/server/entity/ServerEntityTracker.cpp,114,202577854697,24655205,19,
EntityTracker,/Users/obey/Desktop/MyVoxelGame/src/server/entity/ServerEntityTracker.cpp,114,202846521248,32373153,19,
EntityTracker,/Users/obey/Desktop/MyVoxelGame/src/server/entity/ServerEntityTracker.cpp,114,203115372005,30486478,19,
EntityTracker,/Users/obey/Desktop/MyVoxelGame/src/server/entity/ServerEntityTracker.cpp,114,203416989143,30769804,19,
EntityTracker,/Users/obey/Desktop/MyVoxelGame/src/server/entity/ServerEntityTracker.cpp,114,203683650675,29000910,19,
EntityTracker,/Users/obey/Desktop/MyVoxelGame/src/server/entity/ServerEntityTracker.cpp,114,203961965323,13867790,19,
EntityTracker,/Users/obey/Desktop/MyVoxelGame/src/server/entity/ServerEntityTracker.cpp,114,204153644869,11541204,19,
EntityTracker,/Users/obey/Desktop/MyVoxelGame/src/server/entity/ServerEntityTracker.cpp,114,204361759767,14255876,19,
EntityTracker,/Users/obey/Desktop/MyVoxelGame/src/server/entity/ServerEntityTracker.cpp,114,204634977703,28616222,19,
EntityTracker,/Users/obey/Desktop/MyVoxelGame/src/server/entity/ServerEntityTracker.cpp,114,204931640059,30425611,19,
EntityTracker,/Users/obey/Desktop/MyVoxelGame/src/server/entity/ServerEntityTracker.cpp,114,205208565582,26066389,19,
EntityTracker,/Users/obey/Desktop/MyVoxelGame/src/server/entity/ServerEntityTracker.cpp,114,205494684313,34316778,19,
EntityTracker,/Users/obey/Desktop/MyVoxelGame/src/server/entity/ServerEntityTracker.cpp,114,205778527493,27689838,19,
EntityTracker,/Users/obey/Desktop/MyVoxelGame/src/server/entity/ServerEntityTracker.cpp,114,206031782850,29022719,19,
EntityTracker,/Users/obey/Desktop/MyVoxelGame/src/server/entity/ServerEntityTracker.cpp,114,206297850841,29515500,19,
EntityTracker,/Users/obey/Desktop/MyVoxelGame/src/server/entity/ServerEntityTracker.cpp,114,206603096219,33667766,19,
EntityTracker,/Users/obey/Desktop/MyVoxelGame/src/server/entity/ServerEntityTracker.cpp,114,206900092019,33085973,19,
EntityTracker,/Users/obey/Desktop/MyVoxelGame/src/server/entity/ServerEntityTracker.cpp,114,207182343077,30260964,19,
EntityTracker,/Users/obey/Desktop/MyVoxelGame/src/server/entity/ServerEntityTracker.cpp,114,207462660884,31100914,19,
EntityTracker,/Users/obey/Desktop/MyVoxelGame/src/server/entity/ServerEntityTracker.cpp,114,207740326971,30416552,19,
EntityTracker,/Users/obey/Desktop/MyVoxelGame/src/server/entity/ServerEntityTracker.cpp,114,208026718236,24736090,19,
EntityTracker,/Users/obey/Desktop/MyVoxelGame/src/server/entity/ServerEntityTracker.cpp,114,208315335552,31219860,19,
EntityTracker,/Users/obey/Desktop/MyVoxelGame/src/server/entity/ServerEntityTracker.cpp,114,208599966380,31098705,19,
EntityTracker,/Users/obey/Desktop/MyVoxelGame/src/server/entity/ServerEntityTracker.cpp,114,208862965302,28987910,19,
EntityTracker,/Users/obey/Desktop/MyVoxelGame/src/server/entity/ServerEntityTracker.cpp,114,209178669045,33961525,19,
EntityTracker,/Users/obey/Desktop/MyVoxelGame/src/server/entity/ServerEntityTracker.cpp,114,209457779708,32628377,19,
EntityTracker,/Users/obey/Desktop/MyVoxelGame/src/server/entity/ServerEntityTracker.cpp,114,209738691660,26553003,19,
EntityTracker,/Users/obey/Desktop/MyVoxelGame/src/server/entity/ServerEntityTracker.cpp,114,210026283377,24377464,19,
EntityTracker,/Users/obey/Desktop/MyVoxelGame/src/server/entity/ServerEntityTracker.cpp,114,210283255611,26711151,19,
EntityTracker,/Users/obey/Desktop/MyVoxelGame/src/server/entity/ServerEntityTracker.cpp,114,210581297152,33009920,19,
EntityTracker,/Users/obey/Desktop/MyVoxelGame/src/server/entity/ServerEntityTracker.cpp,114,210858255108,22444588,19,
EntityTracker,/Users/obey/Desktop/MyVoxelGame/src/server/entity/ServerEntityTracker.cpp,114,211154507277,35311464,19,
EntityTracker,/Users/obey/Desktop/MyVoxelGame/src/server/entity/ServerEntityTracker.cpp,114,211434721157,27929127,19,
EntityTracker,/Users/obey/Desktop/MyVoxelGame/src/server/entity/ServerEntityTracker.cpp,114,211718631414,32840291,19,
EntityTracker,/Users/obey/Desktop/MyVoxelGame/src/server/entity/ServerEntityTracker.cpp,114,211990105207,32151280,19,
EntityTracker,/Users/obey/Desktop/MyVoxelGame/src/server/entity/ServerEntityTracker.cpp,114,212306612632,30369825,19,
EntityTracker,/Users/obey/Desktop/MyVoxelGame/src/server/entity/ServerEntityTracker.cpp,114,212587945979,16627331,19,
EntityTracker,/Users/obey/Desktop/MyVoxelGame/src/server/entity/ServerEntityTracker.cpp,114,212866538052,29469107,19,
EntityTracker,/Users/obey/Desktop/MyVoxelGame/src/server/entity/ServerEntityTracker.cpp,114,213163187116,30477062,19,
EntityTracker,/Users/obey/Desktop/MyVoxelGame/src/server/entity/ServerEntityTracker.cpp,114,213438527683,26559145,19,
EntityTracker,/Users/obey/Desktop/MyVoxelGame/src/server/entity/ServerEntityTracker.cpp,114,213711174370,30354325,19,
EntityTracker,/Users/obey/Desktop/MyVoxelGame/src/server/entity/ServerEntityTracker.cpp,114,214002975264,32118344,19,
EntityTracker,/Users/obey/Desktop/MyVoxelGame/src/server/entity/ServerEntityTracker.cpp,114,214267968912,27506941,19,
EntityTracker,/Users/obey/Desktop/MyVoxelGame/src/server/entity/ServerEntityTracker.cpp,114,214554521991,33964607,19,
EntityTracker,/Users/obey/Desktop/MyVoxelGame/src/server/entity/ServerEntityTracker.cpp,114,214838662471,28914232,19,
EntityTracker,/Users/obey/Desktop/MyVoxelGame/src/server/entity/ServerEntityTracker.cpp,114,215127249294,32885077,19,
EntityTracker,/Users/obey/Desktop/MyVoxelGame/src/server/entity/ServerEntityTracker.cpp,114,215429527051,27380328,19,
EntityTracker,/Users/obey/Desktop/MyVoxelGame/src/server/entity/ServerEntityTracker.cpp,114,215696509861,28551395,19,
EntityTracker,/Users/obey/Desktop/MyVoxelGame/src/server/entity/ServerEntityTracker.cpp,114,215964882252,29875420,19,
EntityTracker,/Users/obey/Desktop/MyVoxelGame/src/server/entity/ServerEntityTracker.cpp,114,216244700904,27807974,19,
EntityTracker,/Users/obey/Desktop/MyVoxelGame/src/server/entity/ServerEntityTracker.cpp,114,216533689930,28502837,19,
EntityTracker,/Users/obey/Desktop/MyVoxelGame/src/server/entity/ServerEntityTracker.cpp,114,216815560760,29784450,19,
EntityTracker,/Users/obey/Desktop/MyVoxelGame/src/server/entity/ServerEntityTracker.cpp,114,217093708861,30601674,19,
EntityTracker,/Users/obey/Desktop/MyVoxelGame/src/server/entity/ServerEntityTracker.cpp,114,217350340918,29007369,19,
EntityTracker,/Users/obey/Desktop/MyVoxelGame/src/server/entity/ServerEntityTracker.cpp,114,217649806517,30802530,19,
EntityTracker,/Users/obey/Desktop/MyVoxelGame/src/server/entity/ServerEntityTracker.cpp,114,217942492820,26779976,19,
EntityTracker,/Users/obey/Desktop/MyVoxelGame/src/server/entity/ServerEntityTracker.cpp,114,218214777921,33325840,19,
EntityTracker,/Users/obey/Desktop/MyVoxelGame/src/server/entity/ServerEntityTracker.cpp,114,218482970516,31773093,19,
EntityTracker,/Users/obey/Desktop/MyVoxelGame/src/server/entity/ServerEntityTracker.cpp,114,218744384691,32043126,19,
EntityTracker,/Users/obey/Desktop/MyVoxelGame/src/server/entity/ServerEntityTracker.cpp,114,219008743763,33139260,19,
EntityTracker,/Users/obey/Desktop/MyVoxelGame/src/server/entity/ServerEntityTracker.cpp,114,219275272059,25854058,19,
EntityTracker,/Users/obey/Desktop/MyVoxelGame/src/server/entity/ServerEntityTracker.cpp,114,219527249177,25944818,19,
EntityTracker,/Users/obey/Desktop/MyVoxelGame/src/server/entity/ServerEntityTracker.cpp,114,219809794810,15755863,19,
EntityTracker,/Users/obey/Desktop/MyVoxelGame/src/server/entity/ServerEntityTracker.cpp,114,220051103566,27547334,19,
EntityTracker,/Users/obey/Desktop/MyVoxelGame/src/server/entity/ServerEntityTracker.cpp,114,220397113058,35629825,19,
EntityTracker,/Users/obey/Desktop/MyVoxelGame/src/server/entity/ServerEntityTracker.cpp,114,220675850219,25579316,19,
EntityTracker,/Users/obey/Desktop/MyVoxelGame/src/server/entity/ServerEntityTracker.cpp,114,220949765769,28979268,19,
EntityTracker,/Users/obey/Desktop/MyVoxelGame/src/server/entity/ServerEntityTracker.cpp,114,221231782227,32570009,19,
EntityTracker,/Users/obey/Desktop/MyVoxelGame/src/server/entity/ServerEntityTracker.cpp,114,221542750645,32974337,19,
EntityTracker,/Users/obey/Desktop/MyVoxelGame/src/server/entity/ServerEntityTracker.cpp,114,221802212797,26461074,19,
EntityTracker,/Users/obey/Desktop/MyVoxelGame/src/server/entity/ServerEntityTracker.cpp,114,222215919780,38745952,19,
EntityTracker,/Users/obey/Desktop/MyVoxelGame/src/server/entity/ServerEntityTracker.cpp,114,222527995723,24693096,19,
EntityTracker,/Users/obey/Desktop/MyVoxelGame/src/server/entity/ServerEntityTracker.cpp,114,222794247485,31395780,19,
EntityTracker,/Users/obey/Desktop/MyVoxelGame/src/server/entity/ServerEntityTracker.cpp,114,223066438991,30658943,19,
EntityTracker,/Users/obey/Desktop/MyVoxelGame/src/server/entity/ServerEntityTracker.cpp,114,223352852523,35222663,19,
EntityTracker,/Users/obey/Desktop/MyVoxelGame/src/server/entity/ServerEntityTracker.cpp,114,223644839438,30437695,19,
EntityTracker,/Users/obey/Desktop/MyVoxelGame/src/server/entity/ServerEntityTracker.cpp,114,223924018638,28190911,19,
EntityTracker,/Users/obey/Desktop/MyVoxelGame/src/server/entity/ServerEntityTracker.cpp,114,224249090027,31784093,19,
EntityTracker,/Users/obey/Desktop/MyVoxelGame/src/server/entity/ServerEntityTracker.cpp,114,224536840541,18119985,19,
EntityTracker,/Users/obey/Desktop/MyVoxelGame/src/server/entity/ServerEntityTracker.cpp,114,224817000927,31744493,19,
EntityTracker,/Users/obey/Desktop/MyVoxelGame/src/server/entity/ServerEntityTracker.cpp,114,225107824384,35946460,19,
EntityTracker,/Users/obey/Desktop/MyVoxelGame/src/server/entity/ServerEntityTracker.cpp,114,225369957214,25773564,19,
EntityTracker,/Users/obey/Desktop/MyVoxelGame/src/server/entity/ServerEntityTracker.cpp,114,225714683467,35601683,19,
EntityTracker,/Users/obey/Desktop/MyVoxelGame/src/server/entity/ServerEntityTracker.cpp,114,225991189136,24099596,19,
EntityTracker,/Users/obey/Desktop/MyVoxelGame/src/server/entity/ServerEntityTracker.cpp,114,226275016924,32564675,19,
EntityTracker,/Users/obey/Desktop/MyVoxelGame/src/server/entity/ServerEntityTracker.cpp,114,226566813109,28601973,19,
EntityTracker,/Users/obey/Desktop/MyVoxelGame/src/server/entity/ServerEntityTracker.cpp,114,226839305958,27606868,19,
EntityTracker,/Users/obey/Desktop/MyVoxelGame/src/server/entity/ServerEntityTracker.cpp,114,227122294688,29732540,19,
EntityTracker,/Users/obey/Desktop/MyVoxelGame/src/server/entity/ServerEntityTracker.cpp,114,227396314375,25252972,19,
EntityTracker,/Users/obey/Desktop/MyVoxelGame/src/server/entity/ServerEntityTracker.cpp,114,227658342402,22672144,19,
EntityTracker,/Users/obey/Desktop/MyVoxelGame/src/server/entity/ServerEntityTracker.cpp,114,227934143750,30402010,19,
EntityTracker,/Users/obey/Desktop/MyVoxelGame/src/server/entity/ServerEntityTracker.cpp,114,228215488864,31142431,19,
EntityTracker,/Users/obey/Desktop/MyVoxelGame/src/server/entity/ServerEntityTracker.cpp,114,228502171388,28443092,19,
EntityTracker,/Users/obey/Desktop/MyVoxelGame/src/server/entity/ServerEntityTracker.cpp,114,228786416879,28049239,19,
EntityTracker,/Users/obey/Desktop/MyVoxelGame/src/server/entity/ServerEntityTracker.cpp,114,229053766216,37238006,19,
EntityTracker,/Users/obey/Desktop/MyVoxelGame/src/server/entity/ServerEntityTracker.cpp,114,229333196781,27683821,19,
EntityTracker,/Users/obey/Desktop/MyVoxelGame/src/server/entity/ServerEntityTracker.cpp,114,229615118895,32850999,19,
EntityTracker,/Users/obey/Desktop/MyVoxelGame/src/server/entity/ServerEntityTracker.cpp,114,229882771574,26315504,19,
EntityTracker,/Users/obey/Desktop/MyVoxelGame/src/server/entity/ServerEntityTracker.cpp,114,230143764087,21918598,19,
EntityTracker,/Users/obey/Desktop/MyVoxelGame/src/server/entity/ServerEntityTracker.cpp,114,230475939697,28470278,19,
EntityTracker,/Users/obey/Desktop/MyVoxelGame/src/server/entity/ServerEntityTracker.cpp,114,230773424736,24546736,19,
EntityTracker,/Users/obey/Desktop/MyVoxelGame/src/server/entity/ServerEntityTracker.cpp,114,231047940430,31226567,19,
EntityTracker,/Users/obey/Desktop/MyVoxelGame/src/server/entity/ServerEntityTracker.cpp,114,231311210660,28309648,19,
EntityTracker,/Users/obey/Desktop/MyVoxelGame/src/server/entity/ServerEntityTracker.cpp,114,231602815198,35115842,19,
EntityTracker,/Users/obey/Desktop/MyVoxelGame/src/server/entity/ServerEntityTracker.cpp,114,231899967334,35483346,19,
EntityTracker,/Users/obey/Desktop/MyVoxelGame/src/server/entity/ServerEntityTracker.cpp,114,232173337193,21308731,19,
EntityTracker,/Users/obey/Desktop/MyVoxelGame/src/server/entity/ServerEntityTracker.cpp,114,232447285827,28023907,19,
EntityTracker,/Users/obey/Desktop/MyVoxelGame/src/server/entity/ServerEntityTracker.cpp,114,232734363663,27880651,19,
EntityTracker,/Users/obey/Desktop/MyVoxelGame/src/server/entity/ServerEntityTracker.cpp,114,233016693607,28877756,19,
EntityTracker,/Users/obey/Desktop/MyVoxelGame/src/server/entity/ServerEntityTracker.cpp,114,233279510174,22726289,19,
EntityTracker,/Users/obey/Desktop/MyVoxelGame/src/server/entity/ServerEntityTracker.cpp,114,233565066756,30906707,19,
EntityTracker,/Users/obey/Desktop/MyVoxelGame/src/server/entity/ServerEntityTracker.cpp,114,233823337371,27178021,19,
EntityTracker,/Users/obey/Desktop/MyVoxelGame/src/server/entity/ServerEntityTracker.cpp,114,234112562771,32421711,19,
EntityTracker,/Users/obey/Desktop/MyVoxelGame/src/server/entity/ServerEntityTracker.cpp,114,234386909108,24926321,19,
EntityTracker,/Users/obey/Desktop/MyVoxelGame/src/server/entity/ServerEntityTracker.cpp,114,234662591284,36843447,19,
EntityTracker,/Users/obey/Desktop/MyVoxelGame/src/server/entity/ServerEntityTracker.cpp,114,234931872663,25210146,19,
EntityTracker,/Users/obey/Desktop/MyVoxelGame/src/server/entity/ServerEntityTracker.cpp,114,235234983496,27326442,19,
EntityTracker,/Users/obey/Desktop/MyVoxelGame/src/server/entity/ServerEntityTracker.cpp,114,235514285931,30711270,19,
EntityTracker,/Users/obey/Desktop/MyVoxelGame/src/server/entity/ServerEntityTracker.cpp,114,235788553675,25534965,19,
EntityTracker,/Users/obey/Desktop/MyVoxelGame/src/server/entity/ServerEntityTracker.cpp,114,236077200199,29544267,19,
EntityTracker,/Users/obey/Desktop/MyVoxelGame/src/server/entity/ServerEntityTracker.cpp,114,236331507903,23503763,19,
EntityTracker,/Users/obey/Desktop/MyVoxelGame/src/server/entity/ServerEntityTracker.cpp,114,236608023822,32060603,19,
EntityTracker,/Users/obey/Desktop/MyVoxelGame/src/server/entity/ServerEntityTracker.cpp,114,236880802722,30198303,19,
EntityTracker,/Users/obey/Desktop/MyVoxelGame/src/server/entity/ServerEntityTracker.cpp,114,237159619751,33081225,19,
EntityTracker,/Users/obey/Desktop/MyVoxelGame/src/server/entity/ServerEntityTracker.cpp,114,237436350419,28479152,19,
EntityTracker,/Users/obey/Desktop/MyVoxelGame/src/server/entity/ServerEntityTracker.cpp,114,237736562690,28760703,19,
EntityTracker,/Users/obey/Desktop/MyVoxelGame/src/server/entity/ServerEntityTracker.cpp,114,238004136583,25577023,19,
EntityTracker,/Users/obey/Desktop/MyVoxelGame/src/server/entity/ServerEntityTracker.cpp,114,238273252498,27799498,19,
EntityTracker,/Users/obey/Desktop/MyVoxelGame/src/server/entity/ServerEntityTracker.cpp,114,238539902512,23996486,19,
EntityTracker,/Users/obey/Desktop/MyVoxelGame/src/server/entity/ServerEntityTracker.cpp,114,238807976771,11853047,19,
EntityTracker,/Users/obey/Desktop/MyVoxelGame/src/server/entity/ServerEntityTracker.cpp,114,239056382665,29488567,19,
EntityTracker,/Users/obey/Desktop/MyVoxelGame/src/server/entity/ServerEntityTracker.cpp,114,239343774635,29632404,19,
EntityTracker,/Users/obey/Desktop/MyVoxelGame/src/server/entity/ServerEntityTracker.cpp,114,239616885936,29310961,19,
EntityTracker,/Users/obey/Desktop/MyVoxelGame/src/server/entity/ServerEntityTracker.cpp,114,239879644676,27576917,19,
EntityTracker,/Users/obey/Desktop/MyVoxelGame/src/server/entity/ServerEntityTracker.cpp,114,240157739952,33937715,19,
EntityTracker,/Users/obey/Desktop/MyVoxelGame/src/server/entity/ServerEntityTracker.cpp,114,240415371197,28169119,19,
EntityTracker,/Users/obey/Desktop/MyVoxelGame/src/server/entity/ServerEntityTracker.cpp,114,240729053862,31329680,19,
EntityTracker,/Users/obey/Desktop/MyVoxelGame/src/server/entity/ServerEntityTracker.cpp,114,241003587681,32221940,19,
EntityTracker,/Users/obey/Desktop/MyVoxelGame/src/server/entity/ServerEntityTracker.cpp,114,241276216660,24895785,19,
EntityTracker,/Users/obey/Desktop/MyVoxelGame/src/server/entity/ServerEntityTracker.cpp,114,241524610703,24719240,19,
EntityTracker,/Users/obey/Desktop/MyVoxelGame/src/server/entity/ServerEntityTracker.cpp,114,241836059169,29321960,19,
EntityTracker,/Users/obey/Desktop/MyVoxelGame/src/server/entity/ServerEntityTracker.cpp,114,242119196011,26705941,19,
EntityTracker,/Users/obey/Desktop/MyVoxelGame/src/server/entity/ServerEntityTracker.cpp,114,242393673043,31501870,19,
EntityTracker,/Users/obey/Desktop/MyVoxelGame/src/server/entity/ServerEntityTracker.cpp,114,242661323989,22924370,19,
EntityTracker,/Users/obey/Desktop/MyVoxelGame/src/server/entity/ServerEntityTracker.cpp,114,242933108851,31788176,19,
EntityTracker,/Users/obey/Desktop/MyVoxelGame/src/server/entity/ServerEntityTracker.cpp,114,243222136353,28167768,19,
EntityTracker,/Users/obey/Desktop/MyVoxelGame/src/server/entity/ServerEntityTracker.cpp,114,243487823449,26283803,19,
EntityTracker,/Users/obey/Desktop/MyVoxelGame/src/server/entity/ServerEntityTracker.cpp,114,243749432522,20328583,19,
EntityTracker,/Users/obey/Desktop/MyVoxelGame/src/server/entity/ServerEntityTracker.cpp,114,244000829388,28636365,19,
EntityTracker,/Users/obey/Desktop/MyVoxelGame/src/server/entity/ServerEntityTracker.cpp,114,244278127414,30610800,19,
EntityTracker,/Users/obey/Desktop/MyVoxelGame/src/server/entity/ServerEntityTracker.cpp,114,244549803556,29020969,19,
EntityTracker,/Users/obey/Desktop/MyVoxelGame/src/server/entity/ServerEntityTracker.cpp,114,244799704961,27494049,19,
EntityTracker,/Users/obey/Desktop/MyVoxelGame/src/server/entity/ServerEntityTracker.cpp,114,245065569578,29406573,19,
EntityTracker,/Users/obey/Desktop/MyVoxelGame/src/server/entity/ServerEntityTracker.cpp,114,245328172689,26717318,19,
EntityTracker,/Users/obey/Desktop/MyVoxelGame/src/server/entity/ServerEntityTracker.cpp,114,245613323209,40678560,19,
EntityTracker,/Users/obey/Desktop/MyVoxelGame/src/server/entity/ServerEntityTracker.cpp,114,245899196050,28862506,19,
EntityTracker,/Users/obey/Desktop/MyVoxelGame/src/server/entity/ServerEntityTracker.cpp,114,246186755499,25160088,19,
EntityTracker,/Users/obey/Desktop/MyVoxelGame/src/server/entity/ServerEntityTracker.cpp,114,246432340027,13634383,19,
EntityTracker,/Users/obey/Desktop/MyVoxelGame/src/server/entity/ServerEntityTracker.cpp,114,246688893474,24700448,19,
EntityTracker,/Users/obey/Desktop/MyVoxelGame/src/server/entity/ServerEntityTracker.cpp,114,246957542982,29745598,19,
EntityTracker,/Users/obey/Desktop/MyVoxelGame/src/server/entity/ServerEntityTracker.cpp,114,247210884974,28395434,19,
EntityTracker,/Users/obey/Desktop/MyVoxelGame/src/server/entity/ServerEntityTracker.cpp,114,247510867246,35538047,19,
EntityTracker,/Users/obey/Desktop/MyVoxelGame/src/server/entity/ServerEntityTracker.cpp,114,247819458309,26363547,19,
EntityTracker,/Users/obey/Desktop/MyVoxelGame/src/server/entity/ServerEntityTracker.cpp,114,248079994767,25334508,19,
EntityTracker,/Users/obey/Desktop/MyVoxelGame/src/server/entity/ServerEntityTracker.cpp,114,248347413781,18007580,19,
EntityTracker,/Users/obey/Desktop/MyVoxelGame/src/server/entity/ServerEntityTracker.cpp,114,248637701629,26609038,19,
EntityTracker,/Users/obey/Desktop/MyVoxelGame/src/server/entity/ServerEntityTracker.cpp,114,248872399612,27160730,19,
EntityTracker,/Users/obey/Desktop/MyVoxelGame/src/server/entity/ServerEntityTracker.cpp,114,249125245449,23641649,19,
EntityTracker,/Users/obey/Desktop/MyVoxelGame/src/server/entity/ServerEntityTracker.cpp,114,249416663073,30815298,19,
EntityTracker,/Users/obey/Desktop/MyVoxelGame/src/server/entity/ServerEntityTracker.cpp,114,249686930721,23765987,19,
EntityTracker,/Users/obey/Desktop/MyVoxelGame/src/server/entity/ServerEntityTracker.cpp,114,249995957030,31190842,19,
EntityTracker,/Users/obey/Desktop/MyVoxelGame/src/server/entity/ServerEntityTracker.cpp,114,250292512833,24866435,19,
EntityTracker,/Users/obey/Desktop/MyVoxelGame/src/server/entity/ServerEntityTracker.cpp,114,250557521691,24084513,19,
EntityTracker,/Users/obey/Desktop/MyVoxelGame/src/server/entity/ServerEntityTracker.cpp,114,250837647618,27559917,19,
EntityTracker,/Users/obey/Desktop/MyVoxelGame/src/server/entity/ServerEntityTracker.cpp,114,251097453862,25761879,19,
EntityTracker,/Users/obey/Desktop/MyVoxelGame/src/server/entity/ServerEntityTracker.cpp,114,251359389419,15057877,19,
EntityTracker,/Users/obey/Desktop/MyVoxelGame/src/server/entity/ServerEntityTracker.cpp,114,251607203921,34401706,19,
EntityTracker,/Users/obey/Desktop/MyVoxelGame/src/server/entity/ServerEntityTracker.cpp,114,251882827247,17065078,19,
EntityTracker,/Users/obey/Desktop/MyVoxelGame/src/server/entity/ServerEntityTracker.cpp,114,252112816024,12743015,19,
EntityTracker,/Users/obey/Desktop/MyVoxelGame/src/server/entity/ServerEntityTracker.cpp,114,252367152163,34481074,19,
EntityTracker,/Users/obey/Desktop/MyVoxelGame/src/server/entity/ServerEntityTracker.cpp,114,252638488611,32762655,19,
EntityTracker,/Users/obey/Desktop/MyVoxelGame/src/server/entity/ServerEntityTracker.cpp,114,252871825779,16295804,19,
EntityTracker,/Users/obey/Desktop/MyVoxelGame/src/server/entity/ServerEntityTracker.cpp,114,253113214280,34359462,19,
EntityTracker,/Users/obey/Desktop/MyVoxelGame/src/server/entity/ServerEntityTracker.cpp,114,253377052320,12923603,19,
EntityTracker,/Users/obey/Desktop/MyVoxelGame/src/server/entity/ServerEntityTracker.cpp,114,253645467397,33358465,19,
EntityTracker,/Users/obey/Desktop/MyVoxelGame/src/server/entity/ServerEntityTracker.cpp,114,253918968908,27050553,19,
EntityTracker,/Users/obey/Desktop/MyVoxelGame/src/server/entity/ServerEntityTracker.cpp,114,254181384372,29534060,19,
EntityTracker,/Users/obey/Desktop/MyVoxelGame/src/server/entity/ServerEntityTracker.cpp,114,254431062715,27450512,19,
EntityTracker,/Users/obey/Desktop/MyVoxelGame/src/server/entity/ServerEntityTracker.cpp,114,254771901467,33998209,19,
EntityTracker,/Users/obey/Desktop/MyVoxelGame/src/server/entity/ServerEntityTracker.cpp,114,255037886362,24507826,19,
EntityTracker,/Users/obey/Desktop/MyVoxelGame/src/server/entity/ServerEntityTracker.cpp,114,255361001294,29859861,19,
EntityTracker,/Users/obey/Desktop/MyVoxelGame/src/server/entity/ServerEntityTracker.cpp,114,255638494109,33538112,19,
EntityTracker,/Users/obey/Desktop/MyVoxelGame/src/server/entity/ServerEntityTracker.cpp,114,255928454556,26115756,19,
EntityTracker,/Users/obey/Desktop/MyVoxelGame/src/server/entity/ServerEntityTracker.cpp,114,256181042150,14260252,19,
EntityTracker,/Users/obey/Desktop/MyVoxelGame/src/server/entity/ServerEntityTracker.cpp,114,256450641496,31879371,19,
EntityTracker,/Users/obey/Desktop/MyVoxelGame/src/server/entity/ServerEntityTracker.cpp,114,256744048197,29165705,19,
EntityTracker,/Users/obey/Desktop/MyVoxelGame/src/server/entity/ServerEntityTracker.cpp,114,257012713246,31614088,19,
EntityTracker,/Users/obey/Desktop/MyVoxelGame/src/server/entity/ServerEntityTracker.cpp,114,257278893290,25038266,19,
EntityTracker,/Users/obey/Desktop/MyVoxelGame/src/server/entity/ServerEntityTracker.cpp,114,257566200307,29771682,19,
EntityTracker,/Users/obey/Desktop/MyVoxelGame/src/server/entity/ServerEntityTracker.cpp,114,257846066060,32116596,19,
EntityTracker,/Users/obey/Desktop/MyVoxelGame/src/server/entity/ServerEntityTracker.cpp,114,258131707235,31361614,19,
EntityTracker,/Users/obey/Desktop/MyVoxelGame/src/server/entity/ServerEntityTracker.cpp,114,258376323408,24811752,19,
EntityTracker,/Users/obey/Desktop/MyVoxelGame/src/server/entity/ServerEntityTracker.cpp,114,258711696889,33005939,19,
EntityTracker,/Users/obey/Desktop/MyVoxelGame/src/server/entity/ServerEntityTracker.cpp,114,259004331091,23794796,19,
EntityTracker,/Users/obey/Desktop/MyVoxelGame/src/server/entity/ServerEntityTracker.cpp,114,259264182829,31952531,19,
EntityTracker,/Users/obey/Desktop/MyVoxelGame/src/server/entity/ServerEntityTracker.cpp,114,259546172579,29644405,19,
EntityTracker,/Users/obey/Desktop/MyVoxelGame/src/server/entity/ServerEntityTracker.cpp,114,259824203610,26456367,19,
EntityTracker,/Users/obey/Desktop/MyVoxelGame/src/server/entity/ServerEntityTracker.cpp,114,260121313188,29089003,19,
EntityTracker,/Users/obey/Desktop/MyVoxelGame/src/server/entity/ServerEntityTracker.cpp,114,260393115840,25847808,19,
EntityTracker,/Users/obey/Desktop/MyVoxelGame/src/server/entity/ServerEntityTracker.cpp,114,260697876581,31454191,19,
EntityTracker,/Users/obey/Desktop/MyVoxelGame/src/server/entity/ServerEntityTracker.cpp,114,260989341139,34375354,19,
EntityTracker,/Users/obey/Desktop/MyVoxelGame/src/server/entity/ServerEntityTracker.cpp,114,261260281675,30224547,19,
EntityTracker,/Users/obey/Desktop/MyVoxelGame/src/server/entity/ServerEntityTracker.cpp,114,261530379110,29328269,19,
EntityTracker,/Users/obey/Desktop/MyVoxelGame/src/server/entity/ServerEntityTracker.cpp,114,261798105092,26852136,19,
EntityTracker,/Users/obey/Desktop/MyVoxelGame/src/server/entity/ServerEntityTracker.cpp,114,262080667866,35178979,19,
EntityTracker,/Users/obey/Desktop/MyVoxelGame/src/server/entity/ServerEntityTracker.cpp,114,262362977210,31079605,19,
EntityTracker,/Users/obey/Desktop/MyVoxelGame/src/server/entity/ServerEntityTracker.cpp,114,262645347529,28205053,19,
EntityTracker,/Users/obey/Desktop/MyVoxelGame/src/server/entity/ServerEntityTracker.cpp,114,262911862890,25317675,19,
EntityTracker,/Users/obey/Desktop/MyVoxelGame/src/server/entity/ServerEntityTracker.cpp,114,263226483893,29631486,19,
EntityTracker,/Users/obey/Desktop/MyVoxelGame/src/server/entity/ServerEntityTracker.cpp,114,263516560784,29853027,19,
EntityTracker,/Users/obey/Desktop/MyVoxelGame/src/server/entity/ServerEntityTracker.cpp,114,263776389004,26784977,19,
EntityTracker,/Users/obey/Desktop/MyVoxelGame/src/server/entity/ServerEntityTracker.cpp,114,264037280922,25947401,19,
EntityTracker,/Users/obey/Desktop/MyVoxelGame/src/server/entity/ServerEntityTracker.cpp,114,264296108894,28582140,19,
EntityTracker,/Users/obey/Desktop/MyVoxelGame/src/server/entity/ServerEntityTracker.cpp,114,264571403153,27917211,19,
EntityTracker,/Users/obey/Desktop/MyVoxelGame/src/server/entity/ServerEntityTracker.cpp,114,264831545274,18274764,19,
EntityTracker,/Users/obey/Desktop/MyVoxelGame/src/server/entity/ServerEntityTracker.cpp,114,265099200286,29714790,19,
EntityTracker,/Users/obey/Desktop/MyVoxelGame/src/server/entity/ServerEntityTracker.cpp,114,265375406905,26125548,19,
EntityTracker,/Users/obey/Desktop/MyVoxelGame/src/server/entity/ServerEntityTracker.cpp,114,265628784831,25256956,19,
EntityTracker,/Users/obey/Desktop/MyVoxelGame/src/server/entity/ServerEntityTracker.cpp,114,265894040955,25157879,19,
EntityTracker,/Users/obey/Desktop/MyVoxelGame/src/server/entity/ServerEntityTracker.cpp,114,266160011060,30213779,19,
EntityTracker,/Users/obey/Desktop/MyVoxelGame/src/server/entity/ServerEntityTracker.cpp,114,266438651733,27722314,19,
EntityTracker,/Users/obey/Desktop/MyVoxelGame/src/server/entity/ServerEntityTracker.cpp,114,266697635811,30375118,19,
EntityTracker,/Users/obey/Desktop/MyVoxelGame/src/server/entity/ServerEntityTracker.cpp,114,266951827112,26920298,19,
EntityTracker,/Users/obey/Desktop/MyVoxelGame/src/server/entity/ServerEntityTracker.cpp,114,267268331228,31639731,19,
EntityTracker,/Users/obey/Desktop/MyVoxelGame/src/server/entity/ServerEntityTracker.cpp,114,267532225387,27724005,19,
EntityTracker,/Users/obey/Desktop/MyVoxelGame/src/server/entity/ServerEntityTracker.cpp,114,267867244657,32273933,19,
EntityTracker,/Users/obey/Desktop/MyVoxelGame/src/server/entity/ServerEntityTracker.cpp,114,268161623169,13506188,19,
EntityTracker,/Users/obey/Desktop/MyVoxelGame/src/server/entity/ServerEntityTracker.cpp,114,268416187765,31855437,19,
EntityTracker,/Users/obey/Desktop/MyVoxelGame/src/server/entity/ServerEntityTracker.cpp,114,268682512604,29237842,19,
EntityTracker,/Users/obey/Desktop/MyVoxelGame/src/server/entity/ServerEntityTracker.cpp,114,268938682547,24083788,19,
EntityTracker,/Users/obey/Desktop/MyVoxelGame/src/server/entity/ServerEntityTracker.cpp,114,269232559220,22961971,19,
EntityTracker,/Users/obey/Desktop/MyVoxelGame/src/server/entity/ServerEntityTracker.cpp,114,269483374628,27344127,19,
EntityTracker,/Users/obey/Desktop/MyVoxelGame/src/server/entity/ServerEntityTracker.cpp,114,269737446276,24969131,19,
EntityTracker,/Users/obey/Desktop/MyVoxelGame/src/server/entity/ServerEntityTracker.cpp,114,270000894337,32357469,19,
EntityTracker,/Users/obey/Desktop/MyVoxelGame/src/server/entity/ServerEntityTracker.cpp,114,270271537448,29039652,19,
EntityTracker,/Users/obey/Desktop/MyVoxelGame/src/server/entity/ServerEntityTracker.cpp,114,270569803277,30850148,19,
EntityTracker,/Users/obey/Desktop/MyVoxelGame/src/server/entity/ServerEntityTracker.cpp,114,270838232996,24700930,19,
EntityTracker,/Users/obey/Desktop/MyVoxelGame/src/server/entity/ServerEntityTracker.cpp,114,271094104221,24706490,19,
EntityTracker,/Users/obey/Desktop/MyVoxelGame/src/server/entity/ServerEntityTracker.cpp,114,271368449934,29003576,19,
EntityTracker,/Users/obey/Desktop/MyVoxelGame/src/server/entity/ServerEntityTracker.cpp,114,271630244987,29057379,19,
EntityTracker,/Users/obey/Desktop/MyVoxelGame/src/server/entity/ServerEntityTracker.cpp,114,271884406831,26566710,19,
EntityTracker,/Users/obey/Desktop/MyVoxelGame/src/server/entity/ServerEntityTracker.cpp,114,272134852094,28422342,19,
EntityTracker,/Users/obey/Desktop/MyVoxelGame/src/server/entity/ServerEntityTracker.cpp,114,272398581813,28601098,19,
EntityTracker,/Users/obey/Desktop/MyVoxelGame/src/server/entity/ServerEntityTracker.cpp,114,272649026552,29249425,19,
EntityTracker,/Users/obey/Desktop/MyVoxelGame/src/server/entity/ServerEntityTracker.cpp,114,272892630169,9384082,19,
EntityTracker,/Users/obey/Desktop/MyVoxelGame/src/server/entity/ServerEntityTracker.cpp,114,273205507586,28734876,19,
EntityTracker,/Users/obey/Desktop/MyVoxelGame/src/server/entity/ServerEntityTracker.cpp,114,273486514215,18358398,19,
EntityTracker,/Users/obey/Desktop/MyVoxelGame/src/server/entity/ServerEntityTracker.cpp,114,273735141441,11797911,19,
EntityTracker,/Users/obey/Desktop/MyVoxelGame/src/server/entity/ServerEntityTracker.cpp,114,274016139969,14879120,19,
EntityTracker,/Users/obey/Desktop/MyVoxelGame/src/server/entity/ServerEntityTracker.cpp,114,274272233502,16776960,19,
EntityTracker,/Users/obey/Desktop/MyVoxelGame/src/server/entity/ServerEntityTracker.cpp,114,274555666995,14667480,19,
EntityTracker,/Users/obey/Desktop/MyVoxelGame/src/server/entity/ServerEntityTracker.cpp,114,274837909827,12139706,19,
EntityTracker,/Users/obey/Desktop/MyVoxelGame/src/server/entity/ServerEntityTracker.cpp,114,275096659682,31272770,19,
EntityTracker,/Users/obey/Desktop/MyVoxelGame/src/server/entity/ServerEntityTracker.cpp,114,275408166456,10786641,19,
EntityTracker,/Users/obey/Desktop/MyVoxelGame/src/server/entity/ServerEntityTracker.cpp,114,275678945279,13679626,19,
EntityTracker,/Users/obey/Desktop/MyVoxelGame/src/server/entity/ServerEntityTracker.cpp,114,275941118978,30927243,19,
EntityTracker,/Users/obey/Desktop/MyVoxelGame/src/server/entity/ServerEntityTracker.cpp,114,276195240576,11854339,19,
EntityTracker,/Users/obey/Desktop/MyVoxelGame/src/server/entity/ServerEntityTracker.cpp,114,276430519328,11842446,19,
EntityTracker,/Users/obey/Desktop/MyVoxelGame/src/server/entity/ServerEntityTracker.cpp,114,276715438915,43842346,19,
EntityTracker,/Users/obey/Desktop/MyVoxelGame/src/server/entity/ServerEntityTracker.cpp,114,277062227239,13276606,19,
EntityTracker,/Users/obey/Desktop/MyVoxelGame/src/server/entity/ServerEntityTracker.cpp,114,277331207482,10787415,19,
EntityTracker,/Users/obey/Desktop/MyVoxelGame/src/server/entity/ServerEntityTracker.cpp,114,277579361677,15546115,19,
EntityTracker,/Users/obey/Desktop/MyVoxelGame/src/server/entity/ServerEntityTracker.cpp,114,277912464815,37889002,19,
EntityTracker,/Users/obey/Desktop/MyVoxelGame/src/server/entity/ServerEntityTracker.cpp,114,278168544498,12477357,19,
EntityTracker,/Users/obey/Desktop/MyVoxelGame/src/server/entity/ServerEntityTracker.cpp,114,278394837914,25142302,19,
EntityTracker,/Users/obey/Desktop/MyVoxelGame/src/server/entity/ServerEntityTracker.cpp,114,278664383766,35831639,19,
EntityTracker,/Users/obey/Desktop/MyVoxelGame/src/server/entity/ServerEntityTracker.cpp,114,278934816188,32597150,19,
EntityTracker,/Users/obey/Desktop/MyVoxelGame/src/server/entity/ServerEntityTracker.cpp,114,279186416202,10648510,19,
EntityTracker,/Users/obey/Desktop/MyVoxelGame/src/server/entity/ServerEntityTracker.cpp,114,279463829506,16234852,19,
EntityTracker,/Users/obey/Desktop/MyVoxelGame/src/server/entity/ServerEntityTracker.cpp,114,279696549490,12210532,19,
EntityTracker,/Users/obey/Desktop/MyVoxelGame/src/server/entity/ServerEntityTracker.cpp,114,279984765392,18380393,19,
EntityTracker,/Users/obey/Desktop/MyVoxelGame/src/server/entity/ServerEntityTracker.cpp,114,280209330432,9712216,19,
EntityTracker,/Users/obey/Desktop/MyVoxelGame/src/server/entity/ServerEntityTracker.cpp,114,280461824891,15115743,19,
EntityTracker,/Users/obey/Desktop/MyVoxelGame/src/server/entity/ServerEntityTracker.cpp,114,280741285498,10417536,19,
EntityTracker,/Users/obey/Desktop/MyVoxelGame/src/server/entity/ServerEntityTracker.cpp,114,281011908275,29450340,19,
EntityTracker,/Users/obey/Desktop/MyVoxelGame/src/server/entity/ServerEntityTracker.cpp,114,281276199603,15543865,19,
EntityTracker,/Users/obey/Desktop/MyVoxelGame/src/server/entity/ServerEntityTracker.cpp,114,281520595177,33225436,19,
EntityTracker,/Users/obey/Desktop/MyVoxelGame/src/server/entity/ServerEntityTracker.cpp,114,281771234479,12245485,19,
EntityTracker,/Users/obey/Desktop/MyVoxelGame/src/server/entity/ServerEntityTracker.cpp,114,282071116615,12190681,19,
EntityTracker,/Users/obey/Desktop/MyVoxelGame/src/server/entity/ServerEntityTracker.cpp,114,282322085779,10377227,19,
EntityTracker,/Users/obey/Desktop/MyVoxelGame/src/server/entity/ServerEntityTracker.cpp,114,282568029874,15810316,19,
EntityTracker,/Users/obey/Desktop/MyVoxelGame/src/server/entity/ServerEntityTracker.cpp,114,282848179635,10463031,19,
EntityTracker,/Users/obey/Desktop/MyVoxelGame/src/server/entity/ServerEntityTracker.cpp,114,283074541944,11359290,19,
EntityTracker,/Users/obey/Desktop/MyVoxelGame/src/server/entity/ServerEntityTracker.cpp,114,283361889688,33900991,19,
EntityTracker,/Users/obey/Desktop/MyVoxelGame/src/server/entity/ServerEntityTracker.cpp,114,283661124396,13416402,19,
EntityTracker,/Users/obey/Desktop/MyVoxelGame/src/server/entity/ServerEntityTracker.cpp,114,283984369147,39087729,19,
EntityTracker,/Users/obey/Desktop/MyVoxelGame/src/server/entity/ServerEntityTracker.cpp,114,284282722446,37021908,19,
EntityTracker,/Users/obey/Desktop/MyVoxelGame/src/server/entity/ServerEntityTracker.cpp,114,284531531861,11383640,19,
EntityTracker,/Users/obey/Desktop/MyVoxelGame/src/server/entity/ServerEntityTracker.cpp,114,284770621501,13967677,19,
EntityTracker,/Users/obey/Desktop/MyVoxelGame/src/server/entity/ServerEntityTracker.cpp,114,285056835094,28114233,19,
EntityTracker,/Users/obey/Desktop/MyVoxelGame/src/server/entity/ServerEntityTracker.cpp,114,285330918982,29936038,19,
EntityTracker,/Users/obey/Desktop/MyVoxelGame/src/server/entity/ServerEntityTracker.cpp,114,285598492084,26788727,19,
EntityTracker,/Users/obey/Desktop/MyVoxelGame/src/server/entity/ServerEntityTracker.cpp,114,285863897270,32044252,19,
EntityTracker,/Users/obey/Desktop/MyVoxelGame/src/server/entity/ServerEntityTracker.cpp,114,286149026022,29921896,19,
EntityTracker,/Users/obey/Desktop/MyVoxelGame/src/server/entity/ServerEntityTracker.cpp,114,286418927961,31189550,19,
EntityTracker,/Users/obey/Desktop/MyVoxelGame/src/server/entity/ServerEntityTracker.cpp,114,286714791901,30153995,19,
EntityTracker,/Users/obey/Desktop/MyVoxelGame/src/server/entity/ServerEntityTracker.cpp,114,286978682250,25317217,19,
EntityTracker,/Users/obey/Desktop/MyVoxelGame/src/server/entity/ServerEntityTracker.cpp,114,287279959303,32144053,19,
EntityTracker,/Users/obey/Desktop/MyVoxelGame/src/server/entity/ServerEntityTracker.cpp,114,287549139335,24362072,19,
EntityTracker,/Users/obey/Desktop/MyVoxelGame/src/server/entity/ServerEntityTracker.cpp,114,287812949008,30765346,19,
EntityTracker,/Users/obey/Desktop/MyVoxelGame/src/server/entity/ServerEntityTracker.cpp,114,288100804717,26309654,19,
EntityTracker,/Users/obey/Desktop/MyVoxelGame/src/server/entity/ServerEntityTracker.cpp,114,288368262166,27383935,19,
EntityTracker,/Users/obey/Desktop/MyVoxelGame/src/server/entity/ServerEntityTracker.cpp,114,288631963784,21017512,19,
EntityTracker,/Users/obey/Desktop/MyVoxelGame/src/server/entity/ServerEntityTracker.cpp,114,288893335591,26073449,19,
EntityTracker,/Users/obey/Desktop/MyVoxelGame/src/server/entity/ServerEntityTracker.cpp,114,289157466581,30931368,19,
EntityTracker,/Users/obey/Desktop/MyVoxelGame/src/server/entity/ServerEntityTracker.cpp,114,289442897801,21498852,19,
EntityTracker,/Users/obey/Desktop/MyVoxelGame/src/server/entity/ServerEntityTracker.cpp,114,289716578918,28381684,19,
EntityTracker,/Users/obey/Desktop/MyVoxelGame/src/server/entity/ServerEntityTracker.cpp,114,289965494863,29486315,19,
EntityTracker,/Users/obey/Desktop/MyVoxelGame/src/server/entity/ServerEntityTracker.cpp,114,290296167219,29914371,19,
EntityTracker,/Users/obey/Desktop/MyVoxelGame/src/server/entity/ServerEntityTracker.cpp,114,290562339346,27850676,19,
EntityTracker,/Users/obey/Desktop/MyVoxelGame/src/server/entity/ServerEntityTracker.cpp,114,290826101792,24889846,19,
EntityTracker,/Users/obey/Desktop/MyVoxelGame/src/server/entity/ServerEntityTracker.cpp,114,291084942948,26542878,19,
EntityTracker,/Users/obey/Desktop/MyVoxelGame/src/server/entity/ServerEntityTracker.cpp,114,291363767436,30579449,19,
EntityTracker,/Users/obey/Desktop/MyVoxelGame/src/server/entity/ServerEntityTracker.cpp,114,291628899673,23908658,19,
EntityTracker,/Users/obey/Desktop/MyVoxelGame/src/server/entity/ServerEntityTracker.cpp,114,291919836700,17894719,19,
EntityTracker,/Users/obey/Desktop/MyVoxelGame/src/server/entity/ServerEntityTracker.cpp,114,292185583330,29364495,19,
EntityTracker,/Users/obey/Desktop/MyVoxelGame/src/server/entity/ServerEntityTracker.cpp,114,292450230412,27382143,19,
EntityTracker,/Users/obey/Desktop/MyVoxelGame/src/server/entity/ServerEntityTracker.cpp,114,292732144300,29297502,19,
EntityTracker,/Users/obey/Desktop/MyVoxelGame/src/server/entity/ServerEntityTracker.cpp,114,293001600991,28374016,19,
EntityTracker,/Users/obey/Desktop/MyVoxelGame/src/server/entity/ServerEntityTracker.cpp,114,293253213565,14289311,19,
EntityTracker,/Users/obey/Desktop/MyVoxelGame/src/server/entity/ServerEntityTracker.cpp,114,293518408504,22289834,19,
EntityTracker,/Users/obey/Desktop/MyVoxelGame/src/server/entity/ServerEntityTracker.cpp,114,293803225081,27493113,19,
EntityTracker,/Users/obey/Desktop/MyVoxelGame/src/server/entity/ServerEntityTracker.cpp,114,294066164510,28606223,19,
EntityTracker,/Users/obey/Desktop/MyVoxelGame/src/server/entity/ServerEntityTracker.cpp,114,294360705551,34000876,19,
EntityTracker,/Users/obey/Desktop/MyVoxelGame/src/server/entity/ServerEntityTracker.cpp,114,294640950865,22794550,19,
EntityTracker,/Users/obey/Desktop/MyVoxelGame/src/server/entity/ServerEntityTracker.cpp,114,294934636557,27870176,19,
EntityTracker,/Users/obey/Desktop/MyVoxelGame/src/server/entity/ServerEntityTracker.cpp,114,295206750053,29377554,19,
EntityTracker,/Users/obey/Desktop/MyVoxelGame/src/server/entity/ServerEntityTracker.cpp,114,295473146612,23079915,19,
EntityTracker,/Users/obey/Desktop/MyVoxelGame/src/server/entity/ServerEntityTracker.cpp,114,295719976426,25538256,19,
EntityTracker,/Users/obey/Desktop/MyVoxelGame/src/server/entity/ServerEntityTracker.cpp,114,296004370505,17121196,19,
EntityTracker,/Users/obey/Desktop/MyVoxelGame/src/server/entity/ServerEntityTracker.cpp,114,296248000932,30126435,19,
EntityTracker,/Users/obey/Desktop/MyVoxelGame/src/server/entity/ServerEntityTracker.cpp,114,296532523457,29392971,19,
EntityTracker,/Users/obey/Desktop/MyVoxelGame/src/server/entity/ServerEntityTracker.cpp,114,296816056712,33260079,19,
EntityTracker,/Users/obey/Desktop/MyVoxelGame/src/server/entity/ServerEntityTracker.cpp,114,297080407366,25859701,19,
EntityTracker,/Users/obey/Desktop/MyVoxelGame/src/server/entity/ServerEntityTracker.cpp,114,297461962964,37962703,19,
EntityTracker,/Users/obey/Desktop/MyVoxelGame/src/server/entity/ServerEntityTracker.cpp,114,297759095893,28030930,19,
EntityTracker,/Users/obey/Desktop/MyVoxelGame/src/server/entity/ServerEntityTracker.cpp,114,298047841219,22978280,19,
EntityTracker,/Users/obey/Desktop/MyVoxelGame/src/server/entity/ServerEntityTracker.cpp,114,298346111215,33216003,19,
EntityTracker,/Users/obey/Desktop/MyVoxelGame/src/server/entity/ServerEntityTracker.cpp,114,298630620574,27241349,19,
EntityTracker,/Users/obey/Desktop/MyVoxelGame/src/server/entity/ServerEntityTracker.cpp,114,298884439163,18319799,19,
EntityTracker,/Users/obey/Desktop/MyVoxelGame/src/server/entity/ServerEntityTracker.cpp,114,299144818450,27718588,19,
EntityTracker,/Users/obey/Desktop/MyVoxelGame/src/server/entity/ServerEntityTracker.cpp,114,299422562030,28472486,19,
EntityTracker,/Users/obey/Desktop/MyVoxelGame/src/server/entity/ServerEntityTracker.cpp,114,299693673963,22429254,19,
EntityTracker,/Users/obey/Desktop/MyVoxelGame/src/server/entity/ServerEntityTracker.cpp,114,299973523257,28776912,19,
EntityTracker,/Users/obey/Desktop/MyVoxelGame/src/server/entity/ServerEntityTracker.cpp,114,300252603362,33225169,19,
EntityTracker,/Users/obey/Desktop/MyVoxelGame/src/server/entity/ServerEntityTracker.cpp,114,300531359856,28472945,19,
EntityTracker,/Users/obey/Desktop/MyVoxelGame/src/server/entity/ServerEntityTracker.cpp,114,300786303680,15747362,19,
EntityTracker,/Users/obey/Desktop/MyVoxelGame/src/server/entity/ServerEntityTracker.cpp,114,301049688248,27982454,19,
EntityTracker,/Users/obey/Desktop/MyVoxelGame/src/server/entity/ServerEntityTracker.cpp,114,301324898536,28391558,19,
EntityTracker,/Users/obey/Desktop/MyVoxelGame/src/server/entity/ServerEntityTracker.cpp,114,301598038171,30152995,19,
EntityTracker,/Users/obey/Desktop/MyVoxelGame/src/server/entity/ServerEntityTracker.cpp,114,301857686994,23406525,19,
EntityTracker,/Users/obey/Desktop/MyVoxelGame/src/server/entity/ServerEntityTracker.cpp,114,302241387613,32818958,19,
EntityTracker,/Users/obey/Desktop/MyVoxelGame/src/server/entity/ServerEntityTracker.cpp,114,302586450851,26536337,19,
EntityTracker,/Users/obey/Desktop/MyVoxelGame/src/server/entity/ServerEntityTracker.cpp,114,302870432120,30093959,19,
EntityTracker,/Users/obey/Desktop/MyVoxelGame/src/server/entity/ServerEntityTracker.cpp,114,303139090336,29649338,19,
EntityTracker,/Users/obey/Desktop/MyVoxelGame/src/server/entity/ServerEntityTracker.cpp,114,303488048908,28019389,19,
EntityTracker,/Users/obey/Desktop/MyVoxelGame/src/server/entity/ServerEntityTracker.cpp,114,303774962013,26028830,19,
EntityTracker,/Users/obey/Desktop/MyVoxelGame/src/server/entity/ServerEntityTracker.cpp,114,304030729811,22481832,19,
EntityTracker,/Users/obey/Desktop/MyVoxelGame/src/server/entity/ServerEntityTracker.cpp,114,304303003328,30999861,19,
EntityTracker,/Users/obey/Desktop/MyVoxelGame/src/server/entity/ServerEntityTracker.cpp,114,304588142640,27958812,19,
EntityTracker,/Users/obey/Desktop/MyVoxelGame/src/server/entity/ServerEntityTracker.cpp,114,304846400236,26199644,19,
EntityTracker,/Users/obey/Desktop/MyVoxelGame/src/server/entity/ServerEntityTracker.cpp,114,305122543779,27983912,19,
EntityTracker,/Users/obey/Desktop/MyVoxelGame/src/server/entity/ServerEntityTracker.cpp,114,305377490269,16876597,19,
EntityTracker,/Users/obey/Desktop/MyVoxelGame/src/server/entity/ServerEntityTracker.cpp,114,305648711421,28398117,19,
EntityTracker,/Users/obey/Desktop/MyVoxelGame/src/server/entity/ServerEntityTracker.cpp,114,305919379774,24751133,19,
EntityTracker,/Users/obey/Desktop/MyVoxelGame/src/server/entity/ServerEntityTracker.cpp,114,306241231550,20601950,19,
EntityTracker,/Users/obey/Desktop/MyVoxelGame/src/server/entity/ServerEntityTracker.cpp,114,306528128697,26998101,19,
EntityTracker,/Users/obey/Desktop/MyVoxelGame/src/server/entity/ServerEntityTracker.cpp,114,306803617061,32003566,19,
EntityTracker,/Users/obey/Desktop/MyVoxelGame/src/server/entity/ServerEntityTracker.cpp,114,307061739813,23867290,19,
EntityTracker,/Users/obey/Desktop/MyVoxelGame/src/server/entity/ServerEntityTracker.cpp,114,307315486017,25470596,19,
EntityTracker,/Users/obey/Desktop/MyVoxelGame/src/server/entity/ServerEntityTracker.cpp,114,307581633167,29666356,19,
EntityTracker,/Users/obey/Desktop/MyVoxelGame/src/server/entity/ServerEntityTracker.cpp,114,307895909685,29722789,19,
EntityTracker,/Users/obey/Desktop/MyVoxelGame/src/server/entity/ServerEntityTracker.cpp,114,308164683930,13353017,19,
EntityTracker,/Users/obey/Desktop/MyVoxelGame/src/server/entity/ServerEntityTracker.cpp,114,308424985456,26874988,19,
EntityTracker,/Users/obey/Desktop/MyVoxelGame/src/server/entity/ServerEntityTracker.cpp,114,308685735304,31960406,19,
EntityTracker,/Users/obey/Desktop/MyVoxelGame/src/server/entity/ServerEntityTracker.cpp,114,308981754040,30614633,19,
EntityTracker,/Users/obey/Desktop/MyVoxelGame/src/server/entity/ServerEntityTracker.cpp,114,309257661465,12784491,19,
EntityTracker,/Users/obey/Desktop/MyVoxelGame/src/server/entity/ServerEntityTracker.cpp,114,309530487132,30348410,19,
EntityTracker,/Users/obey/Desktop/MyVoxelGame/src/server/entity/ServerEntityTracker.cpp,114,309791136577,26738918,19,
EntityTracker,/Users/obey/Desktop/MyVoxelGame/src/server/entity/ServerEntityTracker.cpp,114,310078694443,21906998,19,
EntityTracker,/Users/obey/Desktop/MyVoxelGame/src/server/entity/ServerEntityTracker.cpp,114,310324377314,15657478,19,
EntityTracker,/Users/obey/Desktop/MyVoxelGame/src/server/entity/ServerEntityTracker.cpp,114,310646133456,27916210,19,
EntityTracker,/Users/obey/Desktop/MyVoxelGame/src/server/entity/ServerEntityTracker.cpp,114,310918714481,27793683,19,
EntityTracker,/Users/obey/Desktop/MyVoxelGame/src/server/entity/ServerEntityTracker.cpp,114,311168301669,27400953,19,
EntityTracker,/Users/obey/Desktop/MyVoxelGame/src/server/entity/ServerEntityTracker.cpp,114,311445088622,28918541,19,
EntityTracker,/Users/obey/Desktop/MyVoxelGame/src/server/entity/ServerEntityTracker.cpp,114,311755964295,30458670,19,
EntityTracker,/Users/obey/Desktop/MyVoxelGame/src/server/entity/ServerEntityTracker.cpp,114,312023704901,16369191,19,
EntityTracker,/Users/obey/Desktop/MyVoxelGame/src/server/entity/ServerEntityTracker.cpp,114,312298877755,29426322,19,
EntityTracker,/Users/obey/Desktop/MyVoxelGame/src/server/entity/ServerEntityTracker.cpp,114,312593686790,29295210,19,
EntityTracker,/Users/obey/Desktop/MyVoxelGame/src/server/entity/ServerEntityTracker.cpp,114,312847552539,16631956,19,
EntityTracker,/Users/obey/Desktop/MyVoxelGame/src/server/entity/ServerEntityTracker.cpp,114,313134524364,27715004,19,
EntityTracker,/Users/obey/Desktop/MyVoxelGame/src/server/entity/ServerEntityTracker.cpp,114,313391374276,20146104,19,
EntityTracker,/Users/obey/Desktop/MyVoxelGame/src/server/entity/ServerEntityTracker.cpp,114,313860399760,35637074,19,
EntityTracker,/Users/obey/Desktop/MyVoxelGame/src/server/entity/ServerEntityTracker.cpp,114,314182245368,28067632,19,
EntityTracker,/Users/obey/Desktop/MyVoxelGame/src/server/entity/ServerEntityTracker.cpp,114,314463197854,32286582,19,
EntityTracker,/Users/obey/Desktop/MyVoxelGame/src/server/entity/ServerEntityTracker.cpp,114,314729236143,25285240,19,
EntityTracker,/Users/obey/Desktop/MyVoxelGame/src/server/entity/ServerEntityTracker.cpp,114,315024740081,28541812,19,
EntityTracker,/Users/obey/Desktop/MyVoxelGame/src/server/entity/ServerEntityTracker.cpp,114,315293629813,20475672,19,
EntityTracker,/Users/obey/Desktop/MyVoxelGame/src/server/entity/ServerEntityTracker.cpp,114,315623321441,28028197,19,
EntityTracker,/Users/obey/Desktop/MyVoxelGame/src/server/entity/ServerEntityTracker.cpp,114,315897825450,28126459,19,
EntityTracker,/Users/obey/Desktop/MyVoxelGame/src/server/entity/ServerEntityTracker.cpp,114,316201515617,30152952,19,
EntityTracker,/Users/obey/Desktop/MyVoxelGame/src/server/entity/ServerEntityTracker.cpp,114,316497384057,31219317,19,
EntityTracker,/Users/obey/Desktop/MyVoxelGame/src/server/entity/ServerEntityTracker.cpp,114,316779458134,25834081,19,
EntityTracker,/Users/obey/Desktop/MyVoxelGame/src/server/entity/ServerEntityTracker.cpp,114,317115020429,29898020,19,
EntityTracker,/Users/obey/Desktop/MyVoxelGame/src/server/entity/ServerEntityTracker.cpp,114,317395235100,33711968,19,
EntityTracker,/Users/obey/Desktop/MyVoxelGame/src/server/entity/ServerEntityTracker.cpp,114,317670041744,25329717,19,
EntityTracker,/Users/obey/Desktop/MyVoxelGame/src/server/entity/ServerEntityTracker.cpp,114,317966215151,33569172,19,
EntityTracker,/Users/obey/Desktop/MyVoxelGame/src/server/entity/ServerEntityTracker.cpp,114,318251218875,22170613,19,
EntityTracker,/Users/obey/Desktop/MyVoxelGame/src/server/entity/ServerEntityTracker.cpp,114,318511376539,30716953,19,
EntityTracker,/Users/obey/Desktop/MyVoxelGame/src/server/entity/ServerEntityTracker.cpp,114,318777560432,22961304,19,
EntityTracker,/Users/obey/Desktop/MyVoxelGame/src/server/entity/ServerEntityTracker.cpp,114,319065189917,23086040,19,
EntityTracker,/Users/obey/Desktop/MyVoxelGame/src/server/entity/ServerEntityTracker.cpp,114,319316856509,28754477,19,
EntityTracker,/Users/obey/Desktop/MyVoxelGame/src/server/entity/ServerEntityTracker.cpp,114,319599616990,30595325,19,
EntityTracker,/Users/obey/Desktop/MyVoxelGame/src/server/entity/ServerEntityTracker.cpp,114,319852224336,15296557,19,
EntityTracker,/Users/obey/Desktop/MyVoxelGame/src/server/entity/ServerEntityTracker.cpp,114,320173690859,31614505,19,
EntityTracker,/Users/obey/Desktop/MyVoxelGame/src/server/entity/ServerEntityTracker.cpp,114,320460305472,26203209,19,
EntityTracker,/Users/obey/Desktop/MyVoxelGame/src/server/entity/ServerEntityTracker.cpp,114,320800187138,29243967,19,
EntityTracker,/Users/obey/Desktop/MyVoxelGame/src/server/entity/ServerEntityTracker.cpp,114,321128340512,29766474,19,
EntityTracker,/Users/obey/Desktop/MyVoxelGame/src/server/entity/ServerEntityTracker.cpp,114,321344410022,11183016,19,
EntityTracker,/Users/obey/Desktop/MyVoxelGame/src/server/entity/ServerEntityTracker.cpp,114,321547429900,9709756,19,
EntityTracker,/Users/obey/Desktop/MyVoxelGame/src/server/entity/ServerEntityTracker.cpp,114,321735488187,13398592,19,
EntityTracker,/Users/obey/Desktop/MyVoxelGame/src/server/entity/ServerEntityTracker.cpp,114,321918106095,9773460,19,
EntityTracker,/Users/obey/Desktop/MyVoxelGame/src/server/entity/ServerEntityTracker.cpp,114,322096146075,10924419,19,
EntityTracker,/Users/obey/Desktop/MyVoxelGame/src/server/entity/ServerEntityTracker.cpp,114,322274832925,10794013,19,
EntityTracker,/Users/obey/Desktop/MyVoxelGame/src/server/entity/ServerEntityTracker.cpp,114,322444094441,10484989,19,
EntityTracker,/Users/obey/Desktop/MyVoxelGame/src/server/entity/ServerEntityTracker.cpp,114,322631387456,10761564,19,
EntityTracker,/Users/obey/Desktop/MyVoxelGame/src/server/entity/ServerEntityTracker.cpp,114,322843491722,13018757,19,
EntityTracker,/Users/obey/Desktop/MyVoxelGame/src/server/entity/ServerEntityTracker.cpp,114,323024116279,10620076,19,
EntityTracker,/Users/obey/Desktop/MyVoxelGame/src/server/entity/ServerEntityTracker.cpp,114,323303768284,10811157,19,
EntityTracker,/Users/obey/Desktop/MyVoxelGame/src/server/entity/ServerEntityTracker.cpp,114,323503279514,9785644,19,
EntityTracker,/Users/obey/Desktop/MyVoxelGame/src/server/entity/ServerEntityTracker.cpp,114,323713323729,11277361,19,
EntityTracker,/Users/obey/Desktop/MyVoxelGame/src/server/entity/ServerEntityTracker.cpp,114,323904573511,11436259,19,
EntityTracker,/Users/obey/Desktop/MyVoxelGame/src/server/entity/ServerEntityTracker.cpp,114,324104777313,10861841,19,
EntityTracker,/Users/obey/Desktop/MyVoxelGame/src/server/entity/ServerEntityTracker.cpp,114,324323873397,11156850,19,
EntityTracker,/Users/obey/Desktop/MyVoxelGame/src/server/entity/ServerEntityTracker.cpp,114,324558273472,10817639,19,
EntityTracker,/Users/obey/Desktop/MyVoxelGame/src/server/entity/ServerEntityTracker.cpp,114,324737749611,11853321,19,
EntityTracker,/Users/obey/Desktop/MyVoxelGame/src/server/entity/ServerEntityTracker.cpp,114,324993391214,15853749,19,
EntityTracker,/Users/obey/Desktop/MyVoxelGame/src/server/entity/ServerEntityTracker.cpp,114,325227737379,10287300,19,
EntityTracker,/Users/obey/Desktop/MyVoxelGame/src/server/entity/ServerEntityTracker.cpp,114,325442141439,15019525,19,
EntityTracker,/Users/obey/Desktop/MyVoxelGame/src/server/entity/ServerEntityTracker.cpp,114,325649158270,12159622,19,
EntityTracker,/Users/obey/Desktop/MyVoxelGame/src/server/entity/ServerEntityTracker.cpp,114,325871100921,12118397,19,
EntityTracker,/Users/obey/Desktop/MyVoxelGame/src/server/entity/ServerEntityTracker.cpp,114,326109834310,20952244,19,
EntityTracker,/Users/obey/Desktop/MyVoxelGame/src/server/entity/ServerEntityTracker.cpp,114,326320877478,11351665,19,
EntityTracker,/Users/obey/Desktop/MyVoxelGame/src/server/entity/ServerEntityTracker.cpp,114,326555742025,10956812,19,
EntityTracker,/Users/obey/Desktop/MyVoxelGame/src/server/entity/ServerEntityTracker.cpp,114,326762525149,21072838,19,
EntityTracker,/Users/obey/Desktop/MyVoxelGame/src/server/entity/ServerEntityTracker.cpp,114,327000005208,19008560,19,
EntityTracker,/Users/obey/Desktop/MyVoxelGame/src/server/entity/ServerEntityTracker.cpp,114,327215596270,15877225,19,
EntityTracker,/Users/obey/Desktop/MyVoxelGame/src/server/entity/ServerEntityTracker.cpp,114,327409829918,11882130,19,
EntityTracker,/Users/obey/Desktop/MyVoxelGame/src/server/entity/ServerEntityTracker.cpp,114,327622696499,13197052,19,
EntityTracker,/Users/obey/Desktop/MyVoxelGame/src/server/entity/ServerEntityTracker.cpp,114,327894225576,10608201,19,
EntityTracker,/Users/obey/Desktop/MyVoxelGame/src/server/entity/ServerEntityTracker.cpp,114,328091562893,12355453,19,
EntityTracker,/Users/obey/Desktop/MyVoxelGame/src/server/entity/ServerEntityTracker.cpp,114,328289069212,11583748,19,
EntityTracker,/Users/obey/Desktop/MyVoxelGame/src/server/entity/ServerEntityTracker.cpp,114,328508400604,15296100,19,
EntityTracker,/Users/obey/Desktop/MyVoxelGame/src/server/entity/ServerEntityTracker.cpp,114,328715866490,11740893,19,
EntityTracker,/Users/obey/Desktop/MyVoxelGame/src/server/entity/ServerEntityTracker.cpp,114,328923796388,15964195,19,
EntityTracker,/Users/obey/Desktop/MyVoxelGame/src/server/entity/ServerEntityTracker.cpp,114,329119130462,12639235,19,
EntityTracker,/Users/obey/Desktop/MyVoxelGame/src/server/entity/ServerEntityTracker.cpp,114,329344907728,12595428,19,
EntityTracker,/Users/obey/Desktop/MyVoxelGame/src/server/entity/ServerEntityTracker.cpp,114,329570586192,9129399,19,
EntityTracker,/Users/obey/Desktop/MyVoxelGame/src/server/entity/ServerEntityTracker.cpp,114,329778446115,12420239,19,
EntityTracker,/Users/obey/Desktop/MyVoxelGame/src/server/entity/ServerEntityTracker.cpp,114,329981904888,13524265,19,
EntityTracker,/Users/obey/Desktop/MyVoxelGame/src/server/entity/ServerEntityTracker.cpp,114,330197488760,10314524,19,
EntityTracker,/Users/obey/Desktop/MyVoxelGame/src/server/entity/ServerEntityTracker.cpp,114,330378785394,9420724,19,
EntityTracker,/Users/obey/Desktop/MyVoxelGame/src/server/entity/ServerEntityTracker.cpp,114,330613018964,10254617,19,
EntityTracker,/Users/obey/Desktop/MyVoxelGame/src/server/entity/ServerEntityTracker.cpp,114,330818609319,9643806,19,
EntityTracker,/Users/obey/Desktop/MyVoxelGame/src/server/entity/ServerEntityTracker.cpp,114,330999460875,15096268,19,
EntityTracker,/Users/obey/Desktop/MyVoxelGame/src/server/entity/ServerEntityTracker.cpp,114,331219493420,10396978,19,
EntityTracker,/Users/obey/Desktop/MyVoxelGame/src/server/entity/ServerEntityTracker.cpp,114,331407520898,10788433,19,
EntityTracker,/Users/obey/Desktop/MyVoxelGame/src/server/entity/ServerEntityTracker.cpp,114,331614348998,11868005,19,
EntityTracker,/Users/obey/Desktop/MyVoxelGame/src/server/entity/ServerEntityTracker.cpp,114,331809222599,13463128,19,
EntityTracker,/Users/obey/Desktop/MyVoxelGame/src/server/entity/ServerEntityTracker.cpp,114,332011082892,10339484,19,
EntityTracker,/Users/obey/Desktop/MyVoxelGame/src/server/entity/ServerEntityTracker.cpp,114,332219473180,10613910,19,
EntityTracker,/Users/obey/Desktop/MyVoxelGame/src/server/entity/ServerEntityTracker.cpp,114,332412948638,11610431,19,
EntityTracker,/Users/obey/Desktop/MyVoxelGame/src/server/entity/ServerEntityTracker.cpp,114,332596729007,12378220,19,
EntityTracker,/Users/obey/Desktop/MyVoxelGame/src/server/entity/ServerEntityTracker.cpp,114,332793206771,11595472,19,
EntityTracker,/Users/obey/Desktop/MyVoxelGame/src/server/entity/ServerEntityTracker.cpp,114,332986763617,10502629,19,
EntityTracker,/Users/obey/Desktop/MyVoxelGame/src/server/entity/ServerEntityTracker.cpp,114,333175499583,11321354,19,
EntityTracker,/Users/obey/Desktop/MyVoxelGame/src/server/entity/ServerEntityTracker.cpp,114,333423828924,10191038,19,
EntityTracker,/Users/obey/Desktop/MyVoxelGame/src/server/entity/ServerEntityTracker.cpp,114,333645125415,10314027,19,
EntityTracker,/Users/obey/Desktop/MyVoxelGame/src/server/entity/ServerEntityTracker.cpp,114,333845301266,12744474,19,
EntityTracker,/Users/obey/Desktop/MyVoxelGame/src/server/entity/ServerEntityTracker.cpp,114,334049433902,10895735,19,
EntityTracker,/Users/obey/Desktop/MyVoxelGame/src/server/entity/ServerEntityTracker.cpp,114,334255837190,11054447,19,
EntityTracker,/Users/obey/Desktop/MyVoxelGame/src/server/entity/ServerEntityTracker.cpp,114,334461944409,13295123,19,
EntityTracker,/Users/obey/Desktop/MyVoxelGame/src/server/entity/ServerEntityTracker.cpp,114,334654453988,11967726,19,
EntityTracker,/Users/obey/Desktop/MyVoxelGame/src/server/entity/ServerEntityTracker.cpp,114,334912290673,12567286,19,
EntityTracker,/Users/obey/Desktop/MyVoxelGame/src/server/entity/ServerEntityTracker.cpp,114,335129839795,19214825,19,
EntityTracker,/Users/obey/Desktop/MyVoxelGame/src/server/entity/ServerEntityTracker.cpp,114,335337073057,10768271,19,
EntityTracker,/Users/obey/Desktop/MyVoxelGame/src/server/entity/ServerEntityTracker.cpp,114,335545891632,13049192,19,
EntityTracker,/Users/obey/Desktop/MyVoxelGame/src/server/entity/ServerEntityTracker.cpp,114,335789818026,14076605,19,
EntityTracker,/Users/obey/Desktop/MyVoxelGame/src/server/entity/ServerEntityTracker.cpp,114,335987585088,10107154,19,
EntityTracker,/Users/obey/Desktop/MyVoxelGame/src/server/entity/ServerEntityTracker.cpp,114,336221888760,20383245,19,
EntityTracker,/Users/obey/Desktop/MyVoxelGame/src/server/entity/ServerEntityTracker.cpp,114,336404398616,11729293,19,
EntityTracker,/Users/obey/Desktop/MyVoxelGame/src/server/entity/ServerEntityTracker.cpp,114,336638746657,10154770,19,
EntityTracker,/Users/obey/Desktop/MyVoxelGame/src/server/entity/ServerEntityTracker.cpp,114,336854619852,13927017,19,
EntityTracker,/Users/obey/Desktop/MyVoxelGame/src/server/entity/ServerEntityTracker.cpp,114,337057208342,8500904,19,
EntityTracker,/Users/obey/Desktop/MyVoxelGame/src/server/entity/ServerEntityTracker.cpp,114,337263530285,13617090,19,
EntityTracker,/Users/obey/Desktop/MyVoxelGame/src/server/entity/ServerEntityTracker.cpp,114,337484018052,12078652,19,
EntityTracker,/Users/obey/Desktop/MyVoxelGame/src/server/entity/ServerEntityTracker.cpp,114,337676184004,12272525,19,
EntityTracker,/Users/obey/Desktop/MyVoxelGame/src/server/entity/ServerEntityTracker.cpp,114,337864422731,11435968,19,
EntityTracker,/Users/obey/Desktop/MyVoxelGame/src/server/entity/ServerEntityTracker.cpp,114,338098498779,15524490,19,
EntityTracker,/Users/obey/Desktop/MyVoxelGame/src/server/entity/ServerEntityTracker.cpp,114,338304419411,13806739,19,
EntityTracker,/Users/obey/Desktop/MyVoxelGame/src/server/entity/ServerEntityTracker.cpp,114,338497755782,12892419,19,
EntityTracker,/Users/obey/Desktop/MyVoxelGame/src/server/entity/ServerEntityTracker.cpp,114,338720557843,15835958,19,
EntityTracker,/Users/obey/Desktop/MyVoxelGame/src/server/entity/ServerEntityTracker.cpp,114,338945314554,15963004,19,
EntityTracker,/Users/obey/Desktop/MyVoxelGame/src/server/entity/ServerEntityTracker.cpp,114,339113833548,10465073,19,
EntityTracker,/Users/obey/Desktop/MyVoxelGame/src/server/entity/ServerEntityTracker.cpp,114,339373091493,19020411,19,
EntityTracker,/Users/obey/Desktop/MyVoxelGame/src/server/entity/ServerEntityTracker.cpp,114,339596286991,12219908,19,
EntityTracker,/Users/obey/Desktop/MyVoxelGame/src/server/entity/ServerEntityTracker.cpp,114,339850074481,10664802,19,
EntityTracker,/Users/obey/Desktop/MyVoxelGame/src/server/entity/ServerEntityTracker.cpp,114,340063563621,9830744,19,
EntityTracker,/Users/obey/Desktop/MyVoxelGame/src/server/entity/ServerEntityTracker.cpp,114,340235927705,11455861,19,
EntityTracker,/Users/obey/Desktop/MyVoxelGame/src/server/entity/ServerEntityTracker.cpp,114,340472301966,10278923,19,
EntityTracker,/Users/obey/Desktop/MyVoxelGame/src/server/entity/ServerEntityTracker.cpp,114,340691034213,13853690,19,
EntityTracker,/Users/obey/Desktop/MyVoxelGame/src/server/entity/ServerEntityTracker.cpp,114,340885180433,11563372,19,
EntityTracker,/Users/obey/Desktop/MyVoxelGame/src/server/entity/ServerEntityTracker.cpp,114,341081955375,13531288,19,
EntityTracker,/Users/obey/Desktop/MyVoxelGame/src/server/entity/ServerEntityTracker.cpp,114,341325957011,14461333,19,
EntityTracker,/Users/obey/Desktop/MyVoxelGame/src/server/entity/ServerEntityTracker.cpp,114,341553399287,10494048,19,
EntityTracker,/Users/obey/Desktop/MyVoxelGame/src/server/entity/ServerEntityTracker.cpp,114,341732717213,8234622,19,
EntityTracker,/Users/obey/Desktop/MyVoxelGame/src/server/entity/ServerEntityTracker.cpp,114,341976287729,17343503,19,
EntityTracker,/Users/obey/Desktop/MyVoxelGame/src/server/entity/ServerEntityTracker.cpp,114,342193039476,15178862,19,
EntityTracker,/Users/obey/Desktop/MyVoxelGame/src/server/entity/ServerEntityTracker.cpp,114,342385681484,11282255,19,
EntityTracker,/Users/obey/Desktop/MyVoxelGame/src/server/entity/ServerEntityTracker.cpp,114,342618745577,14390548,19,
EntityTracker,/Users/obey/Desktop/MyVoxelGame/src/server/entity/ServerEntityTracker.cpp,114,342833108663,10195622,19,
EntityTracker,/Users/obey/Desktop/MyVoxelGame/src/server/entity/ServerEntityTracker.cpp,114,343067703218,12435364,19,
EntityTracker,/Users/obey/Desktop/MyVoxelGame/src/server/entity/ServerEntityTracker.cpp,114,343281361714,10208015,19,
EntityTracker,/Users/obey/Desktop/MyVoxelGame/src/server/entity/ServerEntityTracker.cpp,114,343474006531,11018639,19,
EntityTracker,/Users/obey/Desktop/MyVoxelGame/src/server/entity/ServerEntityTracker.cpp,114,343664225858,10417538,19,
EntityTracker,/Users/obey/Desktop/MyVoxelGame/src/server/entity/ServerEntityTracker.cpp,114,343845796611,11251029,19,
EntityTracker,/Users/obey/Desktop/MyVoxelGame/src/server/entity/ServerEntityTracker.cpp,114,344027753608,8584023,19,
EntityTracker,/Users/obey/Desktop/MyVoxelGame/src/server/entity/ServerEntityTracker.cpp,114,344266767630,12137705,19,
EntityTracker,/Users/obey/Desktop/MyVoxelGame/src/server/entity/ServerEntityTracker.cpp,114,344499590082,14860771,19,
EntityTracker,/Users/obey/Desktop/MyVoxelGame/src/server/entity/ServerEntityTracker.cpp,114,344689269010,9220101,19,
EntityTracker,/Users/obey/Desktop/MyVoxelGame/src/server/entity/ServerEntityTracker.cpp,114,344961422374,23123034,19,
EntityTracker,/Users/obey/Desktop/MyVoxelGame/src/server/entity/ServerEntityTracker.cpp,114,345171777804,13373992,19,
EntityTracker,/Users/obey/Desktop/MyVoxelGame/src/server/entity/ServerEntityTracker.cpp,114,345365590498,9688198,19,
EntityTracker,/Users/obey/Desktop/MyVoxelGame/src/server/entity/ServerEntityTracker.cpp,114,345555248467,8797188,19,
EntityTracker,/Users/obey/Desktop/MyVoxelGame/src/server/entity/ServerEntityTracker.cpp,114,345848209262,13347784,19,
EntityTracker,/Users/obey/Desktop/MyVoxelGame/src/server/entity/ServerEntityTracker.cpp,114,346064526263,10902276,19,
EntityTracker,/Users/obey/Desktop/MyVoxelGame/src/server/entity/ServerEntityTracker.cpp,114,346272377627,10508131,19,
EntityTracker,/Users/obey/Desktop/MyVoxelGame/src/server/entity/ServerEntityTracker.cpp,114,346456857774,10074052,19,
EntityTracker,/Users/obey/Desktop/MyVoxelGame/src/server/entity/ServerEntityTracker.cpp,114,346682416835,14180532,19,
EntityTracker,/Users/obey/Desktop/MyVoxelGame/src/server/entity/ServerEntityTracker.cpp,114,346892559225,14083979,19,
EntityTracker,/Users/obey/Desktop/MyVoxelGame/src/server/entity/ServerEntityTracker.cpp,114,347070093074,12059152,19,
EntityTracker,/Users/obey/Desktop/MyVoxelGame/src/server/entity/ServerEntityTracker.cpp,114,347257922946,11730417,19,
EntityTracker,/Users/obey/Desktop/MyVoxelGame/src/server/entity/ServerEntityTracker.cpp,114,347424555101,10848426,19,
EntityTracker,/Users/obey/Desktop/MyVoxelGame/src/server/entity/ServerEntityTracker.cpp,114,347642051312,9924964,19,
EntityTracker,/Users/obey/Desktop/MyVoxelGame/src/server/entity/ServerEntityTracker.cpp,114,347845213760,12656463,19,
EntityTracker,/Users/obey/Desktop/MyVoxelGame/src/server/entity/ServerEntityTracker.cpp,114,348052316410,9286178,19,
EntityTracker,/Users/obey/Desktop/MyVoxelGame/src/server/entity/ServerEntityTracker.cpp,114,348221594178,9823810,19,
EntityTracker,/Users/obey/Desktop/MyVoxelGame/src/server/entity/ServerEntityTracker.cpp,114,348476337795,16114158,19,
EntityTracker,/Users/obey/Desktop/MyVoxelGame/src/server/entity/ServerEntityTracker.cpp,114,348675324084,12974240,19,
EntityTracker,/Users/obey/Desktop/MyVoxelGame/src/server/entity/ServerEntityTracker.cpp,114,348904095550,10026309,19,
EntityTracker,/Users/obey/Desktop/MyVoxelGame/src/server/entity/ServerEntityTracker.cpp,114,349089010611,12437422,19,
EntityTracker,/Users/obey/Desktop/MyVoxelGame/src/server/entity/ServerEntityTracker.cpp,114,349343008847,17275700,19,
EntityTracker,/Users/obey/Desktop/MyVoxelGame/src/server/entity/ServerEntityTracker.cpp,114,349567043612,12383596,19,
EntityTracker,/Users/obey/Desktop/MyVoxelGame/src/server/entity/ServerEntityTracker.cpp,114,349813385436,16754236,19,
EntityTracker,/Users/obey/Desktop/MyVoxelGame/src/server/entity/ServerEntityTracker.cpp,114,350055320271,11090440,19,
EntityTracker,/Users/obey/Desktop/MyVoxelGame/src/server/entity/ServerEntityTracker.cpp,114,350262139953,8743796,19,
EntityTracker,/Users/obey/Desktop/MyVoxelGame/src/server/entity/ServerEntityTracker.cpp,114,350434438003,11779578,19,
EntityTracker,/Users/obey/Desktop/MyVoxelGame/src/server/entity/ServerEntityTracker.cpp,114,350642133487,10199039,19,
EntityTracker,/Users/obey/Desktop/MyVoxelGame/src/server/entity/ServerEntityTracker.cpp,114,350843323501,12220717,19,
EntityTracker,/Users/obey/Desktop/MyVoxelGame/src/server/entity/ServerEntityTracker.cpp,114,351056695339,13207237,19,
EntityTracker,/Users/obey/Desktop/MyVoxelGame/src/server/entity/ServerEntityTracker.cpp,114,351250859494,11703816,19,
EntityTracker,/Users/obey/Desktop/MyVoxelGame/src/server/entity/ServerEntityTracker.cpp,114,351428544263,11162433,19,
EntityTracker,/Users/obey/Desktop/MyVoxelGame/src/server/entity/ServerEntityTracker.cpp,114,351668327849,14951072,19,
EntityTracker,/Users/obey/Desktop/MyVoxelGame/src/server/entity/ServerEntityTracker.cpp,114,351903023974,13019531,19,
EntityTracker,/Users/obey/Desktop/MyVoxelGame/src/server/entity/ServerEntityTracker.cpp,114,352083203560,13552431,19,
EntityTracker,/Users/obey/Desktop/MyVoxelGame/src/server/entity/ServerEntityTracker.cpp,114,352285033526,9670365,19,
EntityTracker,/Users/obey/Desktop/MyVoxelGame/src/server/entity/ServerEntityTracker.cpp,114,352491223650,10074926,19,
EntityTracker,/Users/obey/Desktop/MyVoxelGame/src/server/entity/ServerEntityTracker.cpp,114,352688289290,10329710,19,
EntityTracker,/Users/obey/Desktop/MyVoxelGame/src/server/entity/ServerEntityTracker.cpp,114,352869120637,10381976,19,
EntityTracker,/Users/obey/Desktop/MyVoxelGame/src/server/entity/ServerEntityTracker.cpp,114,353002049074,6721968,19,
EntityTracker,/Users/obey/Desktop/MyVoxelGame/src/server/entity/ServerEntityTracker.cpp,114,353179007896,10391704,19,
EntityTracker,/Users/obey/Desktop/MyVoxelGame/src/server/entity/ServerEntityTracker.cpp,114,353330459480,8716719,19,
EntityTracker,/Users/obey/Desktop/MyVoxelGame/src/server/entity/ServerEntityTracker.cpp,114,353477011902,9519317,19,
EntityTracker,/Users/obey/Desktop/MyVoxelGame/src/server/entity/ServerEntityTracker.cpp,114,353628489252,8198211,19,
EntityTracker,/Users/obey/Desktop/MyVoxelGame/src/server/entity/ServerEntityTracker.cpp,114,353770351758,9442990,19,
EntityTracker,/Users/obey/Desktop/MyVoxelGame/src/server/entity/ServerEntityTracker.cpp,114,353907917884,7900678,19,
EntityTracker,/Users/obey/Desktop/MyVoxelGame/src/server/entity/ServerEntityTracker.cpp,114,354027896657,6758863,19,
EntityTracker,/Users/obey/Desktop/MyVoxelGame/src/server/entity/ServerEntityTracker.cpp,114,354192445326,9761334,19,
EntityTracker,/Users/obey/Desktop/MyVoxelGame/src/server/entity/ServerEntityTracker.cpp,114,354371915965,10348752,19,
EntityTracker,/Users/obey/Desktop/MyVoxelGame/src/server/entity/ServerEntityTracker.cpp,114,354553970724,11131416,19,
EntityTracker,/Users/obey/Desktop/MyVoxelGame/src/server/entity/ServerEntityTracker.cpp,114,354710638730,9173149,19,
EntityTracker,/Users/obey/Desktop/MyVoxelGame/src/server/entity/ServerEntityTracker.cpp,114,354915848399,15838249,19,
EntityTracker,/Users/obey/Desktop/MyVoxelGame/src/server/entity/ServerEntityTracker.cpp,114,355122670040,11121232,19,
EntityTracker,/Users/obey/Desktop/MyVoxelGame/src/server/entity/ServerEntityTracker.cpp,114,355284885479,9011329,19,
EntityTracker,/Users/obey/Desktop/MyVoxelGame/src/server/entity/ServerEntityTracker.cpp,114,355543029273,11255653,19,
EntityTracker,/Users/obey/Desktop/MyVoxelGame/src/server/entity/ServerEntityTracker.cpp,114,355768596351,10877383,19,
EntityTracker,/Users/obey/Desktop/MyVoxelGame/src/server/entity/ServerEntityTracker.cpp,114,355932677570,9015746,19,
EntityTracker,/Users/obey/Desktop/MyVoxelGame/src/server/entity/ServerEntityTracker.cpp,114,356084491199,7427604,19,
EntityTracker,/Users/obey/Desktop/MyVoxelGame/src/server/entity/ServerEntityTracker.cpp,114,356247611790,9051430,19,
EntityTracker,/Users/obey/Desktop/MyVoxelGame/src/server/entity/ServerEntityTracker.cpp,114,356384655826,6825670,19,
EntityTracker,/Users/obey/Desktop/MyVoxelGame/src/server/entity/ServerEntityTracker.cpp,114,356555346111,8762087,19,
EntityTracker,/Users/obey/Desktop/MyVoxelGame/src/server/entity/ServerEntityTracker.cpp,114,356709386022,7393546,19,
EntityTracker,/Users/obey/Desktop/MyVoxelGame/src/server/entity/ServerEntityTracker.cpp,114,356834600946,6031963,19,
EntityTracker,/Users/obey/Desktop/MyVoxelGame/src/server/entity/ServerEntityTracker.cpp,114,357061741027,10364561,19,
EntityTracker,/Users/obey/Desktop/MyVoxelGame/src/server/entity/ServerEntityTracker.cpp,114,357207960939,7134655,19,
EntityTracker,/Users/obey/Desktop/MyVoxelGame/src/server/entity/ServerEntityTracker.cpp,114,357377420437,8916924,19,
EntityTracker,/Users/obey/Desktop/MyVoxelGame/src/server/entity/ServerEntityTracker.cpp,114,357519536891,6637523,19,
EntityTracker,/Users/obey/Desktop/MyVoxelGame/src/server/entity/ServerEntityTracker.cpp,114,357661119903,8470163,19,
EntityTracker,/Users/obey/Desktop/MyVoxelGame/src/server/entity/ServerEntityTracker.cpp,114,357795261753,7011168,19,
EntityTracker,/Users/obey/Desktop/MyVoxelGame/src/server/entity/ServerEntityTracker.cpp,114,357945188333,8500322,19,
EntityTracker,/Users/obey/Desktop/MyVoxelGame/src/server/entity/ServerEntityTracker.cpp,114,358085509709,6605105,19,
EntityTracker,/Users/obey/Desktop/MyVoxelGame/src/server/entity/ServerEntityTracker.cpp,114,358224831771,7400963,19,
EntityTracker,/Users/obey/Desktop/MyVoxelGame/src/server/entity/ServerEntityTracker.cpp,114,358347288178,6846414,19,
EntityTracker,/Users/obey/Desktop/MyVoxelGame/src/server/entity/ServerEntityTracker.cpp,114,358520584891,8723319,19,
EntityTracker,/Users/obey/Desktop/MyVoxelGame/src/server/entity/ServerEntityTracker.cpp,114,358673628347,8977252,19,
EntityTracker,/Users/obey/Desktop/MyVoxelGame/src/server/entity/ServerEntityTracker.cpp,114,358812989369,7703614,19,
EntityTracker,/Users/obey/Desktop/MyVoxelGame/src/server/entity/ServerEntityTracker.cpp,114,358980348446,10481463,19,
EntityTracker,/Users/obey/Desktop/MyVoxelGame/src/server/entity/ServerEntityTracker.cpp,114,359165623341,7761733,19,
EntityLoad.Read,/Users/obey/Desktop/MyVoxelGame/src/server/level/LevelEntityStore.cpp,104,13436875907,23458,19,
EntityLoad.Read,/Users/obey/Desktop/MyVoxelGame/src/server/level/LevelEntityStore.cpp,104,13536885267,49601,19,
EntityLoad.Read,/Users/obey/Desktop/MyVoxelGame/src/server/level/LevelEntityStore.cpp,104,13536946428,6708,19,
EntityLoad.Read,/Users/obey/Desktop/MyVoxelGame/src/server/level/LevelEntityStore.cpp,104,13636964413,24518,19,
EntityLoad.Read,/Users/obey/Desktop/MyVoxelGame/src/server/level/LevelEntityStore.cpp,104,13786900242,34560,19,
EntityLoad.Read,/Users/obey/Desktop/MyVoxelGame/src/server/level/LevelEntityStore.cpp,104,13786951736,3209,19,
EntityLoad.Read,/Users/obey/Desktop/MyVoxelGame/src/server/level/LevelEntityStore.cpp,104,13886896895,47660,19,
EntityLoad.Read,/Users/obey/Desktop/MyVoxelGame/src/server/level/LevelEntityStore.cpp,104,13936969202,39225,19,
EntityLoad.Read,/Users/obey/Desktop/MyVoxelGame/src/server/level/LevelEntityStore.cpp,104,13937014969,2667,19,
EntityLoad.Read,/Users/obey/Desktop/MyVoxelGame/src/server/level/LevelEntityStore.cpp,104,13986883279,20309,19,
EntityLoad.Read,/Users/obey/Desktop/MyVoxelGame/src/server/level/LevelEntityStore.cpp,104,14037129775,31143,19,
EntityLoad.Read,/Users/obey/Desktop/MyVoxelGame/src/server/level/LevelEntityStore.cpp,104,14037176460,3041,19,
EntityLoad.Read,/Users/obey/Desktop/MyVoxelGame/src/server/level/LevelEntityStore.cpp,104,14187224152,35476,19,
EntityLoad.Read,/Users/obey/Desktop/MyVoxelGame/src/server/level/LevelEntityStore.cpp,104,14336900508,69410,19,
EntityLoad.Read,/Users/obey/Desktop/MyVoxelGame/src/server/level/LevelEntityStore.cpp,104,14386892637,40810,19,
EntityLoad.Read,/Users/obey/Desktop/MyVoxelGame/src/server/level/LevelEntityStore.cpp,104,14386939322,2416,19,
EntityLoad.Read,/Users/obey/Desktop/MyVoxelGame/src/server/level/LevelEntityStore.cpp,104,14439639183,37184,19,
EntityLoad.Read,/Users/obey/Desktop/MyVoxelGame/src/server/level/LevelEntityStore.cpp,104,14439683384,2125,19,
EntityLoad.Read,/Users/obey/Desktop/MyVoxelGame/src/server/level/LevelEntityStore.cpp,104,14486877313,21351,19,
EntityLoad.Read,/Users/obey/Desktop/MyVoxelGame/src/server/level/LevelEntityStore.cpp,104,14486905622,1625,19,
EntityLoad.Read,/Users/obey/Desktop/MyVoxelGame/src/server/level/LevelEntityStore.cpp,104,14537895042,24642,19,
EntityLoad.Read,/Users/obey/Desktop/MyVoxelGame/src/server/level/LevelEntityStore.cpp,104,14537925850,3417,19,
EntityLoad.Read,/Users/obey/Desktop/MyVoxelGame/src/server/level/LevelEntityStore.cpp,104,14587451174,89595,19,
EntityLoad.Read,/Users/obey/Desktop/MyVoxelGame/src/server/level/LevelEntityStore.cpp,104,14587552394,2791,19,
EntityLoad.Read,/Users/obey/Desktop/MyVoxelGame/src/server/level/LevelEntityStore.cpp,104,14738743320,98011,19,
EntityLoad.Read,/Users/obey/Desktop/MyVoxelGame/src/server/level/LevelEntityStore.cpp,104,14738850098,2834,19,
EntityLoad.Read,/Users/obey/Desktop/MyVoxelGame/src/server/level/LevelEntityStore.cpp,104,14786897269,47370,19,
EntityLoad.Read,/Users/obey/Desktop/MyVoxelGame/src/server/level/LevelEntityStore.cpp,104,14888489044,40060,19,
EntityLoad.Read,/Users/obey/Desktop/MyVoxelGame/src/server/level/LevelEntityStore.cpp,104,14986881848,66910,19,
EntityLoad.Read,/Users/obey/Desktop/MyVoxelGame/src/server/level/LevelEntityStore.cpp,104,15137864501,115261,19,
EntityLoad.Read,/Users/obey/Desktop/MyVoxelGame/src/server/level/LevelEntityStore.cpp,104,15286888178,126280,19,
EntityLoad.Read,/Users/obey/Desktop/MyVoxelGame/src/server/level/LevelEntityStore.cpp,104,15336935595,41433,19,
EntityLoad.Read,/Users/obey/Desktop/MyVoxelGame/src/server/level/LevelEntityStore.cpp,104,15337014005,4642,19,
EntityLoad.Read,/Users/obey/Desktop/MyVoxelGame/src/server/level/LevelEntityStore.cpp,104,15388303807,24183,19,
EntityLoad.Read,/Users/obey/Desktop/MyVoxelGame/src/server/level/LevelEntityStore.cpp,104,15438648772,50685,19,
EntityLoad.Read,/Users/obey/Desktop/MyVoxelGame/src/server/level/LevelEntityStore.cpp,104,15487110773,25017,19,
EntityLoad.Read,/Users/obey/Desktop/MyVoxelGame/src/server/level/LevelEntityStore.cpp,104,15538645532,18601,19,
EntityLoad.Read,/Users/obey/Desktop/MyVoxelGame/src/server/level/LevelEntityStore.cpp,104,15586879534,22435,19,
EntityLoad.Read,/Users/obey/Desktop/MyVoxelGame/src/server/level/LevelEntityStore.cpp,104,15586905844,14916,19,
EntityLoad.Read,/Users/obey/Desktop/MyVoxelGame/src/server/level/LevelEntityStore.cpp,104,15637246124,14893,19,
EntityLoad.Read,/Users/obey/Desktop/MyVoxelGame/src/server/level/LevelEntityStore.cpp,104,15686886937,106053,19,
EntityLoad.Read,/Users/obey/Desktop/MyVoxelGame/src/server/level/LevelEntityStore.cpp,104,15736957202,32767,19,
EntityLoad.Read,/Users/obey/Desktop/MyVoxelGame/src/server/level/LevelEntityStore.cpp,104,15787210723,16726,19,
EntityLoad.Read,/Users/obey/Desktop/MyVoxelGame/src/server/level/LevelEntityStore.cpp,104,15836884884,19852,19,
EntityLoad.Read,/Users/obey/Desktop/MyVoxelGame/src/server/level/LevelEntityStore.cpp,104,15888779956,15083,19,
EntityLoad.Read,/Users/obey/Desktop/MyVoxelGame/src/server/level/LevelEntityStore.cpp,104,15936887870,55910,19,
EntityLoad.Read,/Users/obey/Desktop/MyVoxelGame/src/server/level/LevelEntityStore.cpp,104,15989037582,44351,19,
EntityLoad.Read,/Users/obey/Desktop/MyVoxelGame/src/server/level/LevelEntityStore.cpp,104,16136898341,31060,19,
EntityLoad.Read,/Users/obey/Desktop/MyVoxelGame/src/server/level/LevelEntityStore.cpp,104,16186892512,58535,19,
EntityLoad.Read,/Users/obey/Desktop/MyVoxelGame/src/server/level/LevelEntityStore.cpp,104,16286889997,109012,19,
EntityLoad.Read,/Users/obey/Desktop/MyVoxelGame/src/server/level/LevelEntityStore.cpp,104,16386856715,41143,19,
EntityLoad.Read,/Users/obey/Desktop/MyVoxelGame/src/server/level/LevelEntityStore.cpp,104,16386903317,4708,19,
EntityLoad.Read,/Users/obey/Desktop/MyVoxelGame/src/server/level/LevelEntityStore.cpp,104,16436869095,30518,19,
EntityLoad.Read,/Users/obey/Desktop/MyVoxelGame/src/server/level/LevelEntityStore.cpp,104,16436907631,3833,19,
EntityLoad.Read,/Users/obey/Desktop/MyVoxelGame/src/server/level/LevelEntityStore.cpp,104,16486860910,31183,19,
EntityLoad.Read,/Users/obey/Desktop/MyVoxelGame/src/server/level/LevelEntityStore.cpp,104,16486897760,8000,19,
EntityLoad.Read,/Users/obey/Desktop/MyVoxelGame/src/server/level/LevelEntityStore.cpp,104,16538520905,55035,19,
EntityLoad.Read,/Users/obey/Desktop/MyVoxelGame/src/server/level/LevelEntityStore.cpp,104,16538581273,3292,19,
EntityLoad.Read,/Users/obey/Desktop/MyVoxelGame/src/server/level/LevelEntityStore.cpp,104,16587178404,31810,19,
EntityLoad.Read,/Users/obey/Desktop/MyVoxelGame/src/server/level/LevelEntityStore.cpp,104,16639260437,81136,19,
EntityLoad.Read,/Users/obey/Desktop/MyVoxelGame/src/server/level/LevelEntityStore.cpp,104,16686867821,24018,19,
EntityLoad.Read,/Users/obey/Desktop/MyVoxelGame/src/server/level/LevelEntityStore.cpp,104,16686895964,2375,19,
EntityLoad.Read,/Users/obey/Desktop/MyVoxelGame/src/server/level/LevelEntityStore.cpp,104,16737050990,45768,19,
EntityLoad.Read,/Users/obey/Desktop/MyVoxelGame/src/server/level/LevelEntityStore.cpp,104,16787641764,41350,19,
EntityLoad.Read,/Users/obey/Desktop/MyVoxelGame/src/server/level/LevelEntityStore.cpp,104,16787689781,2708,19,
EntityLoad.Read,/Users/obey/Desktop/MyVoxelGame/src/server/level/LevelEntityStore.cpp,104,16837462121,16393,19,
EntityLoad.Read,/Users/obey/Desktop/MyVoxelGame/src/server/level/LevelEntityStore.cpp,104,16837483180,2334,19,
EntityLoad.Read,/Users/obey/Desktop/MyVoxelGame/src/server/level/LevelEntityStore.cpp,104,16889372651,18725,19,
EntityLoad.Read,/Users/obey/Desktop/MyVoxelGame/src/server/level/LevelEntityStore.cpp,104,16889396209,2334,19,
EntityLoad.Read,/Users/obey/Desktop/MyVoxelGame/src/server/level/LevelEntityStore.cpp,104,16889404001,1667,19,
EntityLoad.Read,/Users/obey/Desktop/MyVoxelGame/src/server/level/LevelEntityStore.cpp,104,16938750178,32393,19,
EntityLoad.Read,/Users/obey/Desktop/MyVoxelGame/src/server/level/LevelEntityStore.cpp,104,17037432658,16750,19,
EntityLoad.Read,/Users/obey/Desktop/MyVoxelGame/src/server/level/LevelEntityStore.cpp,104,17088485152,17917,19,
EntityLoad.Read,/Users/obey/Desktop/MyVoxelGame/src/server/level/LevelEntityStore.cpp,104,17136903535,74470,19,
EntityLoad.Read,/Users/obey/Desktop/MyVoxelGame/src/server/level/LevelEntityStore.cpp,104,17186880915,40518,19,
EntityLoad.Read,/Users/obey/Desktop/MyVoxelGame/src/server/level/LevelEntityStore.cpp,104,17239871101,28892,19,
EntityLoad.Read,/Users/obey/Desktop/MyVoxelGame/src/server/level/LevelEntityStore.cpp,104,17287312313,23642,19,
EntityLoad.Read,/Users/obey/Desktop/MyVoxelGame/src/server/level/LevelEntityStore.cpp,104,17387413518,26475,19,
EntityLoad.Read,/Users/obey/Desktop/MyVoxelGame/src/server/level/LevelEntityStore.cpp,104,17387444243,2625,19,
EntityLoad.Read,/Users/obey/Desktop/MyVoxelGame/src/server/level/LevelEntityStore.cpp,104,17489324343,43202,19,
EntityLoad.Read,/Users/obey/Desktop/MyVoxelGame/src/server/level/LevelEntityStore.cpp,104,17536864858,54327,19,
EntityLoad.Read,/Users/obey/Desktop/MyVoxelGame/src/server/level/LevelEntityStore.cpp,104,17536927476,4167,19,
EntityLoad.Read,/Users/obey/Desktop/MyVoxelGame/src/server/level/LevelEntityStore.cpp,104,17586911107,61993,19,
EntityLoad.Read,/Users/obey/Desktop/MyVoxelGame/src/server/level/LevelEntityStore.cpp,104,17586982975,2875,19,
EntityLoad.Read,/Users/obey/Desktop/MyVoxelGame/src/server/level/LevelEntityStore.cpp,104,17636870010,39684,19,
EntityLoad.Read,/Users/obey/Desktop/MyVoxelGame/src/server/level/LevelEntityStore.cpp,104,17636917004,3833,19,
EntityLoad.Read,/Users/obey/Desktop/MyVoxelGame/src/server/level/LevelEntityStore.cpp,104,17686871014,60286,19,
EntityLoad.Read,/Users/obey/Desktop/MyVoxelGame/src/server/level/LevelEntityStore.cpp,104,17686937025,2250,19,
EntityLoad.Read,/Users/obey/Desktop/MyVoxelGame/src/server/level/LevelEntityStore.cpp,104,17686942900,1834,19,
EntityLoad.Read,/Users/obey/Desktop/MyVoxelGame/src/server/level/LevelEntityStore.cpp,104,17736848936,43202,19,
EntityLoad.Read,/Users/obey/Desktop/MyVoxelGame/src/server/level/LevelEntityStore.cpp,104,17736895929,2875,19,
EntityLoad.Read,/Users/obey/Desktop/MyVoxelGame/src/server/level/LevelEntityStore.cpp,104,17789010355,53952,19,
EntityLoad.Read,/Users/obey/Desktop/MyVoxelGame/src/server/level/LevelEntityStore.cpp,104,17789074557,4226,19,
EntityLoad.Read,/Users/obey/Desktop/MyVoxelGame/src/server/level/LevelEntityStore.cpp,104,17836876397,32102,19,
EntityLoad.Read,/Users/obey/Desktop/MyVoxelGame/src/server/level/LevelEntityStore.cpp,104,17836918624,3708,19,
EntityLoad.Read,/Users/obey/Desktop/MyVoxelGame/src/server/level/LevelEntityStore.cpp,104,17886890628,24018,19,
EntityLoad.Read,/Users/obey/Desktop/MyVoxelGame/src/server/level/LevelEntityStore.cpp,104,17886924188,3125,19,
EntityLoad.Read,/Users/obey/Desktop/MyVoxelGame/src/server/level/LevelEntityStore.cpp,104,17936908901,25601,19,
EntityLoad.Read,/Users/obey/Desktop/MyVoxelGame/src/server/level/LevelEntityStore.cpp,104,17936939960,2542,19,
EntityLoad.Read,/Users/obey/Desktop/MyVoxelGame/src/server/level/LevelEntityStore.cpp,104,17987048659,19584,19,
EntityLoad.Read,/Users/obey/Desktop/MyVoxelGame/src/server/level/LevelEntityStore.cpp,104,17987075636,1916,19,
EntityLoad.Read,/Users/obey/Desktop/MyVoxelGame/src/server/level/LevelEntityStore.cpp,104,18036846583,34952,19,
EntityLoad.Read,/Users/obey/Desktop/MyVoxelGame/src/server/level/LevelEntityStore.cpp,104,18036895993,3250,19,
EntityLoad.Read,/Users/obey/Desktop/MyVoxelGame/src/server/level/LevelEntityStore.cpp,104,18088872016,44618,19,
EntityLoad.Read,/Users/obey/Desktop/MyVoxelGame/src/server/level/LevelEntityStore.cpp,104,18088924384,3667,19,
EntityLoad.Read,/Users/obey/Desktop/MyVoxelGame/src/server/level/LevelEntityStore.cpp,104,18136848277,20433,19,
EntityLoad.Read,/Users/obey/Desktop/MyVoxelGame/src/server/level/LevelEntityStore.cpp,104,18136872002,2417,19,
EntityLoad.Read,/Users/obey/Desktop/MyVoxelGame/src/server/level/LevelEntityStore.cpp,104,18236902047,50369,19,
EntityLoad.Read,/Users/obey/Desktop/MyVoxelGame/src/server/level/LevelEntityStore.cpp,104,18236962583,2916,19,
EntityLoad.Read,/Users/obey/Desktop/MyVoxelGame/src/server/level/LevelEntityStore.cpp,104,18387020608,36851,19,
EntityLoad.Read,/Users/obey/Desktop/MyVoxelGame/src/server/level/LevelEntityStore.cpp,104,18437215402,79202,19,
EntityLoad.Read,/Users/obey/Desktop/MyVoxelGame/src/server/level/LevelEntityStore.cpp,104,18437306663,2834,19,
EntityLoad.Read,/Users/obey/Desktop/MyVoxelGame/src/server/level/LevelEntityStore.cpp,104,18489357722,35285,19,
EntityLoad.Read,/Users/obey/Desktop/MyVoxelGame/src/server/level/LevelEntityStore.cpp,104,18537548831,5625,19,
EntityLoad.Read,/Users/obey/Desktop/MyVoxelGame/src/server/level/LevelEntityStore.cpp,104,18587070804,22517,19,
EntityLoad.Read,/Users/obey/Desktop/MyVoxelGame/src/server/level/LevelEntityStore.cpp,104,18587096780,2166,19,
EntityLoad.Read,/Users/obey/Desktop/MyVoxelGame/src/server/level/LevelEntityStore.cpp,104,18636882704,74011,19,
EntityLoad.Read,/Users/obey/Desktop/MyVoxelGame/src/server/level/LevelEntityStore.cpp,104,18636964507,3583,19,
EntityLoad.Read,/Users/obey/Desktop/MyVoxelGame/src/server/level/LevelEntityStore.cpp,104,18686848375,45226,19,
EntityLoad.Read,/Users/obey/Desktop/MyVoxelGame/src/server/level/LevelEntityStore.cpp,104,18686899684,2852,19,
EntityLoad.Read,/Users/obey/Desktop/MyVoxelGame/src/server/level/LevelEntityStore.cpp,104,18686908702,1542,19,
EntityLoad.Read,/Users/obey/Desktop/MyVoxelGame/src/server/level/LevelEntityStore.cpp,104,18736935641,37643,19,
EntityLoad.Read,/Users/obey/Desktop/MyVoxelGame/src/server/level/LevelEntityStore.cpp,104,18736980493,3017,19,
EntityLoad.Read,/Users/obey/Desktop/MyVoxelGame/src/server/level/LevelEntityStore.cpp,104,18786868111,24600,19,
EntityLoad.Read,/Users/obey/Desktop/MyVoxelGame/src/server/level/LevelEntityStore.cpp,104,18786897919,2375,19,
EntityLoad.Read,/Users/obey/Desktop/MyVoxelGame/src/server/level/LevelEntityStore.cpp,104,18837574996,45559,19,
EntityLoad.Read,/Users/obey/Desktop/MyVoxelGame/src/server/level/LevelEntityStore.cpp,104,18887106362,44309,19,
EntityLoad.Read,/Users/obey/Desktop/MyVoxelGame/src/server/level/LevelEntityStore.cpp,104,18936856225,43893,19,
EntityLoad.Read,/Users/obey/Desktop/MyVoxelGame/src/server/level/LevelEntityStore.cpp,104,18936905969,3292,19,
EntityLoad.Read,/Users/obey/Desktop/MyVoxelGame/src/server/level/LevelEntityStore.cpp,104,18987466291,50076,19,
EntityLoad.Read,/Users/obey/Desktop/MyVoxelGame/src/server/level/LevelEntityStore.cpp,104,19036962097,38910,19,
EntityLoad.Read,/Users/obey/Desktop/MyVoxelGame/src/server/level/LevelEntityStore.cpp,104,19037005257,2917,19,
EntityLoad.Read,/Users/obey/Desktop/MyVoxelGame/src/server/level/LevelEntityStore.cpp,104,19086881858,13792,19,
EntityLoad.Read,/Users/obey/Desktop/MyVoxelGame/src/server/level/LevelEntityStore.cpp,104,19086900876,2417,19,
EntityLoad.Read,/Users/obey/Desktop/MyVoxelGame/src/server/level/LevelEntityStore.cpp,104,19137151897,6291,19,
EntityLoad.Read,/Users/obey/Desktop/MyVoxelGame/src/server/level/LevelEntityStore.cpp,104,19137161580,1584,19,
EntityLoad.Read,/Users/obey/Desktop/MyVoxelGame/src/server/level/LevelEntityStore.cpp,104,19186892386,26018,19,
EntityLoad.Read,/Users/obey/Desktop/MyVoxelGame/src/server/level/LevelEntityStore.cpp,104,19186924487,3167,19,
EntityLoad.Read,/Users/obey/Desktop/MyVoxelGame/src/server/level/LevelEntityStore.cpp,104,19238022933,31517,19,
EntityLoad.Read,/Users/obey/Desktop/MyVoxelGame/src/server/level/LevelEntityStore.cpp,104,19238059700,2334,19,
EntityLoad.Read,/Users/obey/Desktop/MyVoxelGame/src/server/level/LevelEntityStore.cpp,104,19287542199,16892,19,
EntityLoad.Read,/Users/obey/Desktop/MyVoxelGame/src/server/level/LevelEntityStore.cpp,104,19287562758,3250,19,
EntityLoad.Read,/Users/obey/Desktop/MyVoxelGame/src/server/level/LevelEntityStore.cpp,104,19287571216,1292,19,
EntityLoad.Read,/Users/obey/Desktop/MyVoxelGame/src/server/level/LevelEntityStore.cpp,104,19339184711,24917,19,
EntityLoad.Read,/Users/obey/Desktop/MyVoxelGame/src/server/level/LevelEntityStore.cpp,104,19387277942,38702,19,
EntityLoad.Read,/Users/obey/Desktop/MyVoxelGame/src/server/level/LevelEntityStore.cpp,104,19486872324,38100,19,
EntityLoad.Read,/Users/obey/Desktop/MyVoxelGame/src/server/level/LevelEntityStore.cpp,104,19486916591,2125,19,
EntityLoad.Read,/Users/obey/Desktop/MyVoxelGame/src/server/level/LevelEntityStore.cpp,104,19545462536,23892,19,
EntityLoad.Read,/Users/obey/Desktop/MyVoxelGame/src/server/level/LevelEntityStore.cpp,104,19545494470,3875,19,
EntityLoad.Read,/Users/obey/Desktop/MyVoxelGame/src/server/level/LevelEntityStore.cpp,104,19636870898,23643,19,
EntityLoad.Read,/Users/obey/Desktop/MyVoxelGame/src/server/level/LevelEntityStore.cpp,104,19636901082,2375,19,
EntityLoad.Read,/Users/obey/Desktop/MyVoxelGame/src/server/level/LevelEntityStore.cpp,104,19686858110,22685,19,
EntityLoad.Read,/Users/obey/Desktop/MyVoxelGame/src/server/level/LevelEntityStore.cpp,104,19736852031,19352,19,
EntityLoad.Read,/Users/obey/Desktop/MyVoxelGame/src/server/level/LevelEntityStore.cpp,104,19736875091,2000,19,
EntityLoad.Read,/Users/obey/Desktop/MyVoxelGame/src/server/level/LevelEntityStore.cpp,104,19787740440,20208,19,
EntityLoad.Read,/Users/obey/Desktop/MyVoxelGame/src/server/level/LevelEntityStore.cpp,104,19787764540,3375,19,
EntityLoad.Read,/Users/obey/Desktop/MyVoxelGame/src/server/level/LevelEntityStore.cpp,104,19836861226,18808,19,
EntityLoad.Read,/Users/obey/Desktop/MyVoxelGame/src/server/level/LevelEntityStore.cpp,104,19836883909,3084,19,
EntityLoad.Read,/Users/obey/Desktop/MyVoxelGame/src/server/level/LevelEntityStore.cpp,104,19836889993,1708,19,
EntityLoad.Read,/Users/obey/Desktop/MyVoxelGame/src/server/level/LevelEntityStore.cpp,104,19887313970,22125,19,
EntityLoad.Read,/Users/obey/Desktop/MyVoxelGame/src/server/level/LevelEntityStore.cpp,104,19887342197,2291,19,
EntityLoad.Read,/Users/obey/Desktop/MyVoxelGame/src/server/level/LevelEntityStore.cpp,104,19887347988,1667,19,
EntityLoad.Read,/Users/obey/Desktop/MyVoxelGame/src/server/level/LevelEntityStore.cpp,104,19938235502,28184,19,
EntityLoad.Read,/Users/obey/Desktop/MyVoxelGame/src/server/level/LevelEntityStore.cpp,104,19938270561,3084,19,
EntityLoad.Read,/Users/obey/Desktop/MyVoxelGame/src/server/level/LevelEntityStore.cpp,104,19987386325,46183,19,
EntityLoad.Read,/Users/obey/Desktop/MyVoxelGame/src/server/level/LevelEntityStore.cpp,104,19987437925,3310,19,
EntityLoad.Read,/Users/obey/Desktop/MyVoxelGame/src/server/level/LevelEntityStore.cpp,104,20037818950,41868,19,
EntityLoad.Read,/Users/obey/Desktop/MyVoxelGame/src/server/level/LevelEntityStore.cpp,104,20037870235,2958,19,
EntityLoad.Read,/Users/obey/Desktop/MyVoxelGame/src/server/level/LevelEntityStore.cpp,104,20037877568,2709,19,
EntityLoad.Read,/Users/obey/Desktop/MyVoxelGame/src/server/level/LevelEntityStore.cpp,104,20087126860,44868,19,
EntityLoad.Read,/Users/obey/Desktop/MyVoxelGame/src/server/level/LevelEntityStore.cpp,104,20087182395,3333,19,
EntityLoad.Read,/Users/obey/Desktop/MyVoxelGame/src/server/level/LevelEntityStore.cpp,104,20136872807,59786,19,
EntityLoad.Read,/Users/obey/Desktop/MyVoxelGame/src/server/level/LevelEntityStore.cpp,104,20136950318,4750,19,
EntityLoad.Read,/Users/obey/Desktop/MyVoxelGame/src/server/level/LevelEntityStore.cpp,104,20186851561,25643,19,
EntityLoad.Read,/Users/obey/Desktop/MyVoxelGame/src/server/level/LevelEntityStore.cpp,104,20186881121,2416,19,
EntityLoad.Read,/Users/obey/Desktop/MyVoxelGame/src/server/level/LevelEntityStore.cpp,104,20186886954,2458,19,
EntityLoad.Read,/Users/obey/Desktop/MyVoxelGame/src/server/level/LevelEntityStore.cpp,104,20236851941,14060,19,
EntityLoad.Read,/Users/obey/Desktop/MyVoxelGame/src/server/level/LevelEntityStore.cpp,104,20236869918,2250,19,
EntityLoad.Read,/Users/obey/Desktop/MyVoxelGame/src/server/level/LevelEntityStore.cpp,104,20288197070,50476,19,
EntityLoad.Read,/Users/obey/Desktop/MyVoxelGame/src/server/level/LevelEntityStore.cpp,104,20288251980,2333,19,
EntityLoad.Read,/Users/obey/Desktop/MyVoxelGame/src/server/level/LevelEntityStore.cpp,104,20337392993,31268,19,
EntityLoad.Read,/Users/obey/Desktop/MyVoxelGame/src/server/level/LevelEntityStore.cpp,104,20387145733,46743,19,
EntityLoad.Read,/Users/obey/Desktop/MyVoxelGame/src/server/level/LevelEntityStore.cpp,104,20387200934,2792,19,
EntityLoad.Read,/Users/obey/Desktop/MyVoxelGame/src/server/level/LevelEntityStore.cpp,104,20387208309,4500,19,
EntityLoad.Read,/Users/obey/Desktop/MyVoxelGame/src/server/level/LevelEntityStore.cpp,104,20438759419,97613,19,
EntityLoad.Read,/Users/obey/Desktop/MyVoxelGame/src/server/level/LevelEntityStore.cpp,104,20487522679,44493,19,
EntityLoad.Read,/Users/obey/Desktop/MyVoxelGame/src/server/level/LevelEntityStore.cpp,104,20487581922,2667,19,
EntityLoad.Read,/Users/obey/Desktop/MyVoxelGame/src/server/level/LevelEntityStore.cpp,104,20537441982,57535,19,
EntityLoad.Read,/Users/obey/Desktop/MyVoxelGame/src/server/level/LevelEntityStore.cpp,104,20537512851,3666,19,
EntityLoad.Read,/Users/obey/Desktop/MyVoxelGame/src/server/level/LevelEntityStore.cpp,104,20537523452,3042,19,
EntityLoad.Read,/Users/obey/Desktop/MyVoxelGame/src/server/level/LevelEntityStore.cpp,104,20586917521,48868,19,
EntityLoad.Read,/Users/obey/Desktop/MyVoxelGame/src/server/level/LevelEntityStore.cpp,104,20636868674,28060,19,
EntityLoad.Read,/Users/obey/Desktop/MyVoxelGame/src/server/level/LevelEntityStore.cpp,104,20686857179,47286,19,
EntityLoad.Read,/Users/obey/Desktop/MyVoxelGame/src/server/level/LevelEntityStore.cpp,104,20686908507,3458,19,
EntityLoad.Read,/Users/obey/Desktop/MyVoxelGame/src/server/level/LevelEntityStore.cpp,104,20737147110,64201,19,
EntityLoad.Read,/Users/obey/Desktop/MyVoxelGame/src/server/level/LevelEntityStore.cpp,104,20737218978,3958,19,
EntityLoad.Read,/Users/obey/Desktop/MyVoxelGame/src/server/level/LevelEntityStore.cpp,104,20836938681,77660,19,
EntityLoad.Read,/Users/obey/Desktop/MyVoxelGame/src/server/level/LevelEntityStore.cpp,104,20888727015,17167,19,
EntityLoad.Read,/Users/obey/Desktop/MyVoxelGame/src/server/level/LevelEntityStore.cpp,104,21086856020,36767,19,
EntityLoad.Read,/Users/obey/Desktop/MyVoxelGame/src/server/level/LevelEntityStore.cpp,104,21137318098,73493,19,
EntityLoad.Read,/Users/obey/Desktop/MyVoxelGame/src/server/level/LevelEntityStore.cpp,104,21137398841,3852,19,
EntityLoad.Read,/Users/obey/Desktop/MyVoxelGame/src/server/level/LevelEntityStore.cpp,104,21187348912,49077,19,
EntityLoad.Read,/Users/obey/Desktop/MyVoxelGame/src/server/level/LevelEntityStore.cpp,104,21239517141,51518,19,
EntityLoad.Read,/Users/obey/Desktop/MyVoxelGame/src/server/level/LevelEntityStore.cpp,104,21239572742,3267,19,
EntityLoad.Read,/Users/obey/Desktop/MyVoxelGame/src/server/level/LevelEntityStore.cpp,104,21287065031,33767,19,
EntityLoad.Read,/Users/obey/Desktop/MyVoxelGame/src/server/level/LevelEntityStore.cpp,104,21287102548,3000,19,
EntityLoad.Read,/Users/obey/Desktop/MyVoxelGame/src/server/level/LevelEntityStore.cpp,104,21338161836,26475,19,
EntityLoad.Read,/Users/obey/Desktop/MyVoxelGame/src/server/level/LevelEntityStore.cpp,104,21338194728,2916,19,
EntityLoad.Read,/Users/obey/Desktop/MyVoxelGame/src/server/level/LevelEntityStore.cpp,104,21338200103,1833,19,
EntityLoad.Read,/Users/obey/Desktop/MyVoxelGame/src/server/level/LevelEntityStore.cpp,104,21386851459,15559,19,
EntityLoad.Read,/Users/obey/Desktop/MyVoxelGame/src/server/level/LevelEntityStore.cpp,104,21386871434,2250,19,
EntityLoad.Read,/Users/obey/Desktop/MyVoxelGame/src/server/level/LevelEntityStore.cpp,104,21386877934,2417,19,
EntityLoad.Read,/Users/obey/Desktop/MyVoxelGame/src/server/level/LevelEntityStore.cpp,104,21438257457,68493,19,
EntityLoad.Read,/Users/obey/Desktop/MyVoxelGame/src/server/level/LevelEntityStore.cpp,104,21486915396,97737,19,
EntityLoad.Read,/Users/obey/Desktop/MyVoxelGame/src/server/level/LevelEntityStore.cpp,104,21487028175,7458,19,
EntityLoad.Read,/Users/obey/Desktop/MyVoxelGame/src/server/level/LevelEntityStore.cpp,104,21487044359,2500,19,
EntityLoad.Read,/Users/obey/Desktop/MyVoxelGame/src/server/level/LevelEntityStore.cpp,104,21536852175,54100,19,
EntityLoad.Read,/Users/obey/Desktop/MyVoxelGame/src/server/level/LevelEntityStore.cpp,104,21536909293,3500,19,
EntityLoad.Read,/Users/obey/Desktop/MyVoxelGame/src/server/level/LevelEntityStore.cpp,104,21586846638,47517,19,
EntityLoad.Read,/Users/obey/Desktop/MyVoxelGame/src/server/level/LevelEntityStore.cpp,104,21639477755,51518,19,
EntityLoad.Read,/Users/obey/Desktop/MyVoxelGame/src/server/level/LevelEntityStore.cpp,104,21639533148,3250,19,
EntityLoad.Read,/Users/obey/Desktop/MyVoxelGame/src/server/level/LevelEntityStore.cpp,104,21639541832,3958,19,
EntityLoad.Read,/Users/obey/Desktop/MyVoxelGame/src/server/level/LevelEntityStore.cpp,104,21686861707,15809,19,
EntityLoad.Read,/Users/obey/Desktop/MyVoxelGame/src/server/level/LevelEntityStore.cpp,104,21686882975,3291,19,
EntityLoad.Read,/Users/obey/Desktop/MyVoxelGame/src/server/level/LevelEntityStore.cpp,104,21738092640,33227,19,
EntityLoad.Read,/Users/obey/Desktop/MyVoxelGame/src/server/level/LevelEntityStore.cpp,104,21786902751,50745,19,
EntityLoad.Read,/Users/obey/Desktop/MyVoxelGame/src/server/level/LevelEntityStore.cpp,104,21786970138,10000,19,
EntityLoad.Read,/Users/obey/Desktop/MyVoxelGame/src/server/level/LevelEntityStore.cpp,104,21837051737,61951,19,
EntityLoad.Read,/Users/obey/Desktop/MyVoxelGame/src/server/level/LevelEntityStore.cpp,104,21887182269,70845,19,
EntityLoad.Read,/Users/obey/Desktop/MyVoxelGame/src/server/level/LevelEntityStore.cpp,104,21887259406,4458,19,
EntityLoad.Read,/Users/obey/Desktop/MyVoxelGame/src/server/level/LevelEntityStore.cpp,104,21936880950,91803,19,
EntityLoad.Read,/Users/obey/Desktop/MyVoxelGame/src/server/level/LevelEntityStore.cpp,104,21986889538,86094,19,
EntityLoad.Read,/Users/obey/Desktop/MyVoxelGame/src/server/level/LevelEntityStore.cpp,104,21986982399,5750,19,
EntityLoad.Read,/Users/obey/Desktop/MyVoxelGame/src/server/level/LevelEntityStore.cpp,104,21986994441,2042,19,
EntityLoad.Read,/Users/obey/Desktop/MyVoxelGame/src/server/level/LevelEntityStore.cpp,104,22037871706,117654,19,
EntityLoad.Read,/Users/obey/Desktop/MyVoxelGame/src/server/level/LevelEntityStore.cpp,104,22086890523,85553,19,
EntityLoad.Read,/Users/obey/Desktop/MyVoxelGame/src/server/level/LevelEntityStore.cpp,104,22086980992,3417,19,
EntityLoad.Read,/Users/obey/Desktop/MyVoxelGame/src/server/level/LevelEntityStore.cpp,104,22137357893,55410,19,
EntityLoad.Read,/Users/obey/Desktop/MyVoxelGame/src/server/level/LevelEntityStore.cpp,104,22137417928,3375,19,
EntityLoad.Read,/Users/obey/Desktop/MyVoxelGame/src/server/level/LevelEntityStore.cpp,104,22186982728,57369,19,
EntityLoad.Read,/Users/obey/Desktop/MyVoxelGame/src/server/level/LevelEntityStore.cpp,104,22237298052,29934,19,
EntityLoad.Read,/Users/obey/Desktop/MyVoxelGame/src/server/level/LevelEntityStore.cpp,104,22237336111,2709,19,
EntityLoad.Read,/Users/obey/Desktop/MyVoxelGame/src/server/level/LevelEntityStore.cpp,104,22286861727,67076,19,
EntityLoad.Read,/Users/obey/Desktop/MyVoxelGame/src/server/level/LevelEntityStore.cpp,104,22286936720,3518,19,
EntityLoad.Read,/Users/obey/Desktop/MyVoxelGame/src/server/level/LevelEntityStore.cpp,104,22336872540,48476,19,
EntityLoad.Read,/Users/obey/Desktop/MyVoxelGame/src/server/level/LevelEntityStore.cpp,104,22386855962,31184,19,
EntityLoad.Read,/Users/obey/Desktop/MyVoxelGame/src/server/level/LevelEntityStore.cpp,104,22386895813,2750,19,
EntityLoad.Read,/Users/obey/Desktop/MyVoxelGame/src/server/level/LevelEntityStore.cpp,104,22437127833,41934,19,
EntityLoad.Read,/Users/obey/Desktop/MyVoxelGame/src/server/level/LevelEntityStore.cpp,104,22536848119,58600,19,
EntityLoad.Read,/Users/obey/Desktop/MyVoxelGame/src/server/level/LevelEntityStore.cpp,104,22586851582,64494,19,
EntityLoad.Read,/Users/obey/Desktop/MyVoxelGame/src/server/level/LevelEntityStore.cpp,104,22638303972,50119,19,
EntityLoad.Read,/Users/obey/Desktop/MyVoxelGame/src/server/level/LevelEntityStore.cpp,104,22638360966,3583,19,
EntityLoad.Read,/Users/obey/Desktop/MyVoxelGame/src/server/level/LevelEntityStore.cpp,104,22686853400,31934,19,
EntityLoad.Read,/Users/obey/Desktop/MyVoxelGame/src/server/level/LevelEntityStore.cpp,104,22736856072,51493,19,
EntityLoad.Read,/Users/obey/Desktop/MyVoxelGame/src/server/level/LevelEntityStore.cpp,104,22836875783,74286,19,
EntityLoad.Read,/Users/obey/Desktop/MyVoxelGame/src/server/level/LevelEntityStore.cpp,104,22886895139,100511,19,
EntityLoad.Read,/Users/obey/Desktop/MyVoxelGame/src/server/level/LevelEntityStore.cpp,104,22887000942,3916,19,
EntityLoad.Read,/Users/obey/Desktop/MyVoxelGame/src/server/level/LevelEntityStore.cpp,104,22887011250,2209,19,
EntityLoad.Read,/Users/obey/Desktop/MyVoxelGame/src/server/level/LevelEntityStore.cpp,104,22936899644,33410,19,
EntityLoad.Read,/Users/obey/Desktop/MyVoxelGame/src/server/level/LevelEntityStore.cpp,104,22936940637,2959,19,
EntityLoad.Read,/Users/obey/Desktop/MyVoxelGame/src/server/level/LevelEntityStore.cpp,104,22936947971,2375,19,
EntityLoad.Read,/Users/obey/Desktop/MyVoxelGame/src/server/level/LevelEntityStore.cpp,104,22988134786,29350,19,
EntityLoad.Read,/Users/obey/Desktop/MyVoxelGame/src/server/level/LevelEntityStore.cpp,104,22988172779,4000,19,
EntityLoad.Read,/Users/obey/Desktop/MyVoxelGame/src/server/level/LevelEntityStore.cpp,104,23087031638,37768,19,
EntityLoad.Read,/Users/obey/Desktop/MyVoxelGame/src/server/level/LevelEntityStore.cpp,104,23087077198,3808,19,
EntityLoad.Read,/Users/obey/Desktop/MyVoxelGame/src/server/level/LevelEntityStore.cpp,104,23136861513,34976,19,
EntityLoad.Read,/Users/obey/Desktop/MyVoxelGame/src/server/level/LevelEntityStore.cpp,104,23186859476,53870,19,
EntityLoad.Read,/Users/obey/Desktop/MyVoxelGame/src/server/level/LevelEntityStore.cpp,104,23186919137,3959,19,
EntityLoad.Read,/Users/obey/Desktop/MyVoxelGame/src/server/level/LevelEntityStore.cpp,104,23186927471,2166,19,
EntityLoad.Read,/Users/obey/Desktop/MyVoxelGame/src/server/level/LevelEntityStore.cpp,104,23238409544,18934,19,
EntityLoad.Read,/Users/obey/Desktop/MyVoxelGame/src/server/level/LevelEntityStore.cpp,104,23286875796,20725,19,
EntityLoad.Read,/Users/obey/Desktop/MyVoxelGame/src/server/level/LevelEntityStore.cpp,104,23286900854,2792,19,
EntityLoad.Read,/Users/obey/Desktop/MyVoxelGame/src/server/level/LevelEntityStore.cpp,104,23337317439,76302,19,
EntityLoad.Read,/Users/obey/Desktop/MyVoxelGame/src/server/level/LevelEntityStore.cpp,104,23337400199,3709,19,
EntityLoad.Read,/Users/obey/Desktop/MyVoxelGame/src/server/level/LevelEntityStore.cpp,104,23386958792,29560,19,
EntityLoad.Read,/Users/obey/Desktop/MyVoxelGame/src/server/level/LevelEntityStore.cpp,104,23436884261,23893,19,
EntityLoad.Read,/Users/obey/Desktop/MyVoxelGame/src/server/level/LevelEntityStore.cpp,104,23436912196,3000,19,
EntityLoad.Read,/Users/obey/Desktop/MyVoxelGame/src/server/level/LevelEntityStore.cpp,104,23489048015,56743,19,
EntityLoad.Read,/Users/obey/Desktop/MyVoxelGame/src/server/level/LevelEntityStore.cpp,104,23538960234,50309,19,
EntityLoad.Read,/Users/obey/Desktop/MyVoxelGame/src/server/level/LevelEntityStore.cpp,104,23587147410,43183,19,
EntityLoad.Read,/Users/obey/Desktop/MyVoxelGame/src/server/level/LevelEntityStore.cpp,104,23587197552,3041,19,
EntityLoad.Read,/Users/obey/Desktop/MyVoxelGame/src/server/level/LevelEntityStore.cpp,104,23637806759,32768,19,
EntityLoad.Read,/Users/obey/Desktop/MyVoxelGame/src/server/level/LevelEntityStore.cpp,104,23637852652,3459,19,
EntityLoad.Read,/Users/obey/Desktop/MyVoxelGame/src/server/level/LevelEntityStore.cpp,104,23686864302,30185,19,
EntityLoad.Read,/Users/obey/Desktop/MyVoxelGame/src/server/level/LevelEntityStore.cpp,104,23686906255,3208,19,
EntityLoad.Read,/Users/obey/Desktop/MyVoxelGame/src/server/level/LevelEntityStore.cpp,104,23736881325,32726,19,
EntityLoad.Read,/Users/obey/Desktop/MyVoxelGame/src/server/level/LevelEntityStore.cpp,104,23788580772,17935,19,
EntityLoad.Read,/Users/obey/Desktop/MyVoxelGame/src/server/level/LevelEntityStore.cpp,104,23788608373,2417,19,
EntityLoad.Read,/Users/obey/Desktop/MyVoxelGame/src/server/level/LevelEntityStore.cpp,104,23837373217,15017,19,
EntityLoad.Read,/Users/obey/Desktop/MyVoxelGame/src/server/level/LevelEntityStore.cpp,104,23887109831,46768,19,
EntityLoad.Read,/Users/obey/Desktop/MyVoxelGame/src/server/level/LevelEntityStore.cpp,104,23887170157,4875,19,
EntityLoad.Read,/Users/obey/Desktop/MyVoxelGame/src/server/level/LevelEntityStore.cpp,104,23936859027,64620,19,
EntityLoad.Read,/Users/obey/Desktop/MyVoxelGame/src/server/level/LevelEntityStore.cpp,104,23936930063,9142,19,
EntityLoad.Read,/Users/obey/Desktop/MyVoxelGame/src/server/level/LevelEntityStore.cpp,104,23936941747,2583,19,
EntityLoad.Read,/Users/obey/Desktop/MyVoxelGame/src/server/level/LevelEntityStore.cpp,104,23987190393,15476,19,
EntityLoad.Read,/Users/obey/Desktop/MyVoxelGame/src/server/level/LevelEntityStore.cpp,104,24036883614,15333,19,
EntityLoad.Read,/Users/obey/Desktop/MyVoxelGame/src/server/level/LevelEntityStore.cpp,104,24036905572,2625,19,
EntityLoad.Read,/Users/obey/Desktop/MyVoxelGame/src/server/level/LevelEntityStore.cpp,104,24089885217,33160,19,
EntityLoad.Read,/Users/obey/Desktop/MyVoxelGame/src/server/level/LevelEntityStore.cpp,104,24089923169,1916,19,
EntityLoad.Read,/Users/obey/Desktop/MyVoxelGame/src/server/level/LevelEntityStore.cpp,104,24136865373,20893,19,
EntityLoad.Read,/Users/obey/Desktop/MyVoxelGame/src/server/level/LevelEntityStore.cpp,104,24136895558,3208,19,
EntityLoad.Read,/Users/obey/Desktop/MyVoxelGame/src/server/level/LevelEntityStore.cpp,104,24186866920,14560,19,
EntityLoad.Read,/Users/obey/Desktop/MyVoxelGame/src/server/level/LevelEntityStore.cpp,104,24186887813,1917,19,
EntityLoad.Read,/Users/obey/Desktop/MyVoxelGame/src/server/level/LevelEntityStore.cpp,104,24236853466,18810,19,
EntityLoad.Read,/Users/obey/Desktop/MyVoxelGame/src/server/level/LevelEntityStore.cpp,104,24236878318,3375,19,
EntityLoad.Read,/Users/obey/Desktop/MyVoxelGame/src/server/level/LevelEntityStore.cpp,104,24287456199,37910,19,
EntityLoad.Read,/Users/obey/Desktop/MyVoxelGame/src/server/level/LevelEntityStore.cpp,104,24287499734,3833,19,
EntityLoad.Read,/Users/obey/Desktop/MyVoxelGame/src/server/level/LevelEntityStore.cpp,104,24338999516,17851,19,
EntityLoad.Read,/Users/obey/Desktop/MyVoxelGame/src/server/level/LevelEntityStore.cpp,104,24339020492,2958,19,
EntityLoad.Read,/Users/obey/Desktop/MyVoxelGame/src/server/level/LevelEntityStore.cpp,104,24486844275,11708,19,
EntityLoad.Read,/Users/obey/Desktop/MyVoxelGame/src/server/level/LevelEntityStore.cpp,104,24486860043,2625,19,
EntityLoad.Read,/Users/obey/Desktop/MyVoxelGame/src/server/level/LevelEntityStore.cpp,104,24486865251,1500,19,
EntityLoad.Read,/Users/obey/Desktop/MyVoxelGame/src/server/level/LevelEntityStore.cpp,104,24538948493,18768,19,
EntityLoad.Read,/Users/obey/Desktop/MyVoxelGame/src/server/level/LevelEntityStore.cpp,104,24538971886,1834,19,
EntityLoad.Read,/Users/obey/Desktop/MyVoxelGame/src/server/level/LevelEntityStore.cpp,104,24589128371,33184,19,
EntityLoad.Read,/Users/obey/Desktop/MyVoxelGame/src/server/level/LevelEntityStore.cpp,104,24589170180,2625,19,
EntityLoad.Read,/Users/obey/Desktop/MyVoxelGame/src/server/level/LevelEntityStore.cpp,104,24737146386,32101,19,
EntityLoad.Read,/Users/obey/Desktop/MyVoxelGame/src/server/level/LevelEntityStore.cpp,104,24786878291,44101,19,
EntityLoad.Read,/Users/obey/Desktop/MyVoxelGame/src/server/level/LevelEntityStore.cpp,104,24786931059,4250,19,
EntityLoad.Read,/Users/obey/Desktop/MyVoxelGame/src/server/level/LevelEntityStore.cpp,104,24786939618,2792,19,
EntityLoad.Read,/Users/obey/Desktop/MyVoxelGame/src/server/level/LevelEntityStore.cpp,104,24838371033,27559,19,
EntityLoad.Read,/Users/obey/Desktop/MyVoxelGame/src/server/level/LevelEntityStore.cpp,104,24838407842,3250,19,
EntityLoad.Read,/Users/obey/Desktop/MyVoxelGame/src/server/level/LevelEntityStore.cpp,104,24838419592,2416,19,
EntityLoad.Read,/Users/obey/Desktop/MyVoxelGame/src/server/level/LevelEntityStore.cpp,104,24888048903,22417,19,
EntityLoad.Read,/Users/obey/Desktop/MyVoxelGame/src/server/level/LevelEntityStore.cpp,104,24888076546,2875,19,
EntityLoad.Read,/Users/obey/Desktop/MyVoxelGame/src/server/level/LevelEntityStore.cpp,104,24936854055,29268,19,
EntityLoad.Read,/Users/obey/Desktop/MyVoxelGame/src/server/level/LevelEntityStore.cpp,104,24936889198,3750,19,
EntityLoad.Read,/Users/obey/Desktop/MyVoxelGame/src/server/level/LevelEntityStore.cpp,104,24936897448,2250,19,
EntityLoad.Read,/Users/obey/Desktop/MyVoxelGame/src/server/level/LevelEntityStore.cpp,104,24986889370,38410,19,
EntityLoad.Read,/Users/obey/Desktop/MyVoxelGame/src/server/level/LevelEntityStore.cpp,104,24986934780,2666,19,
EntityLoad.Read,/Users/obey/Desktop/MyVoxelGame/src/server/level/LevelEntityStore.cpp,104,24986942571,2417,19,
EntityLoad.Read,/Users/obey/Desktop/MyVoxelGame/src/server/level/LevelEntityStore.cpp,104,25038008125,88202,19,
EntityLoad.Read,/Users/obey/Desktop/MyVoxelGame/src/server/level/LevelEntityStore.cpp,104,25086886021,26602,19,
EntityLoad.Read,/Users/obey/Desktop/MyVoxelGame/src/server/level/LevelEntityStore.cpp,104,25086919748,3250,19,
EntityLoad.Read,/Users/obey/Desktop/MyVoxelGame/src/server/level/LevelEntityStore.cpp,104,25086927349,1833,19,
EntityLoad.Read,/Users/obey/Desktop/MyVoxelGame/src/server/level/LevelEntityStore.cpp,104,25136900585,58619,19,
EntityLoad.Read,/Users/obey/Desktop/MyVoxelGame/src/server/level/LevelEntityStore.cpp,104,25136968870,14477,19,
EntityLoad.Read,/Users/obey/Desktop/MyVoxelGame/src/server/level/LevelEntityStore.cpp,104,25189062880,37119,19,
EntityLoad.Read,/Users/obey/Desktop/MyVoxelGame/src/server/level/LevelEntityStore.cpp,104,25236869053,36976,19,
EntityLoad.Read,/Users/obey/Desktop/MyVoxelGame/src/server/level/LevelEntityStore.cpp,104,25236911945,2750,19,
EntityLoad.Read,/Users/obey/Desktop/MyVoxelGame/src/server/level/LevelEntityStore.cpp,104,25236921255,1583,19,
EntityLoad.Read,/Users/obey/Desktop/MyVoxelGame/src/server/level/LevelEntityStore.cpp,104,25286914134,39060,19,
EntityLoad.Read,/Users/obey/Desktop/MyVoxelGame/src/server/level/LevelEntityStore.cpp,104,25286961944,3750,19,
EntityLoad.Read,/Users/obey/Desktop/MyVoxelGame/src/server/level/LevelEntityStore.cpp,104,25337195214,21060,19,
EntityLoad.Read,/Users/obey/Desktop/MyVoxelGame/src/server/level/LevelEntityStore.cpp,104,25337220524,2458,19,
EntityLoad.Read,/Users/obey/Desktop/MyVoxelGame/src/server/level/LevelEntityStore.cpp,104,25386847901,23808,19,
EntityLoad.Read,/Users/obey/Desktop/MyVoxelGame/src/server/level/LevelEntityStore.cpp,104,25386878293,2625,19,
EntityLoad.Read,/Users/obey/Desktop/MyVoxelGame/src/server/level/LevelEntityStore.cpp,104,25386884102,2250,19,
EntityLoad.Read,/Users/obey/Desktop/MyVoxelGame/src/server/level/LevelEntityStore.cpp,104,25437123165,16834,19,
EntityLoad.Read,/Users/obey/Desktop/MyVoxelGame/src/server/level/LevelEntityStore.cpp,104,25437143165,2625,19,
EntityLoad.Read,/Users/obey/Desktop/MyVoxelGame/src/server/level/LevelEntityStore.cpp,104,25486870279,21600,19,
EntityLoad.Read,/Users/obey/Desktop/MyVoxelGame/src/server/level/LevelEntityStore.cpp,104,25486897546,3125,19,
EntityLoad.Read,/Users/obey/Desktop/MyVoxelGame/src/server/level/LevelEntityStore.cpp,104,25538267925,21560,19,
EntityLoad.Read,/Users/obey/Desktop/MyVoxelGame/src/server/level/LevelEntityStore.cpp,104,25538295360,2542,19,
EntityLoad.Read,/Users/obey/Desktop/MyVoxelGame/src/server/level/LevelEntityStore.cpp,104,25586855663,13184,19,
EntityLoad.Read,/Users/obey/Desktop/MyVoxelGame/src/server/level/LevelEntityStore.cpp,104,25586876014,2666,19,
EntityLoad.Read,/Users/obey/Desktop/MyVoxelGame/src/server/level/LevelEntityStore.cpp,104,25636857768,26851,19,
EntityLoad.Read,/Users/obey/Desktop/MyVoxelGame/src/server/level/LevelEntityStore.cpp,104,25636890536,3167,19,
EntityLoad.Read,/Users/obey/Desktop/MyVoxelGame/src/server/level/LevelEntityStore.cpp,104,25687803277,44851,19,
EntityLoad.Read,/Users/obey/Desktop/MyVoxelGame/src/server/level/LevelEntityStore.cpp,104,25736862379,54684,19,
EntityLoad.Read,/Users/obey/Desktop/MyVoxelGame/src/server/level/LevelEntityStore.cpp,104,25736923914,3000,19,
EntityLoad.Read,/Users/obey/Desktop/MyVoxelGame/src/server/level/LevelEntityStore.cpp,104,25838161645,30933,19,
EntityLoad.Read,/Users/obey/Desktop/MyVoxelGame/src/server/level/LevelEntityStore.cpp,104,25838195412,2916,19,
EntityLoad.Read,/Users/obey/Desktop/MyVoxelGame/src/server/level/LevelEntityStore.cpp,104,25838201620,2375,19,
EntityLoad.Read,/Users/obey/Desktop/MyVoxelGame/src/server/level/LevelEntityStore.cpp,104,25886870244,23935,19,
EntityLoad.Read,/Users/obey/Desktop/MyVoxelGame/src/server/level/LevelEntityStore.cpp,104,25939515654,18850,19,
EntityLoad.Read,/Users/obey/Desktop/MyVoxelGame/src/server/level/LevelEntityStore.cpp,104,25939539671,2500,19,
EntityLoad.Read,/Users/obey/Desktop/MyVoxelGame/src/server/level/LevelEntityStore.cpp,104,25987645003,42619,19,
EntityLoad.Read,/Users/obey/Desktop/MyVoxelGame/src/server/level/LevelEntityStore.cpp,104,26037366909,58392,19,
EntityLoad.Read,/Users/obey/Desktop/MyVoxelGame/src/server/level/LevelEntityStore.cpp,104,26088007657,20475,19,
EntityLoad.Read,/Users/obey/Desktop/MyVoxelGame/src/server/level/LevelEntityStore.cpp,104,26088031341,2500,19,
EntityLoad.Read,/Users/obey/Desktop/MyVoxelGame/src/server/level/LevelEntityStore.cpp,104,26137285424,44060,19,
EntityLoad.Read,/Users/obey/Desktop/MyVoxelGame/src/server/level/LevelEntityStore.cpp,104,26137333984,2708,19,
EntityLoad.Read,/Users/obey/Desktop/MyVoxelGame/src/server/level/LevelEntityStore.cpp,104,26186844516,43476,19,
EntityLoad.Read,/Users/obey/Desktop/MyVoxelGame/src/server/level/LevelEntityStore.cpp,104,26237624478,44518,19,
EntityLoad.Read,/Users/obey/Desktop/MyVoxelGame/src/server/level/LevelEntityStore.cpp,104,26290829703,32352,19,
EntityLoad.Read,/Users/obey/Desktop/MyVoxelGame/src/server/level/LevelEntityStore.cpp,104,26339892348,54101,19,
EntityLoad.Read,/Users/obey/Desktop/MyVoxelGame/src/server/level/LevelEntityStore.cpp,104,26339956508,3042,19,
EntityLoad.Read,/Users/obey/Desktop/MyVoxelGame/src/server/level/LevelEntityStore.cpp,104,26386903421,32893,19,
EntityLoad.Read,/Users/obey/Desktop/MyVoxelGame/src/server/level/LevelEntityStore.cpp,104,26488066866,28893,19,
EntityLoad.Read,/Users/obey/Desktop/MyVoxelGame/src/server/level/LevelEntityStore.cpp,104,26537207128,29393,19,
EntityLoad.Read,/Users/obey/Desktop/MyVoxelGame/src/server/level/LevelEntityStore.cpp,104,26537242855,3058,19,
EntityLoad.Read,/Users/obey/Desktop/MyVoxelGame/src/server/level/LevelEntityStore.cpp,104,26586874041,42685,19,
EntityLoad.Read,/Users/obey/Desktop/MyVoxelGame/src/server/level/LevelEntityStore.cpp,104,26586926392,3560,19,
EntityLoad.Read,/Users/obey/Desktop/MyVoxelGame/src/server/level/LevelEntityStore.cpp,104,26586934035,2792,19,
EntityLoad.Read,/Users/obey/Desktop/MyVoxelGame/src/server/level/LevelEntityStore.cpp,104,26636878420,49661,19,
EntityLoad.Read,/Users/obey/Desktop/MyVoxelGame/src/server/level/LevelEntityStore.cpp,104,26636940331,3292,19,
EntityLoad.Read,/Users/obey/Desktop/MyVoxelGame/src/server/level/LevelEntityStore.cpp,104,26636952848,2125,19,
EntityLoad.Read,/Users/obey/Desktop/MyVoxelGame/src/server/level/LevelEntityStore.cpp,104,26687131043,51910,19,
EntityLoad.Read,/Users/obey/Desktop/MyVoxelGame/src/server/level/LevelEntityStore.cpp,104,26687186328,3042,19,
EntityLoad.Read,/Users/obey/Desktop/MyVoxelGame/src/server/level/LevelEntityStore.cpp,104,26736885031,27809,19,
EntityLoad.Read,/Users/obey/Desktop/MyVoxelGame/src/server/level/LevelEntityStore.cpp,104,26736919882,3268,19,
EntityLoad.Read,/Users/obey/Desktop/MyVoxelGame/src/server/level/LevelEntityStore.cpp,104,26736931108,2875,19,
EntityLoad.Read,/Users/obey/Desktop/MyVoxelGame/src/server/level/LevelEntityStore.cpp,104,26787090285,26683,19,
EntityLoad.Read,/Users/obey/Desktop/MyVoxelGame/src/server/level/LevelEntityStore.cpp,104,26787122403,3000,19,
EntityLoad.Read,/Users/obey/Desktop/MyVoxelGame/src/server/level/LevelEntityStore.cpp,104,26838389503,23059,19,
EntityLoad.Read,/Users/obey/Desktop/MyVoxelGame/src/server/level/LevelEntityStore.cpp,104,26886869312,27602,19,
EntityLoad.Read,/Users/obey/Desktop/MyVoxelGame/src/server/level/LevelEntityStore.cpp,104,26887010359,3791,19,
EntityLoad.Read,/Users/obey/Desktop/MyVoxelGame/src/server/level/LevelEntityStore.cpp,104,26887018775,2459,19,
EntityLoad.Read,/Users/obey/Desktop/MyVoxelGame/src/server/level/LevelEntityStore.cpp,104,26936858193,45994,19,
EntityLoad.Read,/Users/obey/Desktop/MyVoxelGame/src/server/level/LevelEntityStore.cpp,104,26936913187,3917,19,
EntityLoad.Read,/Users/obey/Desktop/MyVoxelGame/src/server/level/LevelEntityStore.cpp,104,26936925312,1667,19,
EntityLoad.Read,/Users/obey/Desktop/MyVoxelGame/src/server/level/LevelEntityStore.cpp,104,26986848072,22351,19,
EntityLoad.Read,/Users/obey/Desktop/MyVoxelGame/src/server/level/LevelEntityStore.cpp,104,27036898446,86386,19,
EntityLoad.Read,/Users/obey/Desktop/MyVoxelGame/src/server/level/LevelEntityStore.cpp,104,27036992749,3833,19,
EntityLoad.Read,/Users/obey/Desktop/MyVoxelGame/src/server/level/LevelEntityStore.cpp,104,27086879450,25768,19,
EntityLoad.Read,/Users/obey/Desktop/MyVoxelGame/src/server/level/LevelEntityStore.cpp,104,27086923676,11352,19,
EntityLoad.Read,/Users/obey/Desktop/MyVoxelGame/src/server/level/LevelEntityStore.cpp,104,27136891057,49184,19,
EntityLoad.Read,/Users/obey/Desktop/MyVoxelGame/src/server/level/LevelEntityStore.cpp,104,27136953883,3167,19,
EntityLoad.Read,/Users/obey/Desktop/MyVoxelGame/src/server/level/LevelEntityStore.cpp,104,27136963425,2000,19,
EntityLoad.Read,/Users/obey/Desktop/MyVoxelGame/src/server/level/LevelEntityStore.cpp,104,27187321390,39410,19,
EntityLoad.Read,/Users/obey/Desktop/MyVoxelGame/src/server/level/LevelEntityStore.cpp,104,27237387115,20500,19,
EntityLoad.Read,/Users/obey/Desktop/MyVoxelGame/src/server/level/LevelEntityStore.cpp,104,27237411341,2166,19,
EntityLoad.Read,/Users/obey/Desktop/MyVoxelGame/src/server/level/LevelEntityStore.cpp,104,27287394120,35576,19,
EntityLoad.Read,/Users/obey/Desktop/MyVoxelGame/src/server/level/LevelEntityStore.cpp,104,27336928461,42309,19,
EntityLoad.Read,/Users/obey/Desktop/MyVoxelGame/src/server/level/LevelEntityStore.cpp,104,27336979478,3334,19,
EntityLoad.Read,/Users/obey/Desktop/MyVoxelGame/src/server/level/LevelEntityStore.cpp,104,27387094304,11309,19,
EntityLoad.Read,/Users/obey/Desktop/MyVoxelGame/src/server/level/LevelEntityStore.cpp,104,27387109738,2084,19,
EntityLoad.Read,/Users/obey/Desktop/MyVoxelGame/src/server/level/LevelEntityStore.cpp,104,27387114238,1459,19,
EntityLoad.Read,/Users/obey/Desktop/MyVoxelGame/src/server/level/LevelEntityStore.cpp,104,27436848977,29476,19,
EntityLoad.Read,/Users/obey/Desktop/MyVoxelGame/src/server/level/LevelEntityStore.cpp,104,27436881995,2916,19,
EntityLoad.Read,/Users/obey/Desktop/MyVoxelGame/src/server/level/LevelEntityStore.cpp,104,27486870042,11416,19,
EntityLoad.Read,/Users/obey/Desktop/MyVoxelGame/src/server/level/LevelEntityStore.cpp,104,27486895725,6834,19,
EntityLoad.Read,/Users/obey/Desktop/MyVoxelGame/src/server/level/LevelEntityStore.cpp,104,27536846528,12518,19,
EntityLoad.Read,/Users/obey/Desktop/MyVoxelGame/src/server/level/LevelEntityStore.cpp,104,27586852635,12541,19,
EntityLoad.Read,/Users/obey/Desktop/MyVoxelGame/src/server/level/LevelEntityStore.cpp,104,27586868277,2666,19,
EntityLoad.Read,/Users/obey/Desktop/MyVoxelGame/src/server/level/LevelEntityStore.cpp,104,27638692086,19792,19,
EntityLoad.Read,/Users/obey/Desktop/MyVoxelGame/src/server/level/LevelEntityStore.cpp,104,27686866077,40494,19,
EntityLoad.Read,/Users/obey/Desktop/MyVoxelGame/src/server/level/LevelEntityStore.cpp,104,27686914571,2875,19,
EntityLoad.Read,/Users/obey/Desktop/MyVoxelGame/src/server/level/LevelEntityStore.cpp,104,27736866850,22667,19,
EntityLoad.Read,/Users/obey/Desktop/MyVoxelGame/src/server/level/LevelEntityStore.cpp,104,27736896659,2167,19,
EntityLoad.Read,/Users/obey/Desktop/MyVoxelGame/src/server/level/LevelEntityStore.cpp,104,27736903034,1875,19,
EntityLoad.Read,/Users/obey/Desktop/MyVoxelGame/src/server/level/LevelEntityStore.cpp,104,27786921390,47726,19,
EntityLoad.Read,/Users/obey/Desktop/MyVoxelGame/src/server/level/LevelEntityStore.cpp,104,27786976175,2875,19,
EntityLoad.Read,/Users/obey/Desktop/MyVoxelGame/src/server/level/LevelEntityStore.cpp,104,27836857568,19851,19,
EntityLoad.Read,/Users/obey/Desktop/MyVoxelGame/src/server/level/LevelEntityStore.cpp,104,27836883502,3792,19,
EntityLoad.Read,/Users/obey/Desktop/MyVoxelGame/src/server/level/LevelEntityStore.cpp,104,27836891294,2125,19,
EntityLoad.Read,/Users/obey/Desktop/MyVoxelGame/src/server/level/LevelEntityStore.cpp,104,27939853485,32684,19,
EntityLoad.Read,/Users/obey/Desktop/MyVoxelGame/src/server/level/LevelEntityStore.cpp,104,27986842474,7917,19,
EntityLoad.Read,/Users/obey/Desktop/MyVoxelGame/src/server/level/LevelEntityStore.cpp,104,27986854266,2417,19,
EntityLoad.Read,/Users/obey/Desktop/MyVoxelGame/src/server/level/LevelEntityStore.cpp,104,28036881140,43601,19,
EntityLoad.Read,/Users/obey/Desktop/MyVoxelGame/src/server/level/LevelEntityStore.cpp,104,28136858107,78494,19,
EntityLoad.Read,/Users/obey/Desktop/MyVoxelGame/src/server/level/LevelEntityStore.cpp,104,28136946785,7958,19,
EntityLoad.Read,/Users/obey/Desktop/MyVoxelGame/src/server/level/LevelEntityStore.cpp,104,28187322793,45493,19,
EntityLoad.Read,/Users/obey/Desktop/MyVoxelGame/src/server/level/LevelEntityStore.cpp,104,28187374578,3833,19,
EntityLoad.Read,/Users/obey/Desktop/MyVoxelGame/src/server/level/LevelEntityStore.cpp,104,28236904235,29226,19,
EntityLoad.Read,/Users/obey/Desktop/MyVoxelGame/src/server/level/LevelEntityStore.cpp,104,28236937211,2250,19,
EntityLoad.Read,/Users/obey/Desktop/MyVoxelGame/src/server/level/LevelEntityStore.cpp,104,28287574752,27143,19,
EntityLoad.Read,/Users/obey/Desktop/MyVoxelGame/src/server/level/LevelEntityStore.cpp,104,28287605437,2958,19,
EntityLoad.Read,/Users/obey/Desktop/MyVoxelGame/src/server/level/LevelEntityStore.cpp,104,28387137534,108468,19,
EntityLoad.Read,/Users/obey/Desktop/MyVoxelGame/src/server/level/LevelEntityStore.cpp,104,28487783804,15000,19,
EntityLoad.Read,/Users/obey/Desktop/MyVoxelGame/src/server/level/LevelEntityStore.cpp,104,28487803554,2643,19,
EntityLoad.Read,/Users/obey/Desktop/MyVoxelGame/src/server/level/LevelEntityStore.cpp,104,28487809322,1625,19,
EntityLoad.Read,/Users/obey/Desktop/MyVoxelGame/src/server/level/LevelEntityStore.cpp,104,28536893174,22393,19,
EntityLoad.Read,/Users/obey/Desktop/MyVoxelGame/src/server/level/LevelEntityStore.cpp,104,28587634910,15583,19,
EntityLoad.Read,/Users/obey/Desktop/MyVoxelGame/src/server/level/LevelEntityStore.cpp,104,28587657160,2892,19,
EntityLoad.Read,/Users/obey/Desktop/MyVoxelGame/src/server/level/LevelEntityStore.cpp,104,28638734006,81136,19,
EntityLoad.Read,/Users/obey/Desktop/MyVoxelGame/src/server/level/LevelEntityStore.cpp,104,28686859563,36101,19,
EntityLoad.Read,/Users/obey/Desktop/MyVoxelGame/src/server/level/LevelEntityStore.cpp,104,28686902557,2750,19,
EntityLoad.Read,/Users/obey/Desktop/MyVoxelGame/src/server/level/LevelEntityStore.cpp,104,28686909432,2042,19,
EntityLoad.Read,/Users/obey/Desktop/MyVoxelGame/src/server/level/LevelEntityStore.cpp,104,28739180422,58642,19,
EntityLoad.Read,/Users/obey/Desktop/MyVoxelGame/src/server/level/LevelEntityStore.cpp,104,28739246624,3916,19,
EntityLoad.Read,/Users/obey/Desktop/MyVoxelGame/src/server/level/LevelEntityStore.cpp,104,28786904982,23560,19,
EntityLoad.Read,/Users/obey/Desktop/MyVoxelGame/src/server/level/LevelEntityStore.cpp,104,28786934959,3416,19,
EntityLoad.Read,/Users/obey/Desktop/MyVoxelGame/src/server/level/LevelEntityStore.cpp,104,28786944810,2125,19,
EntityLoad.Read,/Users/obey/Desktop/MyVoxelGame/src/server/level/LevelEntityStore.cpp,104,28836894654,48620,19,
EntityLoad.Read,/Users/obey/Desktop/MyVoxelGame/src/server/level/LevelEntityStore.cpp,104,28887391208,16143,19,
EntityLoad.Read,/Users/obey/Desktop/MyVoxelGame/src/server/level/LevelEntityStore.cpp,104,28887412976,2958,19,
EntityLoad.Read,/Users/obey/Desktop/MyVoxelGame/src/server/level/LevelEntityStore.cpp,104,28887419476,1583,19,
EntityLoad.Read,/Users/obey/Desktop/MyVoxelGame/src/server/level/LevelEntityStore.cpp,104,28937095930,13833,19,
EntityLoad.Read,/Users/obey/Desktop/MyVoxelGame/src/server/level/LevelEntityStore.cpp,104,28986924930,29643,19,
EntityLoad.Read,/Users/obey/Desktop/MyVoxelGame/src/server/level/LevelEntityStore.cpp,104,29037316830,52326,19,
EntityLoad.Read,/Users/obey/Desktop/MyVoxelGame/src/server/level/LevelEntityStore.cpp,104,29037374990,3666,19,
EntityLoad.Read,/Users/obey/Desktop/MyVoxelGame/src/server/level/LevelEntityStore.cpp,104,29189852862,31310,19,
EntityLoad.Read,/Users/obey/Desktop/MyVoxelGame/src/server/level/LevelEntityStore.cpp,104,29237020375,113719,19,
EntityLoad.Read,/Users/obey/Desktop/MyVoxelGame/src/server/level/LevelEntityStore.cpp,104,29237158403,14018,19,
EntityLoad.Read,/Users/obey/Desktop/MyVoxelGame/src/server/level/LevelEntityStore.cpp,104,29286997404,69094,19,
EntityLoad.Read,/Users/obey/Desktop/MyVoxelGame/src/server/level/LevelEntityStore.cpp,104,29339218376,46643,19,
EntityLoad.Read,/Users/obey/Desktop/MyVoxelGame/src/server/level/LevelEntityStore.cpp,104,29386866359,25435,19,
EntityLoad.Read,/Users/obey/Desktop/MyVoxelGame/src/server/level/LevelEntityStore.cpp,104,29386899086,3416,19,
EntityLoad.Read,/Users/obey/Desktop/MyVoxelGame/src/server/level/LevelEntityStore.cpp,104,29386908252,2084,19,
EntityLoad.Read,/Users/obey/Desktop/MyVoxelGame/src/server/level/LevelEntityStore.cpp,104,29436921109,35684,19,
EntityLoad.Read,/Users/obey/Desktop/MyVoxelGame/src/server/level/LevelEntityStore.cpp,104,29436960501,2833,19,
EntityLoad.Read,/Users/obey/Desktop/MyVoxelGame/src/server/level/LevelEntityStore.cpp,104,29486889220,67720,19,
EntityLoad.Read,/Users/obey/Desktop/MyVoxelGame/src/server/level/LevelEntityStore.cpp,104,29486965023,4334,19,
EntityLoad.Read,/Users/obey/Desktop/MyVoxelGame/src/server/level/LevelEntityStore.cpp,104,29537887324,99343,19,
EntityLoad.Read,/Users/obey/Desktop/MyVoxelGame/src/server/level/LevelEntityStore.cpp,104,29587405963,42993,19,
EntityLoad.Read,/Users/obey/Desktop/MyVoxelGame/src/server/level/LevelEntityStore.cpp,104,29637689644,57702,19,
EntityLoad.Read,/Users/obey/Desktop/MyVoxelGame/src/server/level/LevelEntityStore.cpp,104,29637752179,3875,19,
EntityLoad.Read,/Users/obey/Desktop/MyVoxelGame/src/server/level/LevelEntityStore.cpp,104,29686907418,51517,19,
EntityLoad.Read,/Users/obey/Desktop/MyVoxelGame/src/server/level/LevelEntityStore.cpp,104,29686963393,3393,19,
EntityLoad.Read,/Users/obey/Desktop/MyVoxelGame/src/server/level/LevelEntityStore.cpp,104,29736863155,99011,19,
EntityLoad.Read,/Users/obey/Desktop/MyVoxelGame/src/server/level/LevelEntityStore.cpp,104,29736966875,3666,19,
EntityLoad.Read,/Users/obey/Desktop/MyVoxelGame/src/server/level/LevelEntityStore.cpp,104,29787772270,45684,19,
EntityLoad.Read,/Users/obey/Desktop/MyVoxelGame/src/server/level/LevelEntityStore.cpp,104,29787821496,2725,19,
EntityLoad.Read,/Users/obey/Desktop/MyVoxelGame/src/server/level/LevelEntityStore.cpp,104,29836854955,40517,19,
EntityLoad.Read,/Users/obey/Desktop/MyVoxelGame/src/server/level/LevelEntityStore.cpp,104,29886871394,16935,19,
EntityLoad.Read,/Users/obey/Desktop/MyVoxelGame/src/server/level/LevelEntityStore.cpp,104,29886899829,3417,19,
EntityLoad.Read,/Users/obey/Desktop/MyVoxelGame/src/server/level/LevelEntityStore.cpp,104,29886909037,1959,19,
EntityLoad.Read,/Users/obey/Desktop/MyVoxelGame/src/server/level/LevelEntityStore.cpp,104,29936856899,21893,19,
EntityLoad.Read,/Users/obey/Desktop/MyVoxelGame/src/server/level/LevelEntityStore.cpp,104,29936884000,3000,19,
EntityLoad.Read,/Users/obey/Desktop/MyVoxelGame/src/server/level/LevelEntityStore.cpp,104,29936892000,2042,19,
EntityLoad.Read,/Users/obey/Desktop/MyVoxelGame/src/server/level/LevelEntityStore.cpp,104,29987097253,28685,19,
EntityLoad.Read,/Users/obey/Desktop/MyVoxelGame/src/server/level/LevelEntityStore.cpp,104,29987131105,3683,19,
EntityLoad.Read,/Users/obey/Desktop/MyVoxelGame/src/server/level/LevelEntityStore.cpp,104,30037642383,30476,19,
EntityLoad.Read,/Users/obey/Desktop/MyVoxelGame/src/server/level/LevelEntityStore.cpp,104,30037678484,3791,19,
EntityLoad.Read,/Users/obey/Desktop/MyVoxelGame/src/server/level/LevelEntityStore.cpp,104,30037689900,2292,19,
EntityLoad.Read,/Users/obey/Desktop/MyVoxelGame/src/server/level/LevelEntityStore.cpp,104,30087305321,39725,19,
EntityLoad.Read,/Users/obey/Desktop/MyVoxelGame/src/server/level/LevelEntityStore.cpp,104,30137244497,39244,19,
EntityLoad.Read,/Users/obey/Desktop/MyVoxelGame/src/server/level/LevelEntityStore.cpp,104,30137294699,4042,19,
EntityLoad.Read,/Users/obey/Desktop/MyVoxelGame/src/server/level/LevelEntityStore.cpp,104,30137304949,1708,19,
EntityLoad.Read,/Users/obey/Desktop/MyVoxelGame/src/server/level/LevelEntityStore.cpp,104,30137310699,1518,19,
EntityLoad.Read,/Users/obey/Desktop/MyVoxelGame/src/server/level/LevelEntityStore.cpp,104,30189548547,28351,19,
EntityLoad.Read,/Users/obey/Desktop/MyVoxelGame/src/server/level/LevelEntityStore.cpp,104,30236870189,26559,19,
EntityLoad.Read,/Users/obey/Desktop/MyVoxelGame/src/server/level/LevelEntityStore.cpp,104,30286898794,29976,19,
EntityLoad.Read,/Users/obey/Desktop/MyVoxelGame/src/server/level/LevelEntityStore.cpp,104,30336873507,22417,19,
EntityLoad.Read,/Users/obey/Desktop/MyVoxelGame/src/server/level/LevelEntityStore.cpp,104,30389363787,29767,19,
EntityLoad.Read,/Users/obey/Desktop/MyVoxelGame/src/server/level/LevelEntityStore.cpp,104,30437695325,23727,19,
EntityLoad.Read,/Users/obey/Desktop/MyVoxelGame/src/server/level/LevelEntityStore.cpp,104,30487167049,16208,19,
EntityLoad.Read,/Users/obey/Desktop/MyVoxelGame/src/server/level/LevelEntityStore.cpp,104,30487188174,2166,19,
EntityLoad.Read,/Users/obey/Desktop/MyVoxelGame/src/server/level/LevelEntityStore.cpp,104,30546048252,55452,19,
EntityLoad.Read,/Users/obey/Desktop/MyVoxelGame/src/server/level/LevelEntityStore.cpp,104,30587193992,19685,19,
EntityLoad.Read,/Users/obey/Desktop/MyVoxelGame/src/server/level/LevelEntityStore.cpp,104,30587217302,3166,19,
EntityLoad.Read,/Users/obey/Desktop/MyVoxelGame/src/server/level/LevelEntityStore.cpp,104,30636865362,74078,19,
EntityLoad.Read,/Users/obey/Desktop/MyVoxelGame/src/server/level/LevelEntityStore.cpp,104,30687332941,73243,19,
EntityLoad.Read,/Users/obey/Desktop/MyVoxelGame/src/server/level/LevelEntityStore.cpp,104,30687411934,3792,19,
EntityLoad.Read,/Users/obey/Desktop/MyVoxelGame/src/server/level/LevelEntityStore.cpp,104,30736872848,22267,19,
EntityLoad.Read,/Users/obey/Desktop/MyVoxelGame/src/server/level/LevelEntityStore.cpp,104,30736906865,3208,19,
EntityLoad.Read,/Users/obey/Desktop/MyVoxelGame/src/server/level/LevelEntityStore.cpp,104,30787607775,22559,19,
EntityLoad.Read,/Users/obey/Desktop/MyVoxelGame/src/server/level/LevelEntityStore.cpp,104,30836858941,35517,19,
EntityLoad.Read,/Users/obey/Desktop/MyVoxelGame/src/server/level/LevelEntityStore.cpp,104,30836902518,2333,19,
EntityLoad.Read,/Users/obey/Desktop/MyVoxelGame/src/server/level/LevelEntityStore.cpp,104,30836912768,2333,19,
EntityLoad.Read,/Users/obey/Desktop/MyVoxelGame/src/server/level/LevelEntityStore.cpp,104,30886878422,20934,19,
EntityLoad.Read,/Users/obey/Desktop/MyVoxelGame/src/server/level/LevelEntityStore.cpp,104,30886904190,2583,19,
EntityLoad.Read,/Users/obey/Desktop/MyVoxelGame/src/server/level/LevelEntityStore.cpp,104,30936864676,26351,19,
EntityLoad.Read,/Users/obey/Desktop/MyVoxelGame/src/server/level/LevelEntityStore.cpp,104,30936897694,3292,19,
EntityLoad.Read,/Users/obey/Desktop/MyVoxelGame/src/server/level/LevelEntityStore.cpp,104,30936905962,2208,19,
EntityLoad.Read,/Users/obey/Desktop/MyVoxelGame/src/server/level/LevelEntityStore.cpp,104,30987382998,26892,19,
EntityLoad.Read,/Users/obey/Desktop/MyVoxelGame/src/server/level/LevelEntityStore.cpp,104,31037329259,23226,19,
EntityLoad.Read,/Users/obey/Desktop/MyVoxelGame/src/server/level/LevelEntityStore.cpp,104,31037358360,2916,19,
EntityLoad.Read,/Users/obey/Desktop/MyVoxelGame/src/server/level/LevelEntityStore.cpp,104,31037364735,3143,19,
EntityLoad.Read,/Users/obey/Desktop/MyVoxelGame/src/server/level/LevelEntityStore.cpp,104,31037373669,2792,19,
EntityLoad.Read,/Users/obey/Desktop/MyVoxelGame/src/server/level/LevelEntityStore.cpp,104,31087343114,14060,19,
EntityLoad.Read,/Users/obey/Desktop/MyVoxelGame/src/server/level/LevelEntityStore.cpp,104,31087363007,2875,19,
EntityLoad.Read,/Users/obey/Desktop/MyVoxelGame/src/server/level/LevelEntityStore.cpp,104,31087370340,2500,19,
EntityLoad.Read,/Users/obey/Desktop/MyVoxelGame/src/server/level/LevelEntityStore.cpp,104,31136880397,27268,19,
EntityLoad.Read,/Users/obey/Desktop/MyVoxelGame/src/server/level/LevelEntityStore.cpp,104,31136915683,3333,19,
EntityLoad.Read,/Users/obey/Desktop/MyVoxelGame/src/server/level/LevelEntityStore.cpp,104,31136924766,2334,19,
EntityLoad.Read,/Users/obey/Desktop/MyVoxelGame/src/server/level/LevelEntityStore.cpp,104,31186910979,44142,19,
EntityLoad.Read,/Users/obey/Desktop/MyVoxelGame/src/server/level/LevelEntityStore.cpp,104,31186960538,3559,19,
EntityLoad.Read,/Users/obey/Desktop/MyVoxelGame/src/server/level/LevelEntityStore.cpp,104,31186971972,2667,19,
EntityLoad.Read,/Users/obey/Desktop/MyVoxelGame/src/server/level/LevelEntityStore.cpp,104,31236854032,19643,19,
EntityLoad.Read,/Users/obey/Desktop/MyVoxelGame/src/server/level/LevelEntityStore.cpp,104,31236879591,2834,19,
EntityLoad.Read,/Users/obey/Desktop/MyVoxelGame/src/server/level/LevelEntityStore.cpp,104,31236886800,1833,19,
EntityLoad.Read,/Users/obey/Desktop/MyVoxelGame/src/server/level/LevelEntityStore.cpp,104,31286891154,41768,19,
EntityLoad.Read,/Users/obey/Desktop/MyVoxelGame/src/server/level/LevelEntityStore.cpp,104,31286947399,8416,19,
EntityLoad.Read,/Users/obey/Desktop/MyVoxelGame/src/server/level/LevelEntityStore.cpp,104,31339276365,18892,19,
EntityLoad.Read,/Users/obey/Desktop/MyVoxelGame/src/server/level/LevelEntityStore.cpp,104,31387266393,17184,19,
EntityLoad.Read,/Users/obey/Desktop/MyVoxelGame/src/server/level/LevelEntityStore.cpp,104,31387287993,2584,19,
EntityLoad.Read,/Users/obey/Desktop/MyVoxelGame/src/server/level/LevelEntityStore.cpp,104,31387294035,1583,19,
EntityLoad.Read,/Users/obey/Desktop/MyVoxelGame/src/server/level/LevelEntityStore.cpp,104,31437333451,20125,19,
EntityLoad.Read,/Users/obey/Desktop/MyVoxelGame/src/server/level/LevelEntityStore.cpp,104,31437356993,3417,19,
EntityLoad.Read,/Users/obey/Desktop/MyVoxelGame/src/server/level/LevelEntityStore.cpp,104,31437363927,2375,19,
EntityLoad.Read,/Users/obey/Desktop/MyVoxelGame/src/server/level/LevelEntityStore.cpp,104,31486870733,29476,19,
EntityLoad.Read,/Users/obey/Desktop/MyVoxelGame/src/server/level/LevelEntityStore.cpp,104,31486909500,3750,19,
EntityLoad.Read,/Users/obey/Desktop/MyVoxelGame/src/server/level/LevelEntityStore.cpp,104,31537100628,26684,19,
EntityLoad.Read,/Users/obey/Desktop/MyVoxelGame/src/server/level/LevelEntityStore.cpp,104,31586861285,28183,19,
EntityLoad.Read,/Users/obey/Desktop/MyVoxelGame/src/server/level/LevelEntityStore.cpp,104,31586897028,24292,19,
EntityLoad.Read,/Users/obey/Desktop/MyVoxelGame/src/server/level/LevelEntityStore.cpp,104,31586929504,3542,19,
EntityLoad.Read,/Users/obey/Desktop/MyVoxelGame/src/server/level/LevelEntityStore.cpp,104,31636846872,20101,19,
EntityLoad.Read,/Users/obey/Desktop/MyVoxelGame/src/server/level/LevelEntityStore.cpp,104,31636870889,2709,19,
EntityLoad.Read,/Users/obey/Desktop/MyVoxelGame/src/server/level/LevelEntityStore.cpp,104,31687850391,22917,19,
EntityLoad.Read,/Users/obey/Desktop/MyVoxelGame/src/server/level/LevelEntityStore.cpp,104,31736895726,54768,19,
EntityLoad.Read,/Users/obey/Desktop/MyVoxelGame/src/server/level/LevelEntityStore.cpp,104,31736961303,16375,19,
EntityLoad.Read,/Users/obey/Desktop/MyVoxelGame/src/server/level/LevelEntityStore.cpp,104,31786894064,40768,19,
EntityLoad.Read,/Users/obey/Desktop/MyVoxelGame/src/server/level/LevelEntityStore.cpp,104,31786941434,2666,19,
EntityLoad.Read,/Users/obey/Desktop/MyVoxelGame/src/server/level/LevelEntityStore.cpp,104,31786949225,2709,19,
EntityLoad.Read,/Users/obey/Desktop/MyVoxelGame/src/server/level/LevelEntityStore.cpp,104,31836858260,25059,19,
EntityLoad.Read,/Users/obey/Desktop/MyVoxelGame/src/server/level/LevelEntityStore.cpp,104,31836889402,3458,19,
EntityLoad.Read,/Users/obey/Desktop/MyVoxelGame/src/server/level/LevelEntityStore.cpp,104,31886859781,23125,19,
EntityLoad.Read,/Users/obey/Desktop/MyVoxelGame/src/server/level/LevelEntityStore.cpp,104,31886890008,3375,19,
EntityLoad.Read,/Users/obey/Desktop/MyVoxelGame/src/server/level/LevelEntityStore.cpp,104,31937689678,20602,19,
EntityLoad.Read,/Users/obey/Desktop/MyVoxelGame/src/server/level/LevelEntityStore.cpp,104,31937714613,3500,19,
EntityLoad.Read,/Users/obey/Desktop/MyVoxelGame/src/server/level/LevelEntityStore.cpp,104,31986863934,24083,19,
EntityLoad.Read,/Users/obey/Desktop/MyVoxelGame/src/server/level/LevelEntityStore.cpp,104,32036970843,46351,19,
EntityLoad.Read,/Users/obey/Desktop/MyVoxelGame/src/server/level/LevelEntityStore.cpp,104,32037028027,3101,19,
EntityLoad.Read,/Users/obey/Desktop/MyVoxelGame/src/server/level/LevelEntityStore.cpp,104,32087283731,32352,19,
EntityLoad.Read,/Users/obey/Desktop/MyVoxelGame/src/server/level/LevelEntityStore.cpp,104,32136884567,43810,19,
EntityLoad.Read,/Users/obey/Desktop/MyVoxelGame/src/server/level/LevelEntityStore.cpp,104,32136935419,4083,19,
EntityLoad.Read,/Users/obey/Desktop/MyVoxelGame/src/server/level/LevelEntityStore.cpp,104,32187153646,26060,19,
EntityLoad.Read,/Users/obey/Desktop/MyVoxelGame/src/server/level/LevelEntityStore.cpp,104,32187188331,3000,19,
EntityLoad.Read,/Users/obey/Desktop/MyVoxelGame/src/server/level/LevelEntityStore.cpp,104,32187195331,3292,19,
EntityLoad.Read,/Users/obey/Desktop/MyVoxelGame/src/server/level/LevelEntityStore.cpp,104,32236881327,44577,19,
EntityLoad.Read,/Users/obey/Desktop/MyVoxelGame/src/server/level/LevelEntityStore.cpp,104,32236934362,4125,19,
EntityLoad.Read,/Users/obey/Desktop/MyVoxelGame/src/server/level/LevelEntityStore.cpp,104,32236944654,2625,19,
EntityLoad.Read,/Users/obey/Desktop/MyVoxelGame/src/server/level/LevelEntityStore.cpp,104,32286884848,44185,19,
EntityLoad.Read,/Users/obey/Desktop/MyVoxelGame/src/server/level/LevelEntityStore.cpp,104,32286933991,4375,19,
EntityLoad.Read,/Users/obey/Desktop/MyVoxelGame/src/server/level/LevelEntityStore.cpp,104,32336854877,21726,19,
EntityLoad.Read,/Users/obey/Desktop/MyVoxelGame/src/server/level/LevelEntityStore.cpp,104,32336885269,2750,19,
EntityLoad.Read,/Users/obey/Desktop/MyVoxelGame/src/server/level/LevelEntityStore.cpp,104,32336894519,2893,19,
EntityLoad.Read,/Users/obey/Desktop/MyVoxelGame/src/server/level/LevelEntityStore.cpp,104,32387252545,37059,19,
EntityLoad.Read,/Users/obey/Desktop/MyVoxelGame/src/server/level/LevelEntityStore.cpp,104,32387294771,1875,19,
EntityLoad.Read,/Users/obey/Desktop/MyVoxelGame/src/server/level/LevelEntityStore.cpp,104,32387300104,1875,19,
EntityLoad.Read,/Users/obey/Desktop/MyVoxelGame/src/server/level/LevelEntityStore.cpp,104,32436879880,36977,19,
EntityLoad.Read,/Users/obey/Desktop/MyVoxelGame/src/server/level/LevelEntityStore.cpp,104,32436921357,3166,19,
EntityLoad.Read,/Users/obey/Desktop/MyVoxelGame/src/server/level/LevelEntityStore.cpp,104,32486856034,37785,19,
EntityLoad.Read,/Users/obey/Desktop/MyVoxelGame/src/server/level/LevelEntityStore.cpp,104,32537387147,19226,19,
EntityLoad.Read,/Users/obey/Desktop/MyVoxelGame/src/server/level/LevelEntityStore.cpp,104,32637168718,22684,19,
EntityLoad.Read,/Users/obey/Desktop/MyVoxelGame/src/server/level/LevelEntityStore.cpp,104,32688286416,23183,19,
EntityLoad.Read,/Users/obey/Desktop/MyVoxelGame/src/server/level/LevelEntityStore.cpp,104,32787137565,24393,19,
EntityLoad.Read,/Users/obey/Desktop/MyVoxelGame/src/server/level/LevelEntityStore.cpp,104,32836908656,44309,19,
EntityLoad.Read,/Users/obey/Desktop/MyVoxelGame/src/server/level/LevelEntityStore.cpp,104,32886848167,28558,19,
EntityLoad.Read,/Users/obey/Desktop/MyVoxelGame/src/server/level/LevelEntityStore.cpp,104,32886883517,3060,19,
EntityLoad.Read,/Users/obey/Desktop/MyVoxelGame/src/server/level/LevelEntityStore.cpp,104,32936879124,44268,19,
EntityLoad.Read,/Users/obey/Desktop/MyVoxelGame/src/server/level/LevelEntityStore.cpp,104,32936933700,2542,19,
EntityLoad.Read,/Users/obey/Desktop/MyVoxelGame/src/server/level/LevelEntityStore.cpp,104,32936943534,2666,19,
EntityLoad.Read,/Users/obey/Desktop/MyVoxelGame/src/server/level/LevelEntityStore.cpp,104,32936950284,2250,19,
EntityLoad.Read,/Users/obey/Desktop/MyVoxelGame/src/server/level/LevelEntityStore.cpp,104,32936955700,1750,19,
EntityLoad.Read,/Users/obey/Desktop/MyVoxelGame/src/server/level/LevelEntityStore.cpp,104,32986867836,35809,19,
EntityLoad.Read,/Users/obey/Desktop/MyVoxelGame/src/server/level/LevelEntityStore.cpp,104,32986910187,2166,19,
EntityLoad.Read,/Users/obey/Desktop/MyVoxelGame/src/server/level/LevelEntityStore.cpp,104,32986914770,1583,19,
EntityLoad.Read,/Users/obey/Desktop/MyVoxelGame/src/server/level/LevelEntityStore.cpp,104,32986918312,1750,19,
EntityLoad.Read,/Users/obey/Desktop/MyVoxelGame/src/server/level/LevelEntityStore.cpp,104,33037148333,34976,19,
EntityLoad.Read,/Users/obey/Desktop/MyVoxelGame/src/server/level/LevelEntityStore.cpp,104,33037187576,3625,19,
EntityLoad.Read,/Users/obey/Desktop/MyVoxelGame/src/server/level/LevelEntityStore.cpp,104,33037194660,2375,19,
EntityLoad.Read,/Users/obey/Desktop/MyVoxelGame/src/server/level/LevelEntityStore.cpp,104,33086872780,32976,19,
EntityLoad.Read,/Users/obey/Desktop/MyVoxelGame/src/server/level/LevelEntityStore.cpp,104,33086913048,3333,19,
EntityLoad.Read,/Users/obey/Desktop/MyVoxelGame/src/server/level/LevelEntityStore.cpp,104,33136846267,12184,19,
EntityLoad.Read,/Users/obey/Desktop/MyVoxelGame/src/server/level/LevelEntityStore.cpp,104,33136862117,2209,19,
EntityLoad.Read,/Users/obey/Desktop/MyVoxelGame/src/server/level/LevelEntityStore.cpp,104,33136866742,2250,19,
EntityLoad.Read,/Users/obey/Desktop/MyVoxelGame/src/server/level/LevelEntityStore.cpp,104,33186900349,40827,19,
EntityLoad.Read,/Users/obey/Desktop/MyVoxelGame/src/server/level/LevelEntityStore.cpp,104,33186946426,3500,19,
EntityLoad.Read,/Users/obey/Desktop/MyVoxelGame/src/server/level/LevelEntityStore.cpp,104,33186955717,1917,19,
EntityLoad.Read,/Users/obey/Desktop/MyVoxelGame/src/server/level/LevelEntityStore.cpp,104,33237247689,21017,19,
EntityLoad.Read,/Users/obey/Desktop/MyVoxelGame/src/server/level/LevelEntityStore.cpp,104,33237271373,2167,19,
EntityLoad.Read,/Users/obey/Desktop/MyVoxelGame/src/server/level/LevelEntityStore.cpp,104,33237275623,1500,19,
EntityLoad.Read,/Users/obey/Desktop/MyVoxelGame/src/server/level/LevelEntityStore.cpp,104,33286884584,34018,19,
EntityLoad.Read,/Users/obey/Desktop/MyVoxelGame/src/server/level/LevelEntityStore.cpp,104,33286924519,2458,19,
EntityLoad.Read,/Users/obey/Desktop/MyVoxelGame/src/server/level/LevelEntityStore.cpp,104,33336861571,20684,19,
EntityLoad.Read,/Users/obey/Desktop/MyVoxelGame/src/server/level/LevelEntityStore.cpp,104,33336886963,2792,19,
EntityLoad.Read,/Users/obey/Desktop/MyVoxelGame/src/server/level/LevelEntityStore.cpp,104,33386879885,32768,19,
EntityLoad.Read,/Users/obey/Desktop/MyVoxelGame/src/server/level/LevelEntityStore.cpp,104,33386920963,2292,19,
EntityLoad.Read,/Users/obey/Desktop/MyVoxelGame/src/server/level/LevelEntityStore.cpp,104,33436870223,27143,19,
EntityLoad.Read,/Users/obey/Desktop/MyVoxelGame/src/server/level/LevelEntityStore.cpp,104,33436902074,3185,19,
EntityLoad.Read,/Users/obey/Desktop/MyVoxelGame/src/server/level/LevelEntityStore.cpp,104,33436909634,2167,19,
EntityLoad.Read,/Users/obey/Desktop/MyVoxelGame/src/server/level/LevelEntityStore.cpp,104,33436913926,1666,19,
EntityLoad.Read,/Users/obey/Desktop/MyVoxelGame/src/server/level/LevelEntityStore.cpp,104,33486841687,15916,19,
EntityLoad.Read,/Users/obey/Desktop/MyVoxelGame/src/server/level/LevelEntityStore.cpp,104,33486865288,3000,19,
EntityLoad.Read,/Users/obey/Desktop/MyVoxelGame/src/server/level/LevelEntityStore.cpp,104,33538854143,26309,19,
EntityLoad.Read,/Users/obey/Desktop/MyVoxelGame/src/server/level/LevelEntityStore.cpp,104,33538885702,2375,19,
EntityLoad.Read,/Users/obey/Desktop/MyVoxelGame/src/server/level/LevelEntityStore.cpp,104,33538891369,2726,19,
EntityLoad.Read,/Users/obey/Desktop/MyVoxelGame/src/server/level/LevelEntityStore.cpp,104,33586858880,21892,19,
EntityLoad.Read,/Users/obey/Desktop/MyVoxelGame/src/server/level/LevelEntityStore.cpp,104,33586886272,2833,19,
EntityLoad.Read,/Users/obey/Desktop/MyVoxelGame/src/server/level/LevelEntityStore.cpp,104,33636881319,29935,19,
EntityLoad.Read,/Users/obey/Desktop/MyVoxelGame/src/server/level/LevelEntityStore.cpp,104,33636919313,3875,19,
EntityLoad.Read,/Users/obey/Desktop/MyVoxelGame/src/server/level/LevelEntityStore.cpp,104,33636928480,2250,19,
EntityLoad.Read,/Users/obey/Desktop/MyVoxelGame/src/server/level/LevelEntityStore.cpp,104,33636935730,2125,19,
EntityLoad.Read,/Users/obey/Desktop/MyVoxelGame/src/server/level/LevelEntityStore.cpp,104,33688529957,17083,19,
EntityLoad.Read,/Users/obey/Desktop/MyVoxelGame/src/server/level/LevelEntityStore.cpp,104,33688550624,2934,19,
EntityLoad.Read,/Users/obey/Desktop/MyVoxelGame/src/server/level/LevelEntityStore.cpp,104,33688555142,2500,19,
EntityLoad.Read,/Users/obey/Desktop/MyVoxelGame/src/server/level/LevelEntityStore.cpp,104,33736860472,56142,19,
EntityLoad.Read,/Users/obey/Desktop/MyVoxelGame/src/server/level/LevelEntityStore.cpp,104,33736922548,10750,19,
EntityLoad.Read,/Users/obey/Desktop/MyVoxelGame/src/server/level/LevelEntityStore.cpp,104,33786863143,19642,19,
EntityLoad.Read,/Users/obey/Desktop/MyVoxelGame/src/server/level/LevelEntityStore.cpp,104,33786886826,2792,19,
EntityLoad.Read,/Users/obey/Desktop/MyVoxelGame/src/server/level/LevelEntityStore.cpp,104,33836876332,23309,19,
EntityLoad.Read,/Users/obey/Desktop/MyVoxelGame/src/server/level/LevelEntityStore.cpp,104,33836906475,3000,19,
EntityLoad.Read,/Users/obey/Desktop/MyVoxelGame/src/server/level/LevelEntityStore.cpp,104,33887158078,49994,19,
EntityLoad.Read,/Users/obey/Desktop/MyVoxelGame/src/server/level/LevelEntityStore.cpp,104,33887214280,2500,19,
EntityLoad.Read,/Users/obey/Desktop/MyVoxelGame/src/server/level/LevelEntityStore.cpp,104,33887219530,2309,19,
EntityLoad.Read,/Users/obey/Desktop/MyVoxelGame/src/server/level/LevelEntityStore.cpp,104,33887223880,1959,19,
EntityLoad.Read,/Users/obey/Desktop/MyVoxelGame/src/server/level/LevelEntityStore.cpp,104,33936870383,18518,19,
EntityLoad.Read,/Users/obey/Desktop/MyVoxelGame/src/server/level/LevelEntityStore.cpp,104,33936897859,3084,19,
EntityLoad.Read,/Users/obey/Desktop/MyVoxelGame/src/server/level/LevelEntityStore.cpp,104,33936904211,1958,19,
EntityLoad.Read,/Users/obey/Desktop/MyVoxelGame/src/server/level/LevelEntityStore.cpp,104,33987190998,22267,19,
EntityLoad.Read,/Users/obey/Desktop/MyVoxelGame/src/server/level/LevelEntityStore.cpp,104,33987219598,2959,19,
EntityLoad.Read,/Users/obey/Desktop/MyVoxelGame/src/server/level/LevelEntityStore.cpp,104,33987224807,2643,19,
EntityLoad.Read,/Users/obey/Desktop/MyVoxelGame/src/server/level/LevelEntityStore.cpp,104,34037003831,40225,19,
EntityLoad.Read,/Users/obey/Desktop/MyVoxelGame/src/server/level/LevelEntityStore.cpp,104,34037052348,3625,19,
EntityLoad.Read,/Users/obey/Desktop/MyVoxelGame/src/server/level/LevelEntityStore.cpp,104,34087381464,12934,19,
EntityLoad.Read,/Users/obey/Desktop/MyVoxelGame/src/server/level/LevelEntityStore.cpp,104,34087397189,2709,19,
EntityLoad.Read,/Users/obey/Desktop/MyVoxelGame/src/server/level/LevelEntityStore.cpp,104,34137785881,18392,19,
EntityLoad.Read,/Users/obey/Desktop/MyVoxelGame/src/server/level/LevelEntityStore.cpp,104,34137807940,2708,19,
EntityLoad.Read,/Users/obey/Desktop/MyVoxelGame/src/server/level/LevelEntityStore.cpp,104,34186875668,37726,19,
EntityLoad.Read,/Users/obey/Desktop/MyVoxelGame/src/server/level/LevelEntityStore.cpp,104,34186922519,3959,19,
EntityLoad.Read,/Users/obey/Desktop/MyVoxelGame/src/server/level/LevelEntityStore.cpp,104,34186931853,2100,19,
EntityLoad.Read,/Users/obey/Desktop/MyVoxelGame/src/server/level/LevelEntityStore.cpp,104,34236865589,19167,19,
EntityLoad.Read,/Users/obey/Desktop/MyVoxelGame/src/server/level/LevelEntityStore.cpp,104,34236891023,5333,19,
EntityLoad.Read,/Users/obey/Desktop/MyVoxelGame/src/server/level/LevelEntityStore.cpp,104,34286871219,24476,19,
EntityLoad.Read,/Users/obey/Desktop/MyVoxelGame/src/server/level/LevelEntityStore.cpp,104,34286904195,4083,19,
EntityLoad.Read,/Users/obey/Desktop/MyVoxelGame/src/server/level/LevelEntityStore.cpp,104,34336880282,64620,19,
EntityLoad.Read,/Users/obey/Desktop/MyVoxelGame/src/server/level/LevelEntityStore.cpp,104,34336957402,4892,19,
EntityLoad.Read,/Users/obey/Desktop/MyVoxelGame/src/server/level/LevelEntityStore.cpp,104,34389852511,46768,19,
EntityLoad.Read,/Users/obey/Desktop/MyVoxelGame/src/server/level/LevelEntityStore.cpp,104,34487245859,44160,19,
EntityLoad.Read,/Users/obey/Desktop/MyVoxelGame/src/server/level/LevelEntityStore.cpp,104,34536961748,65451,19,
EntityLoad.Read,/Users/obey/Desktop/MyVoxelGame/src/server/level/LevelEntityStore.cpp,104,34588249799,55786,19,
EntityLoad.Read,/Users/obey/Desktop/MyVoxelGame/src/server/level/LevelEntityStore.cpp,104,34637860701,39493,19,
EntityLoad.Read,/Users/obey/Desktop/MyVoxelGame/src/server/level/LevelEntityStore.cpp,104,34637902944,3334,19,
EntityLoad.Read,/Users/obey/Desktop/MyVoxelGame/src/server/level/LevelEntityStore.cpp,104,34689823389,25893,19,
EntityLoad.Read,/Users/obey/Desktop/MyVoxelGame/src/server/level/LevelEntityStore.cpp,104,34837398824,23476,19,
EntityLoad.Read,/Users/obey/Desktop/MyVoxelGame/src/server/level/LevelEntityStore.cpp,104,34837428425,3375,19,
EntityLoad.Read,/Users/obey/Desktop/MyVoxelGame/src/server/level/LevelEntityStore.cpp,104,34887150856,47451,19,
EntityLoad.Read,/Users/obey/Desktop/MyVoxelGame/src/server/level/LevelEntityStore.cpp,104,34936869576,47286,19,
EntityLoad.Read,/Users/obey/Desktop/MyVoxelGame/src/server/level/LevelEntityStore.cpp,104,34989726318,7142,19,
EntityLoad.Read,/Users/obey/Desktop/MyVoxelGame/src/server/level/LevelEntityStore.cpp,104,35037131637,48768,19,
EntityLoad.Read,/Users/obey/Desktop/MyVoxelGame/src/server/level/LevelEntityStore.cpp,104,35086872459,81703,19,
EntityLoad.Read,/Users/obey/Desktop/MyVoxelGame/src/server/level/LevelEntityStore.cpp,104,35086962346,4166,19,
EntityLoad.Read,/Users/obey/Desktop/MyVoxelGame/src/server/level/LevelEntityStore.cpp,104,35136861464,22208,19,
EntityLoad.Read,/Users/obey/Desktop/MyVoxelGame/src/server/level/LevelEntityStore.cpp,104,35136894815,4625,19,
EntityLoad.Read,/Users/obey/Desktop/MyVoxelGame/src/server/level/LevelEntityStore.cpp,104,35186877154,28393,19,
EntityLoad.Read,/Users/obey/Desktop/MyVoxelGame/src/server/level/LevelEntityStore.cpp,104,35186912088,2542,19,
EntityLoad.Read,/Users/obey/Desktop/MyVoxelGame/src/server/level/LevelEntityStore.cpp,104,35236846932,18101,19,
EntityLoad.Read,/Users/obey/Desktop/MyVoxelGame/src/server/level/LevelEntityStore.cpp,104,35236870450,2458,19,
EntityLoad.Read,/Users/obey/Desktop/MyVoxelGame/src/server/level/LevelEntityStore.cpp,104,35286884388,41184,19,
EntityLoad.Read,/Users/obey/Desktop/MyVoxelGame/src/server/level/LevelEntityStore.cpp,104,35286935239,2625,19,
EntityLoad.Read,/Users/obey/Desktop/MyVoxelGame/src/server/level/LevelEntityStore.cpp,104,35286942340,3417,19,
EntityLoad.Read,/Users/obey/Desktop/MyVoxelGame/src/server/level/LevelEntityStore.cpp,104,35337174527,15959,19,
EntityLoad.Read,/Users/obey/Desktop/MyVoxelGame/src/server/level/LevelEntityStore.cpp,104,35337196152,3000,19,
EntityLoad.Read,/Users/obey/Desktop/MyVoxelGame/src/server/level/LevelEntityStore.cpp,104,35337206170,1750,19,
EntityLoad.Read,/Users/obey/Desktop/MyVoxelGame/src/server/level/LevelEntityStore.cpp,104,35337214337,1625,19,
EntityLoad.Read,/Users/obey/Desktop/MyVoxelGame/src/server/level/LevelEntityStore.cpp,104,35386858481,24958,19,
EntityLoad.Read,/Users/obey/Desktop/MyVoxelGame/src/server/level/LevelEntityStore.cpp,104,35386889624,2666,19,
EntityLoad.Read,/Users/obey/Desktop/MyVoxelGame/src/server/level/LevelEntityStore.cpp,104,35386896832,2750,19,
EntityLoad.Read,/Users/obey/Desktop/MyVoxelGame/src/server/level/LevelEntityStore.cpp,104,35436840552,19684,19,
EntityLoad.Read,/Users/obey/Desktop/MyVoxelGame/src/server/level/LevelEntityStore.cpp,104,35436865194,2959,19,
EntityLoad.Read,/Users/obey/Desktop/MyVoxelGame/src/server/level/LevelEntityStore.cpp,104,35486860342,40600,19,
EntityLoad.Read,/Users/obey/Desktop/MyVoxelGame/src/server/level/LevelEntityStore.cpp,104,35486909359,4416,19,
EntityLoad.Read,/Users/obey/Desktop/MyVoxelGame/src/server/level/LevelEntityStore.cpp,104,35486919609,2351,19,
EntityLoad.Read,/Users/obey/Desktop/MyVoxelGame/src/server/level/LevelEntityStore.cpp,104,35537059327,7351,19,
EntityLoad.Read,/Users/obey/Desktop/MyVoxelGame/src/server/level/LevelEntityStore.cpp,104,35537070845,3000,19,
EntityLoad.Read,/Users/obey/Desktop/MyVoxelGame/src/server/level/LevelEntityStore.cpp,104,35587019248,11042,19,
EntityLoad.Read,/Users/obey/Desktop/MyVoxelGame/src/server/level/LevelEntityStore.cpp,104,35587033581,2084,19,
EntityLoad.Read,/Users/obey/Desktop/MyVoxelGame/src/server/level/LevelEntityStore.cpp,104,35636891141,89470,19,
EntityLoad.Read,/Users/obey/Desktop/MyVoxelGame/src/server/level/LevelEntityStore.cpp,104,35636991653,5458,19,
EntityLoad.Read,/Users/obey/Desktop/MyVoxelGame/src/server/level/LevelEntityStore.cpp,104,35686841903,10767,19,
EntityLoad.Read,/Users/obey/Desktop/MyVoxelGame/src/server/level/LevelEntityStore.cpp,104,35686857420,2250,19,
EntityLoad.Read,/Users/obey/Desktop/MyVoxelGame/src/server/level/LevelEntityStore.cpp,104,35736880942,39309,19,
EntityLoad.Read,/Users/obey/Desktop/MyVoxelGame/src/server/level/LevelEntityStore.cpp,104,35736926227,4000,19,
EntityLoad.Read,/Users/obey/Desktop/MyVoxelGame/src/server/level/LevelEntityStore.cpp,104,35788404885,66869,19,
EntityLoad.Read,/Users/obey/Desktop/MyVoxelGame/src/server/level/LevelEntityStore.cpp,104,35788481463,4208,19,
EntityLoad.Read,/Users/obey/Desktop/MyVoxelGame/src/server/level/LevelEntityStore.cpp,104,35887548319,25935,19,
EntityLoad.Read,/Users/obey/Desktop/MyVoxelGame/src/server/level/LevelEntityStore.cpp,104,35887577254,3000,19,
EntityLoad.Read,/Users/obey/Desktop/MyVoxelGame/src/server/level/LevelEntityStore.cpp,104,35937469330,31767,19,
EntityLoad.Read,/Users/obey/Desktop/MyVoxelGame/src/server/level/LevelEntityStore.cpp,104,35937511431,4309,19,
EntityLoad.Read,/Users/obey/Desktop/MyVoxelGame/src/server/level/LevelEntityStore.cpp,104,35937520115,2917,19,
EntityLoad.Read,/Users/obey/Desktop/MyVoxelGame/src/server/level/LevelEntityStore.cpp,104,35986847525,40727,19,
EntityLoad.Read,/Users/obey/Desktop/MyVoxelGame/src/server/level/LevelEntityStore.cpp,104,35986893685,3542,19,
EntityLoad.Read,/Users/obey/Desktop/MyVoxelGame/src/server/level/LevelEntityStore.cpp,104,36037627653,31102,19,
EntityLoad.Read,/Users/obey/Desktop/MyVoxelGame/src/server/level/LevelEntityStore.cpp,104,36037665921,3500,19,
EntityLoad.Read,/Users/obey/Desktop/MyVoxelGame/src/server/level/LevelEntityStore.cpp,104,36037674480,2333,19,
EntityLoad.Read,/Users/obey/Desktop/MyVoxelGame/src/server/level/LevelEntityStore.cpp,104,36037681980,2000,19,
EntityLoad.Read,/Users/obey/Desktop/MyVoxelGame/src/server/level/LevelEntityStore.cpp,104,36086848802,14417,19,
EntityLoad.Read,/Users/obey/Desktop/MyVoxelGame/src/server/level/LevelEntityStore.cpp,104,36086867611,2833,19,
EntityLoad.Read,/Users/obey/Desktop/MyVoxelGame/src/server/level/LevelEntityStore.cpp,104,36136838682,16976,19,
EntityLoad.Read,/Users/obey/Desktop/MyVoxelGame/src/server/level/LevelEntityStore.cpp,104,36136858408,2583,19,
EntityLoad.Read,/Users/obey/Desktop/MyVoxelGame/src/server/level/LevelEntityStore.cpp,104,36136862824,2042,19,
EntityLoad.Read,/Users/obey/Desktop/MyVoxelGame/src/server/level/LevelEntityStore.cpp,104,36136866699,1667,19,
EntityLoad.Read,/Users/obey/Desktop/MyVoxelGame/src/server/level/LevelEntityStore.cpp,104,36186840187,13600,19,
EntityLoad.Read,/Users/obey/Desktop/MyVoxelGame/src/server/level/LevelEntityStore.cpp,104,36186856829,2541,19,
EntityLoad.Read,/Users/obey/Desktop/MyVoxelGame/src/server/level/LevelEntityStore.cpp,104,36236841667,15167,19,
EntityLoad.Read,/Users/obey/Desktop/MyVoxelGame/src/server/level/LevelEntityStore.cpp,104,36286841797,32976,19,
EntityLoad.Read,/Users/obey/Desktop/MyVoxelGame/src/server/level/LevelEntityStore.cpp,104,36336858445,42368,19,
EntityLoad.Read,/Users/obey/Desktop/MyVoxelGame/src/server/level/LevelEntityStore.cpp,104,36336905605,3125,19,
EntityLoad.Read,/Users/obey/Desktop/MyVoxelGame/src/server/level/LevelEntityStore.cpp,104,36386838283,16142,19,
EntityLoad.Read,/Users/obey/Desktop/MyVoxelGame/src/server/level/LevelEntityStore.cpp,104,36386861258,2917,19,
EntityLoad.Read,/Users/obey/Desktop/MyVoxelGame/src/server/level/LevelEntityStore.cpp,104,36436839788,7559,19,
EntityLoad.Read,/Users/obey/Desktop/MyVoxelGame/src/server/level/LevelEntityStore.cpp,104,36436852847,2625,19,
EntityLoad.Read,/Users/obey/Desktop/MyVoxelGame/src/server/level/LevelEntityStore.cpp,104,36436857513,2167,19,
EntityLoad.Read,/Users/obey/Desktop/MyVoxelGame/src/server/level/LevelEntityStore.cpp,104,36486852934,20768,19,
EntityLoad.Read,/Users/obey/Desktop/MyVoxelGame/src/server/level/LevelEntityStore.cpp,104,36486881286,3250,19,
EntityLoad.Read,/Users/obey/Desktop/MyVoxelGame/src/server/level/LevelEntityStore.cpp,104,36486889702,2059,19,
EntityLoad.Read,/Users/obey/Desktop/MyVoxelGame/src/server/level/LevelEntityStore.cpp,104,36536861540,21767,19,
EntityLoad.Read,/Users/obey/Desktop/MyVoxelGame/src/server/level/LevelEntityStore.cpp,104,36586864045,23267,19,
EntityLoad.Read,/Users/obey/Desktop/MyVoxelGame/src/server/level/LevelEntityStore.cpp,104,36636859692,25309,19,
EntityLoad.Read,/Users/obey/Desktop/MyVoxelGame/src/server/level/LevelEntityStore.cpp,104,36636893126,3334,19,
EntityLoad.Read,/Users/obey/Desktop/MyVoxelGame/src/server/level/LevelEntityStore.cpp,104,36636901210,1458,19,
EntityLoad.Read,/Users/obey/Desktop/MyVoxelGame/src/server/level/LevelEntityStore.cpp,104,36686854030,18560,19,
EntityLoad.Read,/Users/obey/Desktop/MyVoxelGame/src/server/level/LevelEntityStore.cpp,104,36686878590,2083,19,
EntityLoad.Read,/Users/obey/Desktop/MyVoxelGame/src/server/level/LevelEntityStore.cpp,104,36686885132,3291,19,
EntityLoad.Read,/Users/obey/Desktop/MyVoxelGame/src/server/level/LevelEntityStore.cpp,104,36686893923,1292,19,
EntityLoad.Read,/Users/obey/Desktop/MyVoxelGame/src/server/level/LevelEntityStore.cpp,104,36736859743,12893,19,
EntityLoad.Read,/Users/obey/Desktop/MyVoxelGame/src/server/level/LevelEntityStore.cpp,104,36736877053,1750,19,
EntityLoad.Read,/Users/obey/Desktop/MyVoxelGame/src/server/level/LevelEntityStore.cpp,104,36736881761,2625,19,
EntityLoad.Read,/Users/obey/Desktop/MyVoxelGame/src/server/level/LevelEntityStore.cpp,104,36736887594,2042,19,
EntityLoad.Read,/Users/obey/Desktop/MyVoxelGame/src/server/level/LevelEntityStore.cpp,104,36786857350,25850,19,
EntityLoad.Read,/Users/obey/Desktop/MyVoxelGame/src/server/level/LevelEntityStore.cpp,104,36839528693,21291,19,
EntityLoad.Read,/Users/obey/Desktop/MyVoxelGame/src/server/level/LevelEntityStore.cpp,104,36839558585,2458,19,
EntityLoad.Read,/Users/obey/Desktop/MyVoxelGame/src/server/level/LevelEntityStore.cpp,104,36886862918,60869,19,
EntityLoad.Read,/Users/obey/Desktop/MyVoxelGame/src/server/level/LevelEntityStore.cpp,104,36886929079,3208,19,
EntityLoad.Read,/Users/obey/Desktop/MyVoxelGame/src/server/level/LevelEntityStore.cpp,104,36937493416,31268,19,
EntityLoad.Read,/Users/obey/Desktop/MyVoxelGame/src/server/level/LevelEntityStore.cpp,104,36937529851,3208,19,
EntityLoad.Read,/Users/obey/Desktop/MyVoxelGame/src/server/level/LevelEntityStore.cpp,104,37036840224,14393,19,
EntityLoad.Read,/Users/obey/Desktop/MyVoxelGame/src/server/level/LevelEntityStore.cpp,104,37086871888,21167,19,
EntityLoad.Read,/Users/obey/Desktop/MyVoxelGame/src/server/level/LevelEntityStore.cpp,104,37138415540,17292,19,
EntityLoad.Read,/Users/obey/Desktop/MyVoxelGame/src/server/level/LevelEntityStore.cpp,104,37138436790,4167,19,
EntityLoad.Read,/Users/obey/Desktop/MyVoxelGame/src/server/level/LevelEntityStore.cpp,104,37236866088,27600,19,
EntityLoad.Read,/Users/obey/Desktop/MyVoxelGame/src/server/level/LevelEntityStore.cpp,104,37236901105,3166,19,
EntityLoad.Read,/Users/obey/Desktop/MyVoxelGame/src/server/level/LevelEntityStore.cpp,104,37289232671,14917,19,
EntityLoad.Read,/Users/obey/Desktop/MyVoxelGame/src/server/level/LevelEntityStore.cpp,104,37337102236,69970,19,
EntityLoad.Read,/Users/obey/Desktop/MyVoxelGame/src/server/level/LevelEntityStore.cpp,104,37337176664,4292,19,
EntityLoad.Read,/Users/obey/Desktop/MyVoxelGame/src/server/level/LevelEntityStore.cpp,104,37337184414,2500,19,
EntityLoad.Read,/Users/obey/Desktop/MyVoxelGame/src/server/level/LevelEntityStore.cpp,104,37388311404,26017,19,
EntityLoad.Read,/Users/obey/Desktop/MyVoxelGame/src/server/level/LevelEntityStore.cpp,104,37388341379,3000,19,
EntityLoad.Read,/Users/obey/Desktop/MyVoxelGame/src/server/level/LevelEntityStore.cpp,104,37437054354,38410,19,
EntityLoad.Read,/Users/obey/Desktop/MyVoxelGame/src/server/level/LevelEntityStore.cpp,104,37437096847,3042,19,
EntityLoad.Read,/Users/obey/Desktop/MyVoxelGame/src/server/level/LevelEntityStore.cpp,104,37437103306,2875,19,
EntityLoad.Read,/Users/obey/Desktop/MyVoxelGame/src/server/level/LevelEntityStore.cpp,104,37486844212,16893,19,
EntityLoad.Read,/Users/obey/Desktop/MyVoxelGame/src/server/level/LevelEntityStore.cpp,104,37486864063,2417,19,
EntityLoad.Read,/Users/obey/Desktop/MyVoxelGame/src/server/level/LevelEntityStore.cpp,104,37486869938,1708,19,
EntityLoad.Read,/Users/obey/Desktop/MyVoxelGame/src/server/level/LevelEntityStore.cpp,104,37536853609,15083,19,
EntityLoad.Read,/Users/obey/Desktop/MyVoxelGame/src/server/level/LevelEntityStore.cpp,104,37536873401,2625,19,
EntityLoad.Read,/Users/obey/Desktop/MyVoxelGame/src/server/level/LevelEntityStore.cpp,104,37586867548,15083,19,
EntityLoad.Read,/Users/obey/Desktop/MyVoxelGame/src/server/level/LevelEntityStore.cpp,104,37586887840,3250,19,
EntityLoad.Read,/Users/obey/Desktop/MyVoxelGame/src/server/level/LevelEntityStore.cpp,104,37586896465,2351,19,
EntityLoad.Read,/Users/obey/Desktop/MyVoxelGame/src/server/level/LevelEntityStore.cpp,104,37636988707,18392,19,
EntityLoad.Read,/Users/obey/Desktop/MyVoxelGame/src/server/level/LevelEntityStore.cpp,104,37687169025,18060,19,
EntityLoad.Read,/Users/obey/Desktop/MyVoxelGame/src/server/level/LevelEntityStore.cpp,104,37687189877,3125,19,
EntityLoad.Read,/Users/obey/Desktop/MyVoxelGame/src/server/level/LevelEntityStore.cpp,104,37687195377,1708,19,
EntityLoad.Read,/Users/obey/Desktop/MyVoxelGame/src/server/level/LevelEntityStore.cpp,104,37687201085,2625,19,
EntityLoad.Read,/Users/obey/Desktop/MyVoxelGame/src/server/level/LevelEntityStore.cpp,104,37737720780,50143,19,
EntityLoad.Read,/Users/obey/Desktop/MyVoxelGame/src/server/level/LevelEntityStore.cpp,104,37737776065,2917,19,
EntityLoad.Read,/Users/obey/Desktop/MyVoxelGame/src/server/level/LevelEntityStore.cpp,104,37787152076,5684,19,
EntityLoad.Read,/Users/obey/Desktop/MyVoxelGame/src/server/level/LevelEntityStore.cpp,104,37787160885,1959,19,
EntityLoad.Read,/Users/obey/Desktop/MyVoxelGame/src/server/level/LevelEntityStore.cpp,104,37836873023,48060,19,
EntityLoad.Read,/Users/obey/Desktop/MyVoxelGame/src/server/level/LevelEntityStore.cpp,104,37836926791,11393,19,
EntityLoad.Read,/Users/obey/Desktop/MyVoxelGame/src/server/level/LevelEntityStore.cpp,104,37836941393,2333,19,
EntityLoad.Read,/Users/obey/Desktop/MyVoxelGame/src/server/level/LevelEntityStore.cpp,104,37886843677,36392,19,
EntityLoad.Read,/Users/obey/Desktop/MyVoxelGame/src/server/level/LevelEntityStore.cpp,104,37936857075,22226,19,
EntityLoad.Read,/Users/obey/Desktop/MyVoxelGame/src/server/level/LevelEntityStore.cpp,104,37936886176,3417,19,
EntityLoad.Read,/Users/obey/Desktop/MyVoxelGame/src/server/level/LevelEntityStore.cpp,104,37936893634,2084,19,
EntityLoad.Read,/Users/obey/Desktop/MyVoxelGame/src/server/level/LevelEntityStore.cpp,104,37987268742,21809,19,
EntityLoad.Read,/Users/obey/Desktop/MyVoxelGame/src/server/level/LevelEntityStore.cpp,104,37987296260,3208,19,
EntityLoad.Read,/Users/obey/Desktop/MyVoxelGame/src/server/level/LevelEntityStore.cpp,104,37987304510,2291,19,
EntityLoad.Read,/Users/obey/Desktop/MyVoxelGame/src/server/level/LevelEntityStore.cpp,104,37987310885,2000,19,
EntityLoad.Read,/Users/obey/Desktop/MyVoxelGame/src/server/level/LevelEntityStore.cpp,104,38036844209,16185,19,
EntityLoad.Read,/Users/obey/Desktop/MyVoxelGame/src/server/level/LevelEntityStore.cpp,104,38036864686,2750,19,
EntityLoad.Read,/Users/obey/Desktop/MyVoxelGame/src/server/level/LevelEntityStore.cpp,104,38086858565,17850,19,
EntityLoad.Read,/Users/obey/Desktop/MyVoxelGame/src/server/level/LevelEntityStore.cpp,104,38086881082,2792,19,
EntityLoad.Read,/Users/obey/Desktop/MyVoxelGame/src/server/level/LevelEntityStore.cpp,104,38086886874,1791,19,
EntityLoad.Read,/Users/obey/Desktop/MyVoxelGame/src/server/level/LevelEntityStore.cpp,104,38086890790,1459,19,
EntityLoad.Read,/Users/obey/Desktop/MyVoxelGame/src/server/level/LevelEntityStore.cpp,104,38136848154,17600,19,
EntityLoad.Read,/Users/obey/Desktop/MyVoxelGame/src/server/level/LevelEntityStore.cpp,104,38189851190,14059,19,
EntityLoad.Read,/Users/obey/Desktop/MyVoxelGame/src/server/level/LevelEntityStore.cpp,104,38239849987,15934,19,
EntityLoad.Read,/Users/obey/Desktop/MyVoxelGame/src/server/level/LevelEntityStore.cpp,104,38239869588,2750,19,
EntityLoad.Read,/Users/obey/Desktop/MyVoxelGame/src/server/level/LevelEntityStore.cpp,104,38287468554,12583,19,
EntityLoad.Read,/Users/obey/Desktop/MyVoxelGame/src/server/level/LevelEntityStore.cpp,104,38336841665,11042,19,
EntityLoad.Read,/Users/obey/Desktop/MyVoxelGame/src/server/level/LevelEntityStore.cpp,104,38336855790,2667,19,
EntityLoad.Read,/Users/obey/Desktop/MyVoxelGame/src/server/level/LevelEntityStore.cpp,104,38386843962,17642,19,
EntityLoad.Read,/Users/obey/Desktop/MyVoxelGame/src/server/level/LevelEntityStore.cpp,104,38436856692,9833,19,
EntityLoad.Read,/Users/obey/Desktop/MyVoxelGame/src/server/level/LevelEntityStore.cpp,104,38436871067,2476,19,
EntityLoad.Read,/Users/obey/Desktop/MyVoxelGame/src/server/level/LevelEntityStore.cpp,104,38436876502,1458,19,
EntityLoad.Read,/Users/obey/Desktop/MyVoxelGame/src/server/level/LevelEntityStore.cpp,104,38487077672,9166,19,
EntityLoad.Read,/Users/obey/Desktop/MyVoxelGame/src/server/level/LevelEntityStore.cpp,104,38487089838,3000,19,
EntityLoad.Read,/Users/obey/Desktop/MyVoxelGame/src/server/level/LevelEntityStore.cpp,104,38487095088,1959,19,
EntityLoad.Read,/Users/obey/Desktop/MyVoxelGame/src/server/level/LevelEntityStore.cpp,104,38536862928,15167,19,
EntityLoad.Read,/Users/obey/Desktop/MyVoxelGame/src/server/level/LevelEntityStore.cpp,104,38536882070,1917,19,
EntityLoad.Read,/Users/obey/Desktop/MyVoxelGame/src/server/level/LevelEntityStore.cpp,104,38586871533,14458,19,
EntityLoad.Read,/Users/obey/Desktop/MyVoxelGame/src/server/level/LevelEntityStore.cpp,104,38586888658,2625,19,
EntityLoad.Read,/Users/obey/Desktop/MyVoxelGame/src/server/level/LevelEntityStore.cpp,104,38586894449,2000,19,
EntityLoad.Read,/Users/obey/Desktop/MyVoxelGame/src/server/level/LevelEntityStore.cpp,104,38636854830,30643,19,
EntityLoad.Read,/Users/obey/Desktop/MyVoxelGame/src/server/level/LevelEntityStore.cpp,104,38636891306,3875,19,
EntityLoad.Read,/Users/obey/Desktop/MyVoxelGame/src/server/level/LevelEntityStore.cpp,104,38636900556,2333,19,
EntityLoad.Read,/Users/obey/Desktop/MyVoxelGame/src/server/level/LevelEntityStore.cpp,104,38687344824,35059,19,
EntityLoad.Read,/Users/obey/Desktop/MyVoxelGame/src/server/level/LevelEntityStore.cpp,104,38687382716,3000,19,
EntityLoad.Read,/Users/obey/Desktop/MyVoxelGame/src/server/level/LevelEntityStore.cpp,104,38687388008,1667,19,
EntityLoad.Read,/Users/obey/Desktop/MyVoxelGame/src/server/level/LevelEntityStore.cpp,104,38687391901,1292,19,
EntityLoad.Read,/Users/obey/Desktop/MyVoxelGame/src/server/level/LevelEntityStore.cpp,104,38736845131,15976,19,
EntityLoad.Read,/Users/obey/Desktop/MyVoxelGame/src/server/level/LevelEntityStore.cpp,104,38736864691,2833,19,
EntityLoad.Read,/Users/obey/Desktop/MyVoxelGame/src/server/level/LevelEntityStore.cpp,104,38786846385,38619,19,
EntityLoad.Read,/Users/obey/Desktop/MyVoxelGame/src/server/level/LevelEntityStore.cpp,104,38786889712,2708,19,
EntityLoad.Read,/Users/obey/Desktop/MyVoxelGame/src/server/level/LevelEntityStore.cpp,104,38837034472,16518,19,
EntityLoad.Read,/Users/obey/Desktop/MyVoxelGame/src/server/level/LevelEntityStore.cpp,104,38837053490,2542,19,
EntityLoad.Read,/Users/obey/Desktop/MyVoxelGame/src/server/level/LevelEntityStore.cpp,104,38837057657,2000,19,
EntityLoad.Read,/Users/obey/Desktop/MyVoxelGame/src/server/level/LevelEntityStore.cpp,104,38837061407,1416,19,
EntityLoad.Read,/Users/obey/Desktop/MyVoxelGame/src/server/level/LevelEntityStore.cpp,104,38886865638,7167,19,
EntityLoad.Read,/Users/obey/Desktop/MyVoxelGame/src/server/level/LevelEntityStore.cpp,104,38886876513,2250,19,
EntityLoad.Read,/Users/obey/Desktop/MyVoxelGame/src/server/level/LevelEntityStore.cpp,104,38936911888,24225,19,
EntityLoad.Read,/Users/obey/Desktop/MyVoxelGame/src/server/level/LevelEntityStore.cpp,104,38986864374,35726,19,
EntityLoad.Read,/Users/obey/Desktop/MyVoxelGame/src/server/level/LevelEntityStore.cpp,104,38986906308,3417,19,
EntityLoad.Read,/Users/obey/Desktop/MyVoxelGame/src/server/level/LevelEntityStore.cpp,104,39036857379,19541,19,
EntityLoad.Read,/Users/obey/Desktop/MyVoxelGame/src/server/level/LevelEntityStore.cpp,104,39036884854,2667,19,
EntityLoad.Read,/Users/obey/Desktop/MyVoxelGame/src/server/level/LevelEntityStore.cpp,104,39036891354,2583,19,
EntityLoad.Read,/Users/obey/Desktop/MyVoxelGame/src/server/level/LevelEntityStore.cpp,104,39086998305,33934,19,
EntityLoad.Read,/Users/obey/Desktop/MyVoxelGame/src/server/level/LevelEntityStore.cpp,104,39087035947,2292,19,
EntityLoad.Read,/Users/obey/Desktop/MyVoxelGame/src/server/level/LevelEntityStore.cpp,104,39087040781,1875,19,
EntityLoad.Read,/Users/obey/Desktop/MyVoxelGame/src/server/level/LevelEntityStore.cpp,104,39136848930,35309,19,
EntityLoad.Read,/Users/obey/Desktop/MyVoxelGame/src/server/level/LevelEntityStore.cpp,104,39136887007,3083,19,
EntityLoad.Read,/Users/obey/Desktop/MyVoxelGame/src/server/level/LevelEntityStore.cpp,104,39188147191,21017,19,
EntityLoad.Read,/Users/obey/Desktop/MyVoxelGame/src/server/level/LevelEntityStore.cpp,104,39188176333,2959,19,
EntityLoad.Read,/Users/obey/Desktop/MyVoxelGame/src/server/level/LevelEntityStore.cpp,104,39188183875,2476,19,
EntityLoad.Read,/Users/obey/Desktop/MyVoxelGame/src/server/level/LevelEntityStore.cpp,104,39236851165,15810,19,
EntityLoad.Read,/Users/obey/Desktop/MyVoxelGame/src/server/level/LevelEntityStore.cpp,104,39286843670,15227,19,
EntityLoad.Read,/Users/obey/Desktop/MyVoxelGame/src/server/level/LevelEntityStore.cpp,104,39286861813,2209,19,
EntityLoad.Read,/Users/obey/Desktop/MyVoxelGame/src/server/level/LevelEntityStore.cpp,104,39286866813,3000,19,
EntityLoad.Read,/Users/obey/Desktop/MyVoxelGame/src/server/level/LevelEntityStore.cpp,104,39286872480,1875,19,
EntityLoad.Read,/Users/obey/Desktop/MyVoxelGame/src/server/level/LevelEntityStore.cpp,104,39336851026,32934,19,
EntityLoad.Read,/Users/obey/Desktop/MyVoxelGame/src/server/level/LevelEntityStore.cpp,104,39386903650,49785,19,
EntityLoad.Read,/Users/obey/Desktop/MyVoxelGame/src/server/level/LevelEntityStore.cpp,104,39437377393,17518,19,
EntityLoad.Read,/Users/obey/Desktop/MyVoxelGame/src/server/level/LevelEntityStore.cpp,104,39486885158,63327,19,
EntityLoad.Read,/Users/obey/Desktop/MyVoxelGame/src/server/level/LevelEntityStore.cpp,104,39536968508,20351,19,
EntityLoad.Read,/Users/obey/Desktop/MyVoxelGame/src/server/level/LevelEntityStore.cpp,104,39536991859,2208,19,
EntityLoad.Read,/Users/obey/Desktop/MyVoxelGame/src/server/level/LevelEntityStore.cpp,104,39586902578,67118,19,
EntityLoad.Read,/Users/obey/Desktop/MyVoxelGame/src/server/level/LevelEntityStore.cpp,104,39586978405,4500,19,
EntityLoad.Read,/Users/obey/Desktop/MyVoxelGame/src/server/level/LevelEntityStore.cpp,104,39636858565,20750,19,
EntityLoad.Read,/Users/obey/Desktop/MyVoxelGame/src/server/level/LevelEntityStore.cpp,104,39636884024,2976,19,
EntityLoad.Read,/Users/obey/Desktop/MyVoxelGame/src/server/level/LevelEntityStore.cpp,104,39636892375,2417,19,
EntityLoad.Read,/Users/obey/Desktop/MyVoxelGame/src/server/level/LevelEntityStore.cpp,104,39688504520,26892,19,
EntityLoad.Read,/Users/obey/Desktop/MyVoxelGame/src/server/level/LevelEntityStore.cpp,104,39688537912,3000,19,
EntityLoad.Read,/Users/obey/Desktop/MyVoxelGame/src/server/level/LevelEntityStore.cpp,104,39688547370,2125,19,
EntityLoad.Read,/Users/obey/Desktop/MyVoxelGame/src/server/level/LevelEntityStore.cpp,104,39736861593,36059,19,
EntityLoad.Read,/Users/obey/Desktop/MyVoxelGame/src/server/level/LevelEntityStore.cpp,104,39736905110,3500,19,
EntityLoad.Read,/Users/obey/Desktop/MyVoxelGame/src/server/level/LevelEntityStore.cpp,104,39786842163,17851,19,
EntityLoad.Read,/Users/obey/Desktop/MyVoxelGame/src/server/level/LevelEntityStore.cpp,104,39786863389,2792,19,
EntityLoad.Read,/Users/obey/Desktop/MyVoxelGame/src/server/level/LevelEntityStore.cpp,104,39786870056,1875,19,
EntityLoad.Read,/Users/obey/Desktop/MyVoxelGame/src/server/level/LevelEntityStore.cpp,104,39836848227,20600,19,
EntityLoad.Read,/Users/obey/Desktop/MyVoxelGame/src/server/level/LevelEntityStore.cpp,104,39836871660,2500,19,
EntityLoad.Read,/Users/obey/Desktop/MyVoxelGame/src/server/level/LevelEntityStore.cpp,104,39836878160,1292,19,
EntityLoad.Read,/Users/obey/Desktop/MyVoxelGame/src/server/level/LevelEntityStore.cpp,104,39886844065,17976,19,
EntityLoad.Read,/Users/obey/Desktop/MyVoxelGame/src/server/level/LevelEntityStore.cpp,104,39886865291,1833,19,
EntityLoad.Read,/Users/obey/Desktop/MyVoxelGame/src/server/level/LevelEntityStore.cpp,104,39886871416,1166,19,
EntityLoad.Read,/Users/obey/Desktop/MyVoxelGame/src/server/level/LevelEntityStore.cpp,104,39936878146,80660,19,
EntityLoad.Read,/Users/obey/Desktop/MyVoxelGame/src/server/level/LevelEntityStore.cpp,104,39936965824,3417,19,
EntityLoad.Read,/Users/obey/Desktop/MyVoxelGame/src/server/level/LevelEntityStore.cpp,104,39986861193,24375,19,
EntityLoad.Read,/Users/obey/Desktop/MyVoxelGame/src/server/level/LevelEntityStore.cpp,104,39986890693,3517,19,
EntityLoad.Read,/Users/obey/Desktop/MyVoxelGame/src/server/level/LevelEntityStore.cpp,104,39986901544,8416,19,
EntityLoad.Read,/Users/obey/Desktop/MyVoxelGame/src/server/level/LevelEntityStore.cpp,104,40036845805,36743,19,
EntityLoad.Read,/Users/obey/Desktop/MyVoxelGame/src/server/level/LevelEntityStore.cpp,104,40036886923,2083,19,
EntityLoad.Read,/Users/obey/Desktop/MyVoxelGame/src/server/level/LevelEntityStore.cpp,104,40036892381,1292,19,
EntityLoad.Read,/Users/obey/Desktop/MyVoxelGame/src/server/level/LevelEntityStore.cpp,104,40087639243,27017,19,
EntityLoad.Read,/Users/obey/Desktop/MyVoxelGame/src/server/level/LevelEntityStore.cpp,104,40087670052,2458,19,
EntityLoad.Read,/Users/obey/Desktop/MyVoxelGame/src/server/level/LevelEntityStore.cpp,104,40087675260,1792,19,
EntityLoad.Read,/Users/obey/Desktop/MyVoxelGame/src/server/level/LevelEntityStore.cpp,104,40136870808,28518,19,
EntityLoad.Read,/Users/obey/Desktop/MyVoxelGame/src/server/level/LevelEntityStore.cpp,104,40136903159,4208,19,
EntityLoad.Read,/Users/obey/Desktop/MyVoxelGame/src/server/level/LevelEntityStore.cpp,104,40136910701,2291,19,
EntityLoad.Read,/Users/obey/Desktop/MyVoxelGame/src/server/level/LevelEntityStore.cpp,104,40136915677,1375,19,
EntityLoad.Read,/Users/obey/Desktop/MyVoxelGame/src/server/level/LevelEntityStore.cpp,104,40186863230,23226,19,
EntityLoad.Read,/Users/obey/Desktop/MyVoxelGame/src/server/level/LevelEntityStore.cpp,104,40186894414,2334,19,
EntityLoad.Read,/Users/obey/Desktop/MyVoxelGame/src/server/level/LevelEntityStore.cpp,104,40186901998,2434,19,
EntityLoad.Read,/Users/obey/Desktop/MyVoxelGame/src/server/level/LevelEntityStore.cpp,104,40186908932,2125,19,
EntityLoad.Read,/Users/obey/Desktop/MyVoxelGame/src/server/level/LevelEntityStore.cpp,104,40236856734,20935,19,
EntityLoad.Read,/Users/obey/Desktop/MyVoxelGame/src/server/level/LevelEntityStore.cpp,104,40236885502,2958,19,
EntityLoad.Read,/Users/obey/Desktop/MyVoxelGame/src/server/level/LevelEntityStore.cpp,104,40286863423,16017,19,
EntityLoad.Read,/Users/obey/Desktop/MyVoxelGame/src/server/level/LevelEntityStore.cpp,104,40286883065,1792,19,
EntityLoad.Read,/Users/obey/Desktop/MyVoxelGame/src/server/level/LevelEntityStore.cpp,104,40286887857,1500,19,
EntityLoad.Read,/Users/obey/Desktop/MyVoxelGame/src/server/level/LevelEntityStore.cpp,104,40286892065,2083,19,
EntityLoad.Read,/Users/obey/Desktop/MyVoxelGame/src/server/level/LevelEntityStore.cpp,104,40336901838,14834,19,
EntityLoad.Read,/Users/obey/Desktop/MyVoxelGame/src/server/level/LevelEntityStore.cpp,104,40336918713,2584,19,
EntityLoad.Read,/Users/obey/Desktop/MyVoxelGame/src/server/level/LevelEntityStore.cpp,104,40336923505,1875,19,
EntityLoad.Read,/Users/obey/Desktop/MyVoxelGame/src/server/level/LevelEntityStore.cpp,104,40336927297,2976,19,
EntityLoad.Read,/Users/obey/Desktop/MyVoxelGame/src/server/level/LevelEntityStore.cpp,104,40386857741,17667,19,
EntityLoad.Read,/Users/obey/Desktop/MyVoxelGame/src/server/level/LevelEntityStore.cpp,104,40386880616,1959,19,
EntityLoad.Read,/Users/obey/Desktop/MyVoxelGame/src/server/level/LevelEntityStore.cpp,104,40386886259,2334,19,
EntityLoad.Read,/Users/obey/Desktop/MyVoxelGame/src/server/level/LevelEntityStore.cpp,104,40386890343,2000,19,
EntityLoad.Read,/Users/obey/Desktop/MyVoxelGame/src/server/level/LevelEntityStore.cpp,104,40436866122,56286,19,
EntityLoad.Read,/Users/obey/Desktop/MyVoxelGame/src/server/level/LevelEntityStore.cpp,104,40436926574,12101,19,
EntityLoad.Read,/Users/obey/Desktop/MyVoxelGame/src/server/level/LevelEntityStore.cpp,104,40436943675,2250,19,
EntityLoad.Read,/Users/obey/Desktop/MyVoxelGame/src/server/level/LevelEntityStore.cpp,104,40436948425,1541,19,
EntityLoad.Read,/Users/obey/Desktop/MyVoxelGame/src/server/level/LevelEntityStore.cpp,104,40486841876,8917,19,
EntityLoad.Read,/Users/obey/Desktop/MyVoxelGame/src/server/level/LevelEntityStore.cpp,104,40486854043,2500,19,
EntityLoad.Read,/Users/obey/Desktop/MyVoxelGame/src/server/level/LevelEntityStore.cpp,104,40486860251,1560,19,
EntityLoad.Read,/Users/obey/Desktop/MyVoxelGame/src/server/level/LevelEntityStore.cpp,104,40536841673,8601,19,
EntityLoad.Read,/Users/obey/Desktop/MyVoxelGame/src/server/level/LevelEntityStore.cpp,104,40536854691,1792,19,
EntityLoad.Read,/Users/obey/Desktop/MyVoxelGame/src/server/level/LevelEntityStore.cpp,104,40587256048,31518,19,
EntityLoad.Read,/Users/obey/Desktop/MyVoxelGame/src/server/level/LevelEntityStore.cpp,104,40587291066,2250,19,
EntityLoad.Read,/Users/obey/Desktop/MyVoxelGame/src/server/level/LevelEntityStore.cpp,104,40587295918,1833,19,
EntityLoad.Read,/Users/obey/Desktop/MyVoxelGame/src/server/level/LevelEntityStore.cpp,104,40637004164,10975,19,
EntityLoad.Read,/Users/obey/Desktop/MyVoxelGame/src/server/level/LevelEntityStore.cpp,104,40637020139,2167,19,
EntityLoad.Read,/Users/obey/Desktop/MyVoxelGame/src/server/level/LevelEntityStore.cpp,104,40637028556,1708,19,
EntityLoad.Read,/Users/obey/Desktop/MyVoxelGame/src/server/level/LevelEntityStore.cpp,104,40637031639,2083,19,
EntityLoad.Read,/Users/obey/Desktop/MyVoxelGame/src/server/level/LevelEntityStore.cpp,104,40687033120,14375,19,
EntityLoad.Read,/Users/obey/Desktop/MyVoxelGame/src/server/level/LevelEntityStore.cpp,104,40687050078,2250,19,
EntityLoad.Read,/Users/obey/Desktop/MyVoxelGame/src/server/level/LevelEntityStore.cpp,104,40687054161,2059,19,
EntityLoad.Read,/Users/obey/Desktop/MyVoxelGame/src/server/level/LevelEntityStore.cpp,104,40736840768,12417,19,
EntityLoad.Read,/Users/obey/Desktop/MyVoxelGame/src/server/level/LevelEntityStore.cpp,104,40736858143,2476,19,
EntityLoad.Read,/Users/obey/Desktop/MyVoxelGame/src/server/level/LevelEntityStore.cpp,104,40736863203,1958,19,
EntityLoad.Read,/Users/obey/Desktop/MyVoxelGame/src/server/level/LevelEntityStore.cpp,104,40786859708,15708,19,
EntityLoad.Read,/Users/obey/Desktop/MyVoxelGame/src/server/level/LevelEntityStore.cpp,104,40786882017,2250,19,
EntityLoad.Read,/Users/obey/Desktop/MyVoxelGame/src/server/level/LevelEntityStore.cpp,104,40836876729,17084,19,
EntityLoad.Read,/Users/obey/Desktop/MyVoxelGame/src/server/level/LevelEntityStore.cpp,104,40836901789,3125,19,
EntityLoad.Read,/Users/obey/Desktop/MyVoxelGame/src/server/level/LevelEntityStore.cpp,104,40836908206,2375,19,
EntityLoad.Read,/Users/obey/Desktop/MyVoxelGame/src/server/level/LevelEntityStore.cpp,104,40886861860,20166,19,
EntityLoad.Read,/Users/obey/Desktop/MyVoxelGame/src/server/level/LevelEntityStore.cpp,104,40886887378,3166,19,
EntityLoad.Read,/Users/obey/Desktop/MyVoxelGame/src/server/level/LevelEntityStore.cpp,104,40886895294,2209,19,
EntityLoad.Read,/Users/obey/Desktop/MyVoxelGame/src/server/level/LevelEntityStore.cpp,104,40936841847,12934,19,
EntityLoad.Read,/Users/obey/Desktop/MyVoxelGame/src/server/level/LevelEntityStore.cpp,104,40987033725,6709,19,
EntityLoad.Read,/Users/obey/Desktop/MyVoxelGame/src/server/level/LevelEntityStore.cpp,104,40987043742,2334,19,
EntityLoad.Read,/Users/obey/Desktop/MyVoxelGame/src/server/level/LevelEntityStore.cpp,104,40987047784,1458,19,
EntityLoad.Read,/Users/obey/Desktop/MyVoxelGame/src/server/level/LevelEntityStore.cpp,104,41036840082,17435,19,
EntityLoad.Read,/Users/obey/Desktop/MyVoxelGame/src/server/level/LevelEntityStore.cpp,104,41036861433,2167,19,
EntityLoad.Read,/Users/obey/Desktop/MyVoxelGame/src/server/level/LevelEntityStore.cpp,104,41036865808,2167,19,
EntityLoad.Read,/Users/obey/Desktop/MyVoxelGame/src/server/level/LevelEntityStore.cpp,104,41089271744,17351,19,
EntityLoad.Read,/Users/obey/Desktop/MyVoxelGame/src/server/level/LevelEntityStore.cpp,104,41089291928,1958,19,
EntityLoad.Read,/Users/obey/Desktop/MyVoxelGame/src/server/level/LevelEntityStore.cpp,104,41089295970,1916,19,
EntityLoad.Read,/Users/obey/Desktop/MyVoxelGame/src/server/level/LevelEntityStore.cpp,104,41089299053,2000,19,
EntityLoad.Read,/Users/obey/Desktop/MyVoxelGame/src/server/level/LevelEntityStore.cpp,104,41137051483,17767,19,
EntityLoad.Read,/Users/obey/Desktop/MyVoxelGame/src/server/level/LevelEntityStore.cpp,104,41137072541,1834,19,
EntityLoad.Read,/Users/obey/Desktop/MyVoxelGame/src/server/level/LevelEntityStore.cpp,104,41137076541,2417,19,
EntityLoad.Read,/Users/obey/Desktop/MyVoxelGame/src/server/level/LevelEntityStore.cpp,104,41186844256,7167,19,
EntityLoad.Read,/Users/obey/Desktop/MyVoxelGame/src/server/level/LevelEntityStore.cpp,104,41186856881,2333,19,
EntityLoad.Read,/Users/obey/Desktop/MyVoxelGame/src/server/level/LevelEntityStore.cpp,104,41186861339,1417,19,
EntityLoad.Read,/Users/obey/Desktop/MyVoxelGame/src/server/level/LevelEntityStore.cpp,104,41238741976,37935,19,
EntityLoad.Read,/Users/obey/Desktop/MyVoxelGame/src/server/level/LevelEntityStore.cpp,104,41238782244,2809,19,
EntityLoad.Read,/Users/obey/Desktop/MyVoxelGame/src/server/level/LevelEntityStore.cpp,104,41286841849,34143,19,
EntityLoad.Read,/Users/obey/Desktop/MyVoxelGame/src/server/level/LevelEntityStore.cpp,104,41286881426,2750,19,
EntityLoad.Read,/Users/obey/Desktop/MyVoxelGame/src/server/level/LevelEntityStore.cpp,104,41286886592,2042,19,
EntityLoad.Read,/Users/obey/Desktop/MyVoxelGame/src/server/level/LevelEntityStore.cpp,104,41336918157,15435,19,
EntityLoad.Read,/Users/obey/Desktop/MyVoxelGame/src/server/level/LevelEntityStore.cpp,104,41336939550,2459,19,
EntityLoad.Read,/Users/obey/Desktop/MyVoxelGame/src/server/level/LevelEntityStore.cpp,104,41386846918,38285,19,
EntityLoad.Read,/Users/obey/Desktop/MyVoxelGame/src/server/level/LevelEntityStore.cpp,104,41386890162,2458,19,
EntityLoad.Read,/Users/obey/Desktop/MyVoxelGame/src/server/level/LevelEntityStore.cpp,104,41436842524,17417,19,
EntityLoad.Read,/Users/obey/Desktop/MyVoxelGame/src/server/level/LevelEntityStore.cpp,104,41436862816,2375,19,
EntityLoad.Read,/Users/obey/Desktop/MyVoxelGame/src/server/level/LevelEntityStore.cpp,104,41436867107,1625,19,
EntityLoad.Read,/Users/obey/Desktop/MyVoxelGame/src/server/level/LevelEntityStore.cpp,104,41488652940,25018,19,
EntityLoad.Read,/Users/obey/Desktop/MyVoxelGame/src/server/level/LevelEntityStore.cpp,104,41536841366,16851,19,
EntityLoad.Read,/Users/obey/Desktop/MyVoxelGame/src/server/level/LevelEntityStore.cpp,104,41536862884,2250,19,
EntityLoad.Read,/Users/obey/Desktop/MyVoxelGame/src/server/level/LevelEntityStore.cpp,104,41536867134,1917,19,
EntityLoad.Read,/Users/obey/Desktop/MyVoxelGame/src/server/level/LevelEntityStore.cpp,104,41586842639,31309,19,
EntityLoad.Read,/Users/obey/Desktop/MyVoxelGame/src/server/level/LevelEntityStore.cpp,104,41586880448,2708,19,
EntityLoad.Read,/Users/obey/Desktop/MyVoxelGame/src/server/level/LevelEntityStore.cpp,104,41586885781,1792,19,
EntityLoad.Read,/Users/obey/Desktop/MyVoxelGame/src/server/level/LevelEntityStore.cpp,104,41586889781,1250,19,
EntityLoad.Read,/Users/obey/Desktop/MyVoxelGame/src/server/level/LevelEntityStore.cpp,104,41637727320,15309,19,
EntityLoad.Read,/Users/obey/Desktop/MyVoxelGame/src/server/level/LevelEntityStore.cpp,104,41637749504,2833,19,
EntityLoad.Read,/Users/obey/Desktop/MyVoxelGame/src/server/level/LevelEntityStore.cpp,104,41637756421,1750,19,
EntityLoad.Read,/Users/obey/Desktop/MyVoxelGame/src/server/level/LevelEntityStore.cpp,104,41637767587,2292,19,
EntityLoad.Read,/Users/obey/Desktop/MyVoxelGame/src/server/level/LevelEntityStore.cpp,104,41637773480,1792,19,
EntityLoad.Read,/Users/obey/Desktop/MyVoxelGame/src/server/level/LevelEntityStore.cpp,104,41686864291,23226,19,
EntityLoad.Read,/Users/obey/Desktop/MyVoxelGame/src/server/level/LevelEntityStore.cpp,104,41686895851,3458,19,
EntityLoad.Read,/Users/obey/Desktop/MyVoxelGame/src/server/level/LevelEntityStore.cpp,104,41686905744,2250,19,
EntityLoad.Read,/Users/obey/Desktop/MyVoxelGame/src/server/level/LevelEntityStore.cpp,104,41737051543,17250,19,
EntityLoad.Read,/Users/obey/Desktop/MyVoxelGame/src/server/level/LevelEntityStore.cpp,104,41737073252,2143,19,
EntityLoad.Read,/Users/obey/Desktop/MyVoxelGame/src/server/level/LevelEntityStore.cpp,104,41737077645,1750,19,
EntityLoad.Read,/Users/obey/Desktop/MyVoxelGame/src/server/level/LevelEntityStore.cpp,104,41786895961,10166,19,
EntityLoad.Read,/Users/obey/Desktop/MyVoxelGame/src/server/level/LevelEntityStore.cpp,104,41786909812,2500,19,
EntityLoad.Read,/Users/obey/Desktop/MyVoxelGame/src/server/level/LevelEntityStore.cpp,104,41786914520,1625,19,
EntityLoad.Read,/Users/obey/Desktop/MyVoxelGame/src/server/level/LevelEntityStore.cpp,104,41837329021,8875,19,
EntityLoad.Read,/Users/obey/Desktop/MyVoxelGame/src/server/level/LevelEntityStore.cpp,104,41837341354,2542,19,
EntityLoad.Read,/Users/obey/Desktop/MyVoxelGame/src/server/level/LevelEntityStore.cpp,104,41886886280,17917,19,
EntityLoad.Read,/Users/obey/Desktop/MyVoxelGame/src/server/level/LevelEntityStore.cpp,104,41886911155,3208,19,
EntityLoad.Read,/Users/obey/Desktop/MyVoxelGame/src/server/level/LevelEntityStore.cpp,104,41886918673,2292,19,
EntityLoad.Read,/Users/obey/Desktop/MyVoxelGame/src/server/level/LevelEntityStore.cpp,104,41936875743,46684,19,
EntityLoad.Read,/Users/obey/Desktop/MyVoxelGame/src/server/level/LevelEntityStore.cpp,104,41986846771,16309,19,
EntityLoad.Read,/Users/obey/Desktop/MyVoxelGame/src/server/level/LevelEntityStore.cpp,104,41986866330,2792,19,
EntityLoad.Read,/Users/obey/Desktop/MyVoxelGame/src/server/level/LevelEntityStore.cpp,104,41986871872,1458,19,
EntityLoad.Read,/Users/obey/Desktop/MyVoxelGame/src/server/level/LevelEntityStore.cpp,104,41986876205,1584,19,
EntityLoad.Read,/Users/obey/Desktop/MyVoxelGame/src/server/level/LevelEntityStore.cpp,104,42036847109,16893,19,
EntityLoad.Read,/Users/obey/Desktop/MyVoxelGame/src/server/level/LevelEntityStore.cpp,104,42086926208,40910,19,
EntityLoad.Read,/Users/obey/Desktop/MyVoxelGame/src/server/level/LevelEntityStore.cpp,104,42086970410,3083,19,
EntityLoad.Read,/Users/obey/Desktop/MyVoxelGame/src/server/level/LevelEntityStore.cpp,104,42086975577,2041,19,
EntityLoad.Read,/Users/obey/Desktop/MyVoxelGame/src/server/level/LevelEntityStore.cpp,104,42136852637,21142,19,
EntityLoad.Read,/Users/obey/Desktop/MyVoxelGame/src/server/level/LevelEntityStore.cpp,104,42136879029,3042,19,
EntityLoad.Read,/Users/obey/Desktop/MyVoxelGame/src/server/level/LevelEntityStore.cpp,104,42186858492,33851,19,
EntityLoad.Read,/Users/obey/Desktop/MyVoxelGame/src/server/level/LevelEntityStore.cpp,104,42186898135,2708,19,
EntityLoad.Read,/Users/obey/Desktop/MyVoxelGame/src/server/level/LevelEntityStore.cpp,104,42186905444,1459,19,
EntityLoad.Read,/Users/obey/Desktop/MyVoxelGame/src/server/level/LevelEntityStore.cpp,104,42186908944,2042,19,
EntityLoad.Read,/Users/obey/Desktop/MyVoxelGame/src/server/level/LevelEntityStore.cpp,104,42236854872,28893,19,
EntityLoad.Read,/Users/obey/Desktop/MyVoxelGame/src/server/level/LevelEntityStore.cpp,104,42236887765,2417,19,
EntityLoad.Read,/Users/obey/Desktop/MyVoxelGame/src/server/level/LevelEntityStore.cpp,104,42286864853,24725,19,
EntityLoad.Read,/Users/obey/Desktop/MyVoxelGame/src/server/level/LevelEntityStore.cpp,104,42286895745,2708,19,
EntityLoad.Read,/Users/obey/Desktop/MyVoxelGame/src/server/level/LevelEntityStore.cpp,104,64779302957,16310,19,
EntityLoad.Read,/Users/obey/Desktop/MyVoxelGame/src/server/level/LevelEntityStore.cpp,104,64779321350,2084,19,
EntityLoad.Read,/Users/obey/Desktop/MyVoxelGame/src/server/level/LevelEntityStore.cpp,104,64779325934,2000,19,
EntityLoad.Read,/Users/obey/Desktop/MyVoxelGame/src/server/level/LevelEntityStore.cpp,104,64779330767,2125,19,
EntityLoad.Read,/Users/obey/Desktop/MyVoxelGame/src/server/level/LevelEntityStore.cpp,104,64924513021,34785,19,
EntityLoad.Read,/Users/obey/Desktop/MyVoxelGame/src/server/level/LevelEntityStore.cpp,104,64924549806,2250,19,
EntityLoad.Read,/Users/obey/Desktop/MyVoxelGame/src/server/level/LevelEntityStore.cpp,104,64924553723,1333,19,
EntityLoad.Read,/Users/obey/Desktop/MyVoxelGame/src/server/level/LevelEntityStore.cpp,104,64924556431,1208,19,
EntityLoad.Read,/Users/obey/Desktop/MyVoxelGame/src/server/level/LevelEntityStore.cpp,104,64924559806,1167,19,
EntityLoad.Read,/Users/obey/Desktop/MyVoxelGame/src/server/level/LevelEntityStore.cpp,104,64924562723,1458,19,
EntityLoad.Read,/Users/obey/Desktop/MyVoxelGame/src/server/level/LevelEntityStore.cpp,104,65079506686,16309,19,
EntityLoad.Read,/Users/obey/Desktop/MyVoxelGame/src/server/level/LevelEntityStore.cpp,104,65079526120,1916,19,
EntityLoad.Read,/Users/obey/Desktop/MyVoxelGame/src/server/level/LevelEntityStore.cpp,104,65079529953,1208,19,
EntityLoad.Read,/Users/obey/Desktop/MyVoxelGame/src/server/level/LevelEntityStore.cpp,104,65079532495,1375,19,
EntityLoad.Read,/Users/obey/Desktop/MyVoxelGame/src/server/level/LevelEntityStore.cpp,104,65079536411,1459,19,
EntityLoad.Read,/Users/obey/Desktop/MyVoxelGame/src/server/level/LevelEntityStore.cpp,104,65079540536,1375,19,
EntityLoad.Read,/Users/obey/Desktop/MyVoxelGame/src/server/level/LevelEntityStore.cpp,104,65232262568,16292,19,
EntityLoad.Read,/Users/obey/Desktop/MyVoxelGame/src/server/level/LevelEntityStore.cpp,104,65232281151,2625,19,
EntityLoad.Read,/Users/obey/Desktop/MyVoxelGame/src/server/level/LevelEntityStore.cpp,104,65232286793,1417,19,
EntityLoad.Read,/Users/obey/Desktop/MyVoxelGame/src/server/level/LevelEntityStore.cpp,104,65232288960,1833,19,
EntityLoad.Read,/Users/obey/Desktop/MyVoxelGame/src/server/level/LevelEntityStore.cpp,104,65232292877,1583,19,
EntityLoad.Read,/Users/obey/Desktop/MyVoxelGame/src/server/level/LevelEntityStore.cpp,104,65232296377,1375,19,
EntityLoad.Read,/Users/obey/Desktop/MyVoxelGame/src/server/level/LevelEntityStore.cpp,104,65379462149,11017,19,
EntityLoad.Read,/Users/obey/Desktop/MyVoxelGame/src/server/level/LevelEntityStore.cpp,104,65379476499,1875,19,
EntityLoad.Read,/Users/obey/Desktop/MyVoxelGame/src/server/level/LevelEntityStore.cpp,104,65379481374,1875,19,
EntityLoad.Read,/Users/obey/Desktop/MyVoxelGame/src/server/level/LevelEntityStore.cpp,104,65379485374,1250,19,
EntityLoad.Read,/Users/obey/Desktop/MyVoxelGame/src/server/level/LevelEntityStore.cpp,104,65379488582,1584,19,
EntityLoad.Read,/Users/obey/Desktop/MyVoxelGame/src/server/level/LevelEntityStore.cpp,104,65512683195,17500,19,
EntityLoad.Read,/Users/obey/Desktop/MyVoxelGame/src/server/level/LevelEntityStore.cpp,104,65512705070,2709,19,
EntityLoad.Read,/Users/obey/Desktop/MyVoxelGame/src/server/level/LevelEntityStore.cpp,104,65512709904,1434,19,
EntityLoad.Read,/Users/obey/Desktop/MyVoxelGame/src/server/level/LevelEntityStore.cpp,104,65512727172,1750,19,
EntityLoad.Read,/Users/obey/Desktop/MyVoxelGame/src/server/level/LevelEntityStore.cpp,104,65512730172,1291,19,
EntityLoad.Read,/Users/obey/Desktop/MyVoxelGame/src/server/level/LevelEntityStore.cpp,104,65512732922,1333,19,
EntityLoad.Read,/Users/obey/Desktop/MyVoxelGame/src/server/level/LevelEntityStore.cpp,104,65724133158,36452,19,
EntityLoad.Read,/Users/obey/Desktop/MyVoxelGame/src/server/level/LevelEntityStore.cpp,104,65724175360,2791,19,
ChunkResult.EntityLoad,/Users/obey/Desktop/MyVoxelGame/src/server/IntegratedServer.cpp,2929,13436872032,27666,19,
ChunkResult.EntityLoad,/Users/obey/Desktop/MyVoxelGame/src/server/IntegratedServer.cpp,2929,13536884183,50852,19,
ChunkResult.EntityLoad,/Users/obey/Desktop/MyVoxelGame/src/server/IntegratedServer.cpp,2929,13536946219,6959,19,
ChunkResult.EntityLoad,/Users/obey/Desktop/MyVoxelGame/src/server/IntegratedServer.cpp,2929,13636963038,26018,19,
ChunkResult.EntityLoad,/Users/obey/Desktop/MyVoxelGame/src/server/IntegratedServer.cpp,2929,13786899409,36559,19,
ChunkResult.EntityLoad,/Users/obey/Desktop/MyVoxelGame/src/server/IntegratedServer.cpp,2929,13786951445,3541,19,
ChunkResult.EntityLoad,/Users/obey/Desktop/MyVoxelGame/src/server/IntegratedServer.cpp,2929,13886895978,49118,19,
ChunkResult.EntityLoad,/Users/obey/Desktop/MyVoxelGame/src/server/IntegratedServer.cpp,2929,13936967869,40683,19,
ChunkResult.EntityLoad,/Users/obey/Desktop/MyVoxelGame/src/server/IntegratedServer.cpp,2929,13937014344,3333,19,
ChunkResult.EntityLoad,/Users/obey/Desktop/MyVoxelGame/src/server/IntegratedServer.cpp,2929,13986880571,23559,19,
ChunkResult.EntityLoad,/Users/obey/Desktop/MyVoxelGame/src/server/IntegratedServer.cpp,2929,14037128108,33435,19,
ChunkResult.EntityLoad,/Users/obey/Desktop/MyVoxelGame/src/server/IntegratedServer.cpp,2929,14037175335,4208,19,
ChunkResult.EntityLoad,/Users/obey/Desktop/MyVoxelGame/src/server/IntegratedServer.cpp,2929,14187223568,36227,19,
ChunkResult.EntityLoad,/Users/obey/Desktop/MyVoxelGame/src/server/IntegratedServer.cpp,2929,14336898924,71327,19,
ChunkResult.EntityLoad,/Users/obey/Desktop/MyVoxelGame/src/server/IntegratedServer.cpp,2929,14386890762,43518,19,
ChunkResult.EntityLoad,/Users/obey/Desktop/MyVoxelGame/src/server/IntegratedServer.cpp,2929,14386939238,2500,19,
ChunkResult.EntityLoad,/Users/obey/Desktop/MyVoxelGame/src/server/IntegratedServer.cpp,2929,14439638349,38477,19,
ChunkResult.EntityLoad,/Users/obey/Desktop/MyVoxelGame/src/server/IntegratedServer.cpp,2929,14439682509,3042,19,
ChunkResult.EntityLoad,/Users/obey/Desktop/MyVoxelGame/src/server/IntegratedServer.cpp,2929,14486876313,22434,19,
ChunkResult.EntityLoad,/Users/obey/Desktop/MyVoxelGame/src/server/IntegratedServer.cpp,2929,14486904914,2375,19,
ChunkResult.EntityLoad,/Users/obey/Desktop/MyVoxelGame/src/server/IntegratedServer.cpp,2929,14537893958,26309,19,
ChunkResult.EntityLoad,/Users/obey/Desktop/MyVoxelGame/src/server/IntegratedServer.cpp,2929,14537925767,3542,19,
ChunkResult.EntityLoad,/Users/obey/Desktop/MyVoxelGame/src/server/IntegratedServer.cpp,2929,14587449507,91428,19,
ChunkResult.EntityLoad,/Users/obey/Desktop/MyVoxelGame/src/server/IntegratedServer.cpp,2929,14587549477,5750,19,
ChunkResult.EntityLoad,/Users/obey/Desktop/MyVoxelGame/src/server/IntegratedServer.cpp,2929,14738741862,99761,19,
ChunkResult.EntityLoad,/Users/obey/Desktop/MyVoxelGame/src/server/IntegratedServer.cpp,2929,14738849390,3542,19,
ChunkResult.EntityLoad,/Users/obey/Desktop/MyVoxelGame/src/server/IntegratedServer.cpp,2929,14786896353,48786,19,
ChunkResult.EntityLoad,/Users/obey/Desktop/MyVoxelGame/src/server/IntegratedServer.cpp,2929,14888487419,42852,19,
ChunkResult.EntityLoad,/Users/obey/Desktop/MyVoxelGame/src/server/IntegratedServer.cpp,2929,14986879765,69327,19,
ChunkResult.EntityLoad,/Users/obey/Desktop/MyVoxelGame/src/server/IntegratedServer.cpp,2929,15137862168,118886,19,
ChunkResult.EntityLoad,/Users/obey/Desktop/MyVoxelGame/src/server/IntegratedServer.cpp,2929,15286887095,127946,19,
ChunkResult.EntityLoad,/Users/obey/Desktop/MyVoxelGame/src/server/IntegratedServer.cpp,2929,15336934886,42517,19,
ChunkResult.EntityLoad,/Users/obey/Desktop/MyVoxelGame/src/server/IntegratedServer.cpp,2929,15336997380,21558,19,
ChunkResult.EntityLoad,/Users/obey/Desktop/MyVoxelGame/src/server/IntegratedServer.cpp,2929,15388303348,24851,19,
ChunkResult.EntityLoad,/Users/obey/Desktop/MyVoxelGame/src/server/IntegratedServer.cpp,2929,15438648105,52060,19,
ChunkResult.EntityLoad,/Users/obey/Desktop/MyVoxelGame/src/server/IntegratedServer.cpp,2929,15487109690,26267,19,
ChunkResult.EntityLoad,/Users/obey/Desktop/MyVoxelGame/src/server/IntegratedServer.cpp,2929,15538645282,19018,19,
ChunkResult.EntityLoad,/Users/obey/Desktop/MyVoxelGame/src/server/IntegratedServer.cpp,2929,15586879326,22809,19,
ChunkResult.EntityLoad,/Users/obey/Desktop/MyVoxelGame/src/server/IntegratedServer.cpp,2929,15586905344,15916,19,
ChunkResult.EntityLoad,/Users/obey/Desktop/MyVoxelGame/src/server/IntegratedServer.cpp,2929,15637245249,15893,19,
ChunkResult.EntityLoad,/Users/obey/Desktop/MyVoxelGame/src/server/IntegratedServer.cpp,2929,15686885645,108237,19,
ChunkResult.EntityLoad,/Users/obey/Desktop/MyVoxelGame/src/server/IntegratedServer.cpp,2929,15736956161,34058,19,
ChunkResult.EntityLoad,/Users/obey/Desktop/MyVoxelGame/src/server/IntegratedServer.cpp,2929,15787209848,17768,19,
ChunkResult.EntityLoad,/Users/obey/Desktop/MyVoxelGame/src/server/IntegratedServer.cpp,2929,15836883551,21268,19,
ChunkResult.EntityLoad,/Users/obey/Desktop/MyVoxelGame/src/server/IntegratedServer.cpp,2929,15888778998,16458,19,
ChunkResult.EntityLoad,/Users/obey/Desktop/MyVoxelGame/src/server/IntegratedServer.cpp,2929,15936886537,57993,19,
ChunkResult.EntityLoad,/Users/obey/Desktop/MyVoxelGame/src/server/IntegratedServer.cpp,2929,15989036332,45768,19,
ChunkResult.EntityLoad,/Users/obey/Desktop/MyVoxelGame/src/server/IntegratedServer.cpp,2929,16136893633,35935,19,
ChunkResult.EntityLoad,/Users/obey/Desktop/MyVoxelGame/src/server/IntegratedServer.cpp,2929,16186891471,60826,19,
ChunkResult.EntityLoad,/Users/obey/Desktop/MyVoxelGame/src/server/IntegratedServer.cpp,2929,16286888456,110904,19,
ChunkResult.EntityLoad,/Users/obey/Desktop/MyVoxelGame/src/server/IntegratedServer.cpp,2929,16386856257,41810,19,
ChunkResult.EntityLoad,/Users/obey/Desktop/MyVoxelGame/src/server/IntegratedServer.cpp,2929,16386903025,5042,19,
ChunkResult.EntityLoad,/Users/obey/Desktop/MyVoxelGame/src/server/IntegratedServer.cpp,2929,16436868511,31310,19,
ChunkResult.EntityLoad,/Users/obey/Desktop/MyVoxelGame/src/server/IntegratedServer.cpp,2929,16436907381,4125,19,
ChunkResult.EntityLoad,/Users/obey/Desktop/MyVoxelGame/src/server/IntegratedServer.cpp,2929,16486859368,32934,19,
ChunkResult.EntityLoad,/Users/obey/Desktop/MyVoxelGame/src/server/IntegratedServer.cpp,2929,16486897677,8083,19,
ChunkResult.EntityLoad,/Users/obey/Desktop/MyVoxelGame/src/server/IntegratedServer.cpp,2929,16538519655,56535,19,
ChunkResult.EntityLoad,/Users/obey/Desktop/MyVoxelGame/src/server/IntegratedServer.cpp,2929,16538581106,3500,19,
ChunkResult.EntityLoad,/Users/obey/Desktop/MyVoxelGame/src/server/IntegratedServer.cpp,2929,16587177362,34018,19,
ChunkResult.EntityLoad,/Users/obey/Desktop/MyVoxelGame/src/server/IntegratedServer.cpp,2929,16639258020,83761,19,
ChunkResult.EntityLoad,/Users/obey/Desktop/MyVoxelGame/src/server/IntegratedServer.cpp,2929,16686866988,24976,19,
ChunkResult.EntityLoad,/Users/obey/Desktop/MyVoxelGame/src/server/IntegratedServer.cpp,2929,16686895839,2542,19,
ChunkResult.EntityLoad,/Users/obey/Desktop/MyVoxelGame/src/server/IntegratedServer.cpp,2929,16737049365,47601,19,
ChunkResult.EntityLoad,/Users/obey/Desktop/MyVoxelGame/src/server/IntegratedServer.cpp,2929,16787641056,42433,19,
ChunkResult.EntityLoad,/Users/obey/Desktop/MyVoxelGame/src/server/IntegratedServer.cpp,2929,16787689573,2958,19,
ChunkResult.EntityLoad,/Users/obey/Desktop/MyVoxelGame/src/server/IntegratedServer.cpp,2929,16837460496,18226,19,
ChunkResult.EntityLoad,/Users/obey/Desktop/MyVoxelGame/src/server/IntegratedServer.cpp,2929,16837482514,3041,19,
ChunkResult.EntityLoad,/Users/obey/Desktop/MyVoxelGame/src/server/IntegratedServer.cpp,2929,16889370567,21017,19,
ChunkResult.EntityLoad,/Users/obey/Desktop/MyVoxelGame/src/server/IntegratedServer.cpp,2929,16889396043,2541,19,
ChunkResult.EntityLoad,/Users/obey/Desktop/MyVoxelGame/src/server/IntegratedServer.cpp,2929,16889403376,2292,19,
ChunkResult.EntityLoad,/Users/obey/Desktop/MyVoxelGame/src/server/IntegratedServer.cpp,2929,16938749053,34226,19,
ChunkResult.EntityLoad,/Users/obey/Desktop/MyVoxelGame/src/server/IntegratedServer.cpp,2929,17037419890,29810,19,
ChunkResult.EntityLoad,/Users/obey/Desktop/MyVoxelGame/src/server/IntegratedServer.cpp,2929,17088483861,19583,19,
ChunkResult.EntityLoad,/Users/obey/Desktop/MyVoxelGame/src/server/IntegratedServer.cpp,2929,17136901952,76386,19,
ChunkResult.EntityLoad,/Users/obey/Desktop/MyVoxelGame/src/server/IntegratedServer.cpp,2929,17186878498,43476,19,
ChunkResult.EntityLoad,/Users/obey/Desktop/MyVoxelGame/src/server/IntegratedServer.cpp,2929,17239869393,30684,19,
ChunkResult.EntityLoad,/Users/obey/Desktop/MyVoxelGame/src/server/IntegratedServer.cpp,2929,17287311522,24642,19,
ChunkResult.EntityLoad,/Users/obey/Desktop/MyVoxelGame/src/server/IntegratedServer.cpp,2929,17387410310,29850,19,
ChunkResult.EntityLoad,/Users/obey/Desktop/MyVoxelGame/src/server/IntegratedServer.cpp,2929,17387443702,3208,19,
ChunkResult.EntityLoad,/Users/obey/Desktop/MyVoxelGame/src/server/IntegratedServer.cpp,2929,17489323385,44576,19,
ChunkResult.EntityLoad,/Users/obey/Desktop/MyVoxelGame/src/server/IntegratedServer.cpp,2929,17536864233,55577,19,
ChunkResult.EntityLoad,/Users/obey/Desktop/MyVoxelGame/src/server/IntegratedServer.cpp,2929,17536927018,4667,19,
ChunkResult.EntityLoad,/Users/obey/Desktop/MyVoxelGame/src/server/IntegratedServer.cpp,2929,17586908898,64369,19,
ChunkResult.EntityLoad,/Users/obey/Desktop/MyVoxelGame/src/server/IntegratedServer.cpp,2929,17586981475,4458,19,
ChunkResult.EntityLoad,/Users/obey/Desktop/MyVoxelGame/src/server/IntegratedServer.cpp,2929,17636868801,41018,19,
ChunkResult.EntityLoad,/Users/obey/Desktop/MyVoxelGame/src/server/IntegratedServer.cpp,2929,17636916962,3875,19,
ChunkResult.EntityLoad,/Users/obey/Desktop/MyVoxelGame/src/server/IntegratedServer.cpp,2929,17686870806,61244,19,
ChunkResult.EntityLoad,/Users/obey/Desktop/MyVoxelGame/src/server/IntegratedServer.cpp,2929,17686936734,2583,19,
ChunkResult.EntityLoad,/Users/obey/Desktop/MyVoxelGame/src/server/IntegratedServer.cpp,2929,17686942859,1875,19,
ChunkResult.EntityLoad,/Users/obey/Desktop/MyVoxelGame/src/server/IntegratedServer.cpp,2929,17736848103,44243,19,
ChunkResult.EntityLoad,/Users/obey/Desktop/MyVoxelGame/src/server/IntegratedServer.cpp,2929,17736895846,3000,19,
ChunkResult.EntityLoad,/Users/obey/Desktop/MyVoxelGame/src/server/IntegratedServer.cpp,2929,17789009147,55326,19,
ChunkResult.EntityLoad,/Users/obey/Desktop/MyVoxelGame/src/server/IntegratedServer.cpp,2929,17789073848,4935,19,
ChunkResult.EntityLoad,/Users/obey/Desktop/MyVoxelGame/src/server/IntegratedServer.cpp,2929,17836874856,33851,19,
ChunkResult.EntityLoad,/Users/obey/Desktop/MyVoxelGame/src/server/IntegratedServer.cpp,2929,17836918457,3917,19,
ChunkResult.EntityLoad,/Users/obey/Desktop/MyVoxelGame/src/server/IntegratedServer.cpp,2929,17886889878,25018,19,
ChunkResult.EntityLoad,/Users/obey/Desktop/MyVoxelGame/src/server/IntegratedServer.cpp,2929,17886922896,4458,19,
ChunkResult.EntityLoad,/Users/obey/Desktop/MyVoxelGame/src/server/IntegratedServer.cpp,2929,17936899883,34744,19,
ChunkResult.EntityLoad,/Users/obey/Desktop/MyVoxelGame/src/server/IntegratedServer.cpp,2929,17936939793,2709,19,
ChunkResult.EntityLoad,/Users/obey/Desktop/MyVoxelGame/src/server/IntegratedServer.cpp,2929,17987047118,21291,19,
ChunkResult.EntityLoad,/Users/obey/Desktop/MyVoxelGame/src/server/IntegratedServer.cpp,2929,17987073594,3958,19,
ChunkResult.EntityLoad,/Users/obey/Desktop/MyVoxelGame/src/server/IntegratedServer.cpp,2929,18036845375,46035,19,
ChunkResult.EntityLoad,/Users/obey/Desktop/MyVoxelGame/src/server/IntegratedServer.cpp,2929,18036895577,3708,19,
ChunkResult.EntityLoad,/Users/obey/Desktop/MyVoxelGame/src/server/IntegratedServer.cpp,2929,18088869849,47493,19,
ChunkResult.EntityLoad,/Users/obey/Desktop/MyVoxelGame/src/server/IntegratedServer.cpp,2929,18088923884,4208,19,
ChunkResult.EntityLoad,/Users/obey/Desktop/MyVoxelGame/src/server/IntegratedServer.cpp,2929,18136847110,21725,19,
ChunkResult.EntityLoad,/Users/obey/Desktop/MyVoxelGame/src/server/IntegratedServer.cpp,2929,18136871960,2459,19,
ChunkResult.EntityLoad,/Users/obey/Desktop/MyVoxelGame/src/server/IntegratedServer.cpp,2929,18236899922,58869,19,
ChunkResult.EntityLoad,/Users/obey/Desktop/MyVoxelGame/src/server/IntegratedServer.cpp,2929,18236962374,3167,19,
ChunkResult.EntityLoad,/Users/obey/Desktop/MyVoxelGame/src/server/IntegratedServer.cpp,2929,18387019733,38268,19,
ChunkResult.EntityLoad,/Users/obey/Desktop/MyVoxelGame/src/server/IntegratedServer.cpp,2929,18437214860,80160,19,
ChunkResult.EntityLoad,/Users/obey/Desktop/MyVoxelGame/src/server/IntegratedServer.cpp,2929,18437305788,3709,19,
ChunkResult.EntityLoad,/Users/obey/Desktop/MyVoxelGame/src/server/IntegratedServer.cpp,2929,18489356763,36410,19,
ChunkResult.EntityLoad,/Users/obey/Desktop/MyVoxelGame/src/server/IntegratedServer.cpp,2929,18537548356,6308,19,
ChunkResult.EntityLoad,/Users/obey/Desktop/MyVoxelGame/src/server/IntegratedServer.cpp,2929,18587069679,23809,19,
ChunkResult.EntityLoad,/Users/obey/Desktop/MyVoxelGame/src/server/IntegratedServer.cpp,2929,18587096446,2542,19,
ChunkResult.EntityLoad,/Users/obey/Desktop/MyVoxelGame/src/server/IntegratedServer.cpp,2929,18636880329,76511,19,
ChunkResult.EntityLoad,/Users/obey/Desktop/MyVoxelGame/src/server/IntegratedServer.cpp,2929,18636963923,4209,19,
ChunkResult.EntityLoad,/Users/obey/Desktop/MyVoxelGame/src/server/IntegratedServer.cpp,2929,18686847583,46060,19,
ChunkResult.EntityLoad,/Users/obey/Desktop/MyVoxelGame/src/server/IntegratedServer.cpp,2929,18686898934,3643,19,
ChunkResult.EntityLoad,/Users/obey/Desktop/MyVoxelGame/src/server/IntegratedServer.cpp,2929,18686908077,2167,19,
ChunkResult.EntityLoad,/Users/obey/Desktop/MyVoxelGame/src/server/IntegratedServer.cpp,2929,18736935100,38309,19,
ChunkResult.EntityLoad,/Users/obey/Desktop/MyVoxelGame/src/server/IntegratedServer.cpp,2929,18736979784,3767,19,
ChunkResult.EntityLoad,/Users/obey/Desktop/MyVoxelGame/src/server/IntegratedServer.cpp,2929,18786867069,25767,19,
ChunkResult.EntityLoad,/Users/obey/Desktop/MyVoxelGame/src/server/IntegratedServer.cpp,2929,18786897336,2958,19,
ChunkResult.EntityLoad,/Users/obey/Desktop/MyVoxelGame/src/server/IntegratedServer.cpp,2929,18837573996,46934,19,
ChunkResult.EntityLoad,/Users/obey/Desktop/MyVoxelGame/src/server/IntegratedServer.cpp,2929,18887105945,44893,19,
ChunkResult.EntityLoad,/Users/obey/Desktop/MyVoxelGame/src/server/IntegratedServer.cpp,2929,18936855725,44518,19,
ChunkResult.EntityLoad,/Users/obey/Desktop/MyVoxelGame/src/server/IntegratedServer.cpp,2929,18936905719,3584,19,
ChunkResult.EntityLoad,/Users/obey/Desktop/MyVoxelGame/src/server/IntegratedServer.cpp,2929,18987465082,51535,19,
ChunkResult.EntityLoad,/Users/obey/Desktop/MyVoxelGame/src/server/IntegratedServer.cpp,2929,19036961014,40118,19,
ChunkResult.EntityLoad,/Users/obey/Desktop/MyVoxelGame/src/server/IntegratedServer.cpp,2929,19037004966,3250,19,
ChunkResult.EntityLoad,/Users/obey/Desktop/MyVoxelGame/src/server/IntegratedServer.cpp,2929,19086881442,14393,19,
ChunkResult.EntityLoad,/Users/obey/Desktop/MyVoxelGame/src/server/IntegratedServer.cpp,2929,19086900751,2584,19,
ChunkResult.EntityLoad,/Users/obey/Desktop/MyVoxelGame/src/server/IntegratedServer.cpp,2929,19137150897,7392,19,
ChunkResult.EntityLoad,/Users/obey/Desktop/MyVoxelGame/src/server/IntegratedServer.cpp,2929,19137161289,1916,19,
ChunkResult.EntityLoad,/Users/obey/Desktop/MyVoxelGame/src/server/IntegratedServer.cpp,2929,19186891928,26601,19,
ChunkResult.EntityLoad,/Users/obey/Desktop/MyVoxelGame/src/server/IntegratedServer.cpp,2929,19186924112,3584,19,
ChunkResult.EntityLoad,/Users/obey/Desktop/MyVoxelGame/src/server/IntegratedServer.cpp,2929,19238022225,32350,19,
ChunkResult.EntityLoad,/Users/obey/Desktop/MyVoxelGame/src/server/IntegratedServer.cpp,2929,19238059200,2875,19,
ChunkResult.EntityLoad,/Users/obey/Desktop/MyVoxelGame/src/server/IntegratedServer.cpp,2929,19287541616,17600,19,
ChunkResult.EntityLoad,/Users/obey/Desktop/MyVoxelGame/src/server/IntegratedServer.cpp,2929,19287562591,3417,19,
ChunkResult.EntityLoad,/Users/obey/Desktop/MyVoxelGame/src/server/IntegratedServer.cpp,2929,19287570258,2292,19,
ChunkResult.EntityLoad,/Users/obey/Desktop/MyVoxelGame/src/server/IntegratedServer.cpp,2929,19339184111,25642,19,
ChunkResult.EntityLoad,/Users/obey/Desktop/MyVoxelGame/src/server/IntegratedServer.cpp,2929,19387277234,39576,19,
ChunkResult.EntityLoad,/Users/obey/Desktop/MyVoxelGame/src/server/IntegratedServer.cpp,2929,19486871032,39726,19,
ChunkResult.EntityLoad,/Users/obey/Desktop/MyVoxelGame/src/server/IntegratedServer.cpp,2929,19486916174,2584,19,
ChunkResult.EntityLoad,/Users/obey/Desktop/MyVoxelGame/src/server/IntegratedServer.cpp,2929,19545461745,25058,19,
ChunkResult.EntityLoad,/Users/obey/Desktop/MyVoxelGame/src/server/IntegratedServer.cpp,2929,19545493803,4584,19,
ChunkResult.EntityLoad,/Users/obey/Desktop/MyVoxelGame/src/server/IntegratedServer.cpp,2929,19636870481,24143,19,
ChunkResult.EntityLoad,/Users/obey/Desktop/MyVoxelGame/src/server/IntegratedServer.cpp,2929,19636900041,3458,19,
ChunkResult.EntityLoad,/Users/obey/Desktop/MyVoxelGame/src/server/IntegratedServer.cpp,2929,19686857610,23477,19,
ChunkResult.EntityLoad,/Users/obey/Desktop/MyVoxelGame/src/server/IntegratedServer.cpp,2929,19736851156,20310,19,
ChunkResult.EntityLoad,/Users/obey/Desktop/MyVoxelGame/src/server/IntegratedServer.cpp,2929,19736874924,2209,19,
ChunkResult.EntityLoad,/Users/obey/Desktop/MyVoxelGame/src/server/IntegratedServer.cpp,2929,19787740190,20583,19,
ChunkResult.EntityLoad,/Users/obey/Desktop/MyVoxelGame/src/server/IntegratedServer.cpp,2929,19787764373,3542,19,
ChunkResult.EntityLoad,/Users/obey/Desktop/MyVoxelGame/src/server/IntegratedServer.cpp,2929,19836860601,19558,19,
ChunkResult.EntityLoad,/Users/obey/Desktop/MyVoxelGame/src/server/IntegratedServer.cpp,2929,19836883534,3459,19,
ChunkResult.EntityLoad,/Users/obey/Desktop/MyVoxelGame/src/server/IntegratedServer.cpp,2929,19836889826,1917,19,
ChunkResult.EntityLoad,/Users/obey/Desktop/MyVoxelGame/src/server/IntegratedServer.cpp,2929,19887313220,23500,19,
ChunkResult.EntityLoad,/Users/obey/Desktop/MyVoxelGame/src/server/IntegratedServer.cpp,2929,19887342030,2500,19,
ChunkResult.EntityLoad,/Users/obey/Desktop/MyVoxelGame/src/server/IntegratedServer.cpp,2929,19887347280,2417,19,
ChunkResult.EntityLoad,/Users/obey/Desktop/MyVoxelGame/src/server/IntegratedServer.cpp,2929,19938235252,28643,19,
ChunkResult.EntityLoad,/Users/obey/Desktop/MyVoxelGame/src/server/IntegratedServer.cpp,2929,19938270270,3458,19,
ChunkResult.EntityLoad,/Users/obey/Desktop/MyVoxelGame/src/server/IntegratedServer.cpp,2929,19987385283,47392,19,
ChunkResult.EntityLoad,/Users/obey/Desktop/MyVoxelGame/src/server/IntegratedServer.cpp,2929,19987436925,4310,19,
ChunkResult.EntityLoad,/Users/obey/Desktop/MyVoxelGame/src/server/IntegratedServer.cpp,2929,20037817783,43910,19,
ChunkResult.EntityLoad,/Users/obey/Desktop/MyVoxelGame/src/server/IntegratedServer.cpp,2929,20037869652,3583,19,
ChunkResult.EntityLoad,/Users/obey/Desktop/MyVoxelGame/src/server/IntegratedServer.cpp,2929,20037877110,3208,19,
ChunkResult.EntityLoad,/Users/obey/Desktop/MyVoxelGame/src/server/IntegratedServer.cpp,2929,20087124943,47244,19,
ChunkResult.EntityLoad,/Users/obey/Desktop/MyVoxelGame/src/server/IntegratedServer.cpp,2929,20087182145,3625,19,
ChunkResult.EntityLoad,/Users/obey/Desktop/MyVoxelGame/src/server/IntegratedServer.cpp,2929,20136871473,62078,19,
ChunkResult.EntityLoad,/Users/obey/Desktop/MyVoxelGame/src/server/IntegratedServer.cpp,2929,20136948985,6125,19,
ChunkResult.EntityLoad,/Users/obey/Desktop/MyVoxelGame/src/server/IntegratedServer.cpp,2929,20186851311,26018,19,
ChunkResult.EntityLoad,/Users/obey/Desktop/MyVoxelGame/src/server/IntegratedServer.cpp,2929,20186880912,2625,19,
ChunkResult.EntityLoad,/Users/obey/Desktop/MyVoxelGame/src/server/IntegratedServer.cpp,2929,20186886912,2542,19,
ChunkResult.EntityLoad,/Users/obey/Desktop/MyVoxelGame/src/server/IntegratedServer.cpp,2929,20236851066,15143,19,
ChunkResult.EntityLoad,/Users/obey/Desktop/MyVoxelGame/src/server/IntegratedServer.cpp,2929,20236869626,2583,19,
ChunkResult.EntityLoad,/Users/obey/Desktop/MyVoxelGame/src/server/IntegratedServer.cpp,2929,20288195987,51684,19,
ChunkResult.EntityLoad,/Users/obey/Desktop/MyVoxelGame/src/server/IntegratedServer.cpp,2929,20288250980,3375,19,
ChunkResult.EntityLoad,/Users/obey/Desktop/MyVoxelGame/src/server/IntegratedServer.cpp,2929,20337392410,31976,19,
ChunkResult.EntityLoad,/Users/obey/Desktop/MyVoxelGame/src/server/IntegratedServer.cpp,2929,20387144566,48452,19,
ChunkResult.EntityLoad,/Users/obey/Desktop/MyVoxelGame/src/server/IntegratedServer.cpp,2929,20387199768,3958,19,
ChunkResult.EntityLoad,/Users/obey/Desktop/MyVoxelGame/src/server/IntegratedServer.cpp,2929,20387208226,4583,19,
ChunkResult.EntityLoad,/Users/obey/Desktop/MyVoxelGame/src/server/IntegratedServer.cpp,2929,20438758336,99029,19,
ChunkResult.EntityLoad,/Users/obey/Desktop/MyVoxelGame/src/server/IntegratedServer.cpp,2929,20487522054,45285,19,
ChunkResult.EntityLoad,/Users/obey/Desktop/MyVoxelGame/src/server/IntegratedServer.cpp,2929,20487573214,11416,19,
ChunkResult.EntityLoad,/Users/obey/Desktop/MyVoxelGame/src/server/IntegratedServer.cpp,2929,20537439816,61035,19,
ChunkResult.EntityLoad,/Users/obey/Desktop/MyVoxelGame/src/server/IntegratedServer.cpp,2929,20537511892,4667,19,
ChunkResult.EntityLoad,/Users/obey/Desktop/MyVoxelGame/src/server/IntegratedServer.cpp,2929,20537522494,4041,19,
ChunkResult.EntityLoad,/Users/obey/Desktop/MyVoxelGame/src/server/IntegratedServer.cpp,2929,20586914646,52952,19,
ChunkResult.EntityLoad,/Users/obey/Desktop/MyVoxelGame/src/server/IntegratedServer.cpp,2929,20636867799,29101,19,
ChunkResult.EntityLoad,/Users/obey/Desktop/MyVoxelGame/src/server/IntegratedServer.cpp,2929,20686856221,48369,19,
ChunkResult.EntityLoad,/Users/obey/Desktop/MyVoxelGame/src/server/IntegratedServer.cpp,2929,20686908090,3917,19,
ChunkResult.EntityLoad,/Users/obey/Desktop/MyVoxelGame/src/server/IntegratedServer.cpp,2929,20737145151,66285,19,
ChunkResult.EntityLoad,/Users/obey/Desktop/MyVoxelGame/src/server/IntegratedServer.cpp,2929,20737218478,4458,19,
ChunkResult.EntityLoad,/Users/obey/Desktop/MyVoxelGame/src/server/IntegratedServer.cpp,2929,20836936181,80910,19,
ChunkResult.EntityLoad,/Users/obey/Desktop/MyVoxelGame/src/server/IntegratedServer.cpp,2929,20888707622,36768,19,
ChunkResult.EntityLoad,/Users/obey/Desktop/MyVoxelGame/src/server/IntegratedServer.cpp,2929,21086855395,37600,19,
ChunkResult.EntityLoad,/Users/obey/Desktop/MyVoxelGame/src/server/IntegratedServer.cpp,2929,21137316598,75202,19,
ChunkResult.EntityLoad,/Users/obey/Desktop/MyVoxelGame/src/server/IntegratedServer.cpp,2929,21137398508,4268,19,
ChunkResult.EntityLoad,/Users/obey/Desktop/MyVoxelGame/src/server/IntegratedServer.cpp,2929,21187348579,49535,19,
ChunkResult.EntityLoad,/Users/obey/Desktop/MyVoxelGame/src/server/IntegratedServer.cpp,2929,21239516349,52476,19,
ChunkResult.EntityLoad,/Users/obey/Desktop/MyVoxelGame/src/server/IntegratedServer.cpp,2929,21239572659,3392,19,
ChunkResult.EntityLoad,/Users/obey/Desktop/MyVoxelGame/src/server/IntegratedServer.cpp,2929,21287064864,34059,19,
ChunkResult.EntityLoad,/Users/obey/Desktop/MyVoxelGame/src/server/IntegratedServer.cpp,2929,21287102131,3458,19,
ChunkResult.EntityLoad,/Users/obey/Desktop/MyVoxelGame/src/server/IntegratedServer.cpp,2929,21338161169,27267,19,
ChunkResult.EntityLoad,/Users/obey/Desktop/MyVoxelGame/src/server/IntegratedServer.cpp,2929,21338193811,3917,19,
ChunkResult.EntityLoad,/Users/obey/Desktop/MyVoxelGame/src/server/IntegratedServer.cpp,2929,21338199978,1958,19,
ChunkResult.EntityLoad,/Users/obey/Desktop/MyVoxelGame/src/server/IntegratedServer.cpp,2929,21386850209,16934,19,
ChunkResult.EntityLoad,/Users/obey/Desktop/MyVoxelGame/src/server/IntegratedServer.cpp,2929,21386871184,2542,19,
ChunkResult.EntityLoad,/Users/obey/Desktop/MyVoxelGame/src/server/IntegratedServer.cpp,2929,21386877893,2458,19,
ChunkResult.EntityLoad,/Users/obey/Desktop/MyVoxelGame/src/server/IntegratedServer.cpp,2929,21438256207,70327,19,
ChunkResult.EntityLoad,/Users/obey/Desktop/MyVoxelGame/src/server/IntegratedServer.cpp,2929,21486914812,99238,19,
ChunkResult.EntityLoad,/Users/obey/Desktop/MyVoxelGame/src/server/IntegratedServer.cpp,2929,21487027467,8208,19,
ChunkResult.EntityLoad,/Users/obey/Desktop/MyVoxelGame/src/server/IntegratedServer.cpp,2929,21487044234,2625,19,
ChunkResult.EntityLoad,/Users/obey/Desktop/MyVoxelGame/src/server/IntegratedServer.cpp,2929,21536851716,54642,19,
ChunkResult.EntityLoad,/Users/obey/Desktop/MyVoxelGame/src/server/IntegratedServer.cpp,2929,21536909251,3542,19,
ChunkResult.EntityLoad,/Users/obey/Desktop/MyVoxelGame/src/server/IntegratedServer.cpp,2929,21586845263,49059,19,
ChunkResult.EntityLoad,/Users/obey/Desktop/MyVoxelGame/src/server/IntegratedServer.cpp,2929,21639477238,52285,19,
ChunkResult.EntityLoad,/Users/obey/Desktop/MyVoxelGame/src/server/IntegratedServer.cpp,2929,21639533065,3375,19,
ChunkResult.EntityLoad,/Users/obey/Desktop/MyVoxelGame/src/server/IntegratedServer.cpp,2929,21639540790,5042,19,
ChunkResult.EntityLoad,/Users/obey/Desktop/MyVoxelGame/src/server/IntegratedServer.cpp,2929,21686860957,16726,19,
ChunkResult.EntityLoad,/Users/obey/Desktop/MyVoxelGame/src/server/IntegratedServer.cpp,2929,21686882766,3542,19,
ChunkResult.EntityLoad,/Users/obey/Desktop/MyVoxelGame/src/server/IntegratedServer.cpp,2929,21738091807,34185,19,
ChunkResult.EntityLoad,/Users/obey/Desktop/MyVoxelGame/src/server/IntegratedServer.cpp,2929,21786902251,51453,19,
ChunkResult.EntityLoad,/Users/obey/Desktop/MyVoxelGame/src/server/IntegratedServer.cpp,2929,21786969429,10875,19,
ChunkResult.EntityLoad,/Users/obey/Desktop/MyVoxelGame/src/server/IntegratedServer.cpp,2929,21837049945,63952,19,
ChunkResult.EntityLoad,/Users/obey/Desktop/MyVoxelGame/src/server/IntegratedServer.cpp,2929,21887181269,71970,19,
ChunkResult.EntityLoad,/Users/obey/Desktop/MyVoxelGame/src/server/IntegratedServer.cpp,2929,21887259364,4542,19,
ChunkResult.EntityLoad,/Users/obey/Desktop/MyVoxelGame/src/server/IntegratedServer.cpp,2929,21936879783,93178,19,
ChunkResult.EntityLoad,/Users/obey/Desktop/MyVoxelGame/src/server/IntegratedServer.cpp,2929,21986885954,89845,19,
ChunkResult.EntityLoad,/Users/obey/Desktop/MyVoxelGame/src/server/IntegratedServer.cpp,2929,21986982108,6083,19,
ChunkResult.EntityLoad,/Users/obey/Desktop/MyVoxelGame/src/server/IntegratedServer.cpp,2929,21986993483,3041,19,
ChunkResult.EntityLoad,/Users/obey/Desktop/MyVoxelGame/src/server/IntegratedServer.cpp,2929,22037869331,120404,19,
ChunkResult.EntityLoad,/Users/obey/Desktop/MyVoxelGame/src/server/IntegratedServer.cpp,2929,22086889356,87011,19,
ChunkResult.EntityLoad,/Users/obey/Desktop/MyVoxelGame/src/server/IntegratedServer.cpp,2929,22086980659,3750,19,
ChunkResult.EntityLoad,/Users/obey/Desktop/MyVoxelGame/src/server/IntegratedServer.cpp,2929,22137356060,57535,19,
ChunkResult.EntityLoad,/Users/obey/Desktop/MyVoxelGame/src/server/IntegratedServer.cpp,2929,22137417512,3875,19,
ChunkResult.EntityLoad,/Users/obey/Desktop/MyVoxelGame/src/server/IntegratedServer.cpp,2929,22186981812,58451,19,
ChunkResult.EntityLoad,/Users/obey/Desktop/MyVoxelGame/src/server/IntegratedServer.cpp,2929,22237297385,30976,19,
ChunkResult.EntityLoad,/Users/obey/Desktop/MyVoxelGame/src/server/IntegratedServer.cpp,2929,22237335486,3375,19,
ChunkResult.EntityLoad,/Users/obey/Desktop/MyVoxelGame/src/server/IntegratedServer.cpp,2929,22286860352,68701,19,
ChunkResult.EntityLoad,/Users/obey/Desktop/MyVoxelGame/src/server/IntegratedServer.cpp,2929,22286936470,3810,19,
ChunkResult.EntityLoad,/Users/obey/Desktop/MyVoxelGame/src/server/IntegratedServer.cpp,2929,22336870706,50852,19,
ChunkResult.EntityLoad,/Users/obey/Desktop/MyVoxelGame/src/server/IntegratedServer.cpp,2929,22386855295,31935,19,
ChunkResult.EntityLoad,/Users/obey/Desktop/MyVoxelGame/src/server/IntegratedServer.cpp,2929,22386895021,3584,19,
ChunkResult.EntityLoad,/Users/obey/Desktop/MyVoxelGame/src/server/IntegratedServer.cpp,2929,22437127167,42683,19,
ChunkResult.EntityLoad,/Users/obey/Desktop/MyVoxelGame/src/server/IntegratedServer.cpp,2929,22536847327,59642,19,
ChunkResult.EntityLoad,/Users/obey/Desktop/MyVoxelGame/src/server/IntegratedServer.cpp,2929,22586850916,65910,19,
ChunkResult.EntityLoad,/Users/obey/Desktop/MyVoxelGame/src/server/IntegratedServer.cpp,2929,22638302347,51952,19,
ChunkResult.EntityLoad,/Users/obey/Desktop/MyVoxelGame/src/server/IntegratedServer.cpp,2929,22638360882,3709,19,
ChunkResult.EntityLoad,/Users/obey/Desktop/MyVoxelGame/src/server/IntegratedServer.cpp,2929,22686852691,32852,19,
ChunkResult.EntityLoad,/Users/obey/Desktop/MyVoxelGame/src/server/IntegratedServer.cpp,2929,22736855530,52327,19,
ChunkResult.EntityLoad,/Users/obey/Desktop/MyVoxelGame/src/server/IntegratedServer.cpp,2929,22836874283,76869,19,
ChunkResult.EntityLoad,/Users/obey/Desktop/MyVoxelGame/src/server/IntegratedServer.cpp,2929,22886893764,102053,19,
ChunkResult.EntityLoad,/Users/obey/Desktop/MyVoxelGame/src/server/IntegratedServer.cpp,2929,22887000775,4125,19,
ChunkResult.EntityLoad,/Users/obey/Desktop/MyVoxelGame/src/server/IntegratedServer.cpp,2929,22887011250,2209,19,
ChunkResult.EntityLoad,/Users/obey/Desktop/MyVoxelGame/src/server/IntegratedServer.cpp,2929,22936898894,34702,19,
ChunkResult.EntityLoad,/Users/obey/Desktop/MyVoxelGame/src/server/IntegratedServer.cpp,2929,22936940179,3458,19,
ChunkResult.EntityLoad,/Users/obey/Desktop/MyVoxelGame/src/server/IntegratedServer.cpp,2929,22936947846,2500,19,
ChunkResult.EntityLoad,/Users/obey/Desktop/MyVoxelGame/src/server/IntegratedServer.cpp,2929,22988133661,30600,19,
ChunkResult.EntityLoad,/Users/obey/Desktop/MyVoxelGame/src/server/IntegratedServer.cpp,2929,22988171738,5083,19,
ChunkResult.EntityLoad,/Users/obey/Desktop/MyVoxelGame/src/server/IntegratedServer.cpp,2929,23087029180,41476,19,
ChunkResult.EntityLoad,/Users/obey/Desktop/MyVoxelGame/src/server/IntegratedServer.cpp,2929,23087076781,4267,19,
ChunkResult.EntityLoad,/Users/obey/Desktop/MyVoxelGame/src/server/IntegratedServer.cpp,2929,23136859804,36810,19,
ChunkResult.EntityLoad,/Users/obey/Desktop/MyVoxelGame/src/server/IntegratedServer.cpp,2929,23186858810,54827,19,
ChunkResult.EntityLoad,/Users/obey/Desktop/MyVoxelGame/src/server/IntegratedServer.cpp,2929,23186918846,4291,19,
ChunkResult.EntityLoad,/Users/obey/Desktop/MyVoxelGame/src/server/IntegratedServer.cpp,2929,23186927221,2416,19,
ChunkResult.EntityLoad,/Users/obey/Desktop/MyVoxelGame/src/server/IntegratedServer.cpp,2929,23238408669,20017,19,
ChunkResult.EntityLoad,/Users/obey/Desktop/MyVoxelGame/src/server/IntegratedServer.cpp,2929,23286874462,22184,19,
ChunkResult.EntityLoad,/Users/obey/Desktop/MyVoxelGame/src/server/IntegratedServer.cpp,2929,23286900729,2917,19,
ChunkResult.EntityLoad,/Users/obey/Desktop/MyVoxelGame/src/server/IntegratedServer.cpp,2929,23337315939,77969,19,
ChunkResult.EntityLoad,/Users/obey/Desktop/MyVoxelGame/src/server/IntegratedServer.cpp,2929,23337400033,3916,19,
ChunkResult.EntityLoad,/Users/obey/Desktop/MyVoxelGame/src/server/IntegratedServer.cpp,2929,23386957292,31143,19,
ChunkResult.EntityLoad,/Users/obey/Desktop/MyVoxelGame/src/server/IntegratedServer.cpp,2929,23436883053,25226,19,
ChunkResult.EntityLoad,/Users/obey/Desktop/MyVoxelGame/src/server/IntegratedServer.cpp,2929,23436912029,3209,19,
ChunkResult.EntityLoad,/Users/obey/Desktop/MyVoxelGame/src/server/IntegratedServer.cpp,2929,23489047806,57077,19,
ChunkResult.EntityLoad,/Users/obey/Desktop/MyVoxelGame/src/server/IntegratedServer.cpp,2929,23538958276,53100,19,
ChunkResult.EntityLoad,/Users/obey/Desktop/MyVoxelGame/src/server/IntegratedServer.cpp,2929,23587145576,45101,19,
ChunkResult.EntityLoad,/Users/obey/Desktop/MyVoxelGame/src/server/IntegratedServer.cpp,2929,23587197260,3333,19,
ChunkResult.EntityLoad,/Users/obey/Desktop/MyVoxelGame/src/server/IntegratedServer.cpp,2929,23637806176,34101,19,
ChunkResult.EntityLoad,/Users/obey/Desktop/MyVoxelGame/src/server/IntegratedServer.cpp,2929,23637851444,4708,19,
ChunkResult.EntityLoad,/Users/obey/Desktop/MyVoxelGame/src/server/IntegratedServer.cpp,2929,23686863344,31559,19,
ChunkResult.EntityLoad,/Users/obey/Desktop/MyVoxelGame/src/server/IntegratedServer.cpp,2929,23686905588,3875,19,
ChunkResult.EntityLoad,/Users/obey/Desktop/MyVoxelGame/src/server/IntegratedServer.cpp,2929,23736879909,34308,19,
ChunkResult.EntityLoad,/Users/obey/Desktop/MyVoxelGame/src/server/IntegratedServer.cpp,2929,23788579522,22268,19,
ChunkResult.EntityLoad,/Users/obey/Desktop/MyVoxelGame/src/server/IntegratedServer.cpp,2929,23788607540,3292,19,
ChunkResult.EntityLoad,/Users/obey/Desktop/MyVoxelGame/src/server/IntegratedServer.cpp,2929,23837372551,16183,19,
ChunkResult.EntityLoad,/Users/obey/Desktop/MyVoxelGame/src/server/IntegratedServer.cpp,2929,23887107914,49393,19,
ChunkResult.EntityLoad,/Users/obey/Desktop/MyVoxelGame/src/server/IntegratedServer.cpp,2929,23887169532,5542,19,
ChunkResult.EntityLoad,/Users/obey/Desktop/MyVoxelGame/src/server/IntegratedServer.cpp,2929,23936858486,65369,19,
ChunkResult.EntityLoad,/Users/obey/Desktop/MyVoxelGame/src/server/IntegratedServer.cpp,2929,23936929897,9392,19,
ChunkResult.EntityLoad,/Users/obey/Desktop/MyVoxelGame/src/server/IntegratedServer.cpp,2929,23936941497,2875,19,
ChunkResult.EntityLoad,/Users/obey/Desktop/MyVoxelGame/src/server/IntegratedServer.cpp,2929,23987190060,16100,19,
ChunkResult.EntityLoad,/Users/obey/Desktop/MyVoxelGame/src/server/IntegratedServer.cpp,2929,24036882572,16625,19,
ChunkResult.EntityLoad,/Users/obey/Desktop/MyVoxelGame/src/server/IntegratedServer.cpp,2929,24036904905,3334,19,
ChunkResult.EntityLoad,/Users/obey/Desktop/MyVoxelGame/src/server/IntegratedServer.cpp,2929,24089884342,34160,19,
ChunkResult.EntityLoad,/Users/obey/Desktop/MyVoxelGame/src/server/IntegratedServer.cpp,2929,24089922294,2791,19,
ChunkResult.EntityLoad,/Users/obey/Desktop/MyVoxelGame/src/server/IntegratedServer.cpp,2929,24136864707,21934,19,
ChunkResult.EntityLoad,/Users/obey/Desktop/MyVoxelGame/src/server/IntegratedServer.cpp,2929,24136895308,3542,19,
ChunkResult.EntityLoad,/Users/obey/Desktop/MyVoxelGame/src/server/IntegratedServer.cpp,2929,24186864795,16768,19,
ChunkResult.EntityLoad,/Users/obey/Desktop/MyVoxelGame/src/server/IntegratedServer.cpp,2929,24186886897,2833,19,
ChunkResult.EntityLoad,/Users/obey/Desktop/MyVoxelGame/src/server/IntegratedServer.cpp,2929,24236852675,19726,19,
ChunkResult.EntityLoad,/Users/obey/Desktop/MyVoxelGame/src/server/IntegratedServer.cpp,2929,24236878193,3541,19,
ChunkResult.EntityLoad,/Users/obey/Desktop/MyVoxelGame/src/server/IntegratedServer.cpp,2929,24287455699,38493,19,
ChunkResult.EntityLoad,/Users/obey/Desktop/MyVoxelGame/src/server/IntegratedServer.cpp,2929,24287499275,4334,19,
ChunkResult.EntityLoad,/Users/obey/Desktop/MyVoxelGame/src/server/IntegratedServer.cpp,2929,24338998432,19227,19,
ChunkResult.EntityLoad,/Users/obey/Desktop/MyVoxelGame/src/server/IntegratedServer.cpp,2929,24339020200,3292,19,
ChunkResult.EntityLoad,/Users/obey/Desktop/MyVoxelGame/src/server/IntegratedServer.cpp,2929,24486843442,12666,19,
ChunkResult.EntityLoad,/Users/obey/Desktop/MyVoxelGame/src/server/IntegratedServer.cpp,2929,24486859543,3125,19,
ChunkResult.EntityLoad,/Users/obey/Desktop/MyVoxelGame/src/server/IntegratedServer.cpp,2929,24486865085,1708,19,
ChunkResult.EntityLoad,/Users/obey/Desktop/MyVoxelGame/src/server/IntegratedServer.cpp,2929,24538947743,19727,19,
ChunkResult.EntityLoad,/Users/obey/Desktop/MyVoxelGame/src/server/IntegratedServer.cpp,2929,24538971678,2083,19,
ChunkResult.EntityLoad,/Users/obey/Desktop/MyVoxelGame/src/server/IntegratedServer.cpp,2929,24589127579,34226,19,
ChunkResult.EntityLoad,/Users/obey/Desktop/MyVoxelGame/src/server/IntegratedServer.cpp,2929,24589169430,3459,19,
ChunkResult.EntityLoad,/Users/obey/Desktop/MyVoxelGame/src/server/IntegratedServer.cpp,2929,24737145552,33018,19,
ChunkResult.EntityLoad,/Users/obey/Desktop/MyVoxelGame/src/server/IntegratedServer.cpp,2929,24786876899,45618,19,
ChunkResult.EntityLoad,/Users/obey/Desktop/MyVoxelGame/src/server/IntegratedServer.cpp,2929,24786930850,4459,19,
ChunkResult.EntityLoad,/Users/obey/Desktop/MyVoxelGame/src/server/IntegratedServer.cpp,2929,24786939577,2833,19,
ChunkResult.EntityLoad,/Users/obey/Desktop/MyVoxelGame/src/server/IntegratedServer.cpp,2929,24838368866,29851,19,
ChunkResult.EntityLoad,/Users/obey/Desktop/MyVoxelGame/src/server/IntegratedServer.cpp,2929,24838407633,3459,19,
ChunkResult.EntityLoad,/Users/obey/Desktop/MyVoxelGame/src/server/IntegratedServer.cpp,2929,24838418592,3434,19,
ChunkResult.EntityLoad,/Users/obey/Desktop/MyVoxelGame/src/server/IntegratedServer.cpp,2929,24888047986,23417,19,
ChunkResult.EntityLoad,/Users/obey/Desktop/MyVoxelGame/src/server/IntegratedServer.cpp,2929,24888076379,3125,19,
ChunkResult.EntityLoad,/Users/obey/Desktop/MyVoxelGame/src/server/IntegratedServer.cpp,2929,24936853013,30935,19,
ChunkResult.EntityLoad,/Users/obey/Desktop/MyVoxelGame/src/server/IntegratedServer.cpp,2929,24936889198,3791,19,
ChunkResult.EntityLoad,/Users/obey/Desktop/MyVoxelGame/src/server/IntegratedServer.cpp,2929,24936897198,2541,19,
ChunkResult.EntityLoad,/Users/obey/Desktop/MyVoxelGame/src/server/IntegratedServer.cpp,2929,24986887870,40368,19,
ChunkResult.EntityLoad,/Users/obey/Desktop/MyVoxelGame/src/server/IntegratedServer.cpp,2929,24986934030,3458,19,
ChunkResult.EntityLoad,/Users/obey/Desktop/MyVoxelGame/src/server/IntegratedServer.cpp,2929,24986941530,3458,19,
ChunkResult.EntityLoad,/Users/obey/Desktop/MyVoxelGame/src/server/IntegratedServer.cpp,2929,25038007042,89702,19,
ChunkResult.EntityLoad,/Users/obey/Desktop/MyVoxelGame/src/server/IntegratedServer.cpp,2929,25086884896,28227,19,
ChunkResult.EntityLoad,/Users/obey/Desktop/MyVoxelGame/src/server/IntegratedServer.cpp,2929,25086919539,3500,19,
ChunkResult.EntityLoad,/Users/obey/Desktop/MyVoxelGame/src/server/IntegratedServer.cpp,2929,25086926891,2333,19,
ChunkResult.EntityLoad,/Users/obey/Desktop/MyVoxelGame/src/server/IntegratedServer.cpp,2929,25136898460,62077,19,
ChunkResult.EntityLoad,/Users/obey/Desktop/MyVoxelGame/src/server/IntegratedServer.cpp,2929,25136968579,14809,19,
ChunkResult.EntityLoad,/Users/obey/Desktop/MyVoxelGame/src/server/IntegratedServer.cpp,2929,25189061089,39035,19,
ChunkResult.EntityLoad,/Users/obey/Desktop/MyVoxelGame/src/server/IntegratedServer.cpp,2929,25236867137,39017,19,
ChunkResult.EntityLoad,/Users/obey/Desktop/MyVoxelGame/src/server/IntegratedServer.cpp,2929,25236911779,2958,19,
ChunkResult.EntityLoad,/Users/obey/Desktop/MyVoxelGame/src/server/IntegratedServer.cpp,2929,25236920713,2125,19,
ChunkResult.EntityLoad,/Users/obey/Desktop/MyVoxelGame/src/server/IntegratedServer.cpp,2929,25286913093,40184,19,
ChunkResult.EntityLoad,/Users/obey/Desktop/MyVoxelGame/src/server/IntegratedServer.cpp,2929,25286961486,4250,19,
ChunkResult.EntityLoad,/Users/obey/Desktop/MyVoxelGame/src/server/IntegratedServer.cpp,2929,25337194464,21935,19,
ChunkResult.EntityLoad,/Users/obey/Desktop/MyVoxelGame/src/server/IntegratedServer.cpp,2929,25337220274,2708,19,
ChunkResult.EntityLoad,/Users/obey/Desktop/MyVoxelGame/src/server/IntegratedServer.cpp,2929,25386846651,25642,19,
ChunkResult.EntityLoad,/Users/obey/Desktop/MyVoxelGame/src/server/IntegratedServer.cpp,2929,25386877501,3458,19,
ChunkResult.EntityLoad,/Users/obey/Desktop/MyVoxelGame/src/server/IntegratedServer.cpp,2929,25386883918,2434,19,
ChunkResult.EntityLoad,/Users/obey/Desktop/MyVoxelGame/src/server/IntegratedServer.cpp,2929,25437122040,18042,19,
ChunkResult.EntityLoad,/Users/obey/Desktop/MyVoxelGame/src/server/IntegratedServer.cpp,2929,25437142874,2916,19,
ChunkResult.EntityLoad,/Users/obey/Desktop/MyVoxelGame/src/server/IntegratedServer.cpp,2929,25486869695,22267,19,
ChunkResult.EntityLoad,/Users/obey/Desktop/MyVoxelGame/src/server/IntegratedServer.cpp,2929,25486897296,3375,19,
ChunkResult.EntityLoad,/Users/obey/Desktop/MyVoxelGame/src/server/IntegratedServer.cpp,2929,25538266884,22684,19,
ChunkResult.EntityLoad,/Users/obey/Desktop/MyVoxelGame/src/server/IntegratedServer.cpp,2929,25538294777,3125,19,
ChunkResult.EntityLoad,/Users/obey/Desktop/MyVoxelGame/src/server/IntegratedServer.cpp,2929,25586854455,18642,19,
ChunkResult.EntityLoad,/Users/obey/Desktop/MyVoxelGame/src/server/IntegratedServer.cpp,2929,25586875764,2916,19,
ChunkResult.EntityLoad,/Users/obey/Desktop/MyVoxelGame/src/server/IntegratedServer.cpp,2929,25636856226,28477,19,
ChunkResult.EntityLoad,/Users/obey/Desktop/MyVoxelGame/src/server/IntegratedServer.cpp,2929,25636889828,3875,19,
ChunkResult.EntityLoad,/Users/obey/Desktop/MyVoxelGame/src/server/IntegratedServer.cpp,2929,25687801860,46393,19,
ChunkResult.EntityLoad,/Users/obey/Desktop/MyVoxelGame/src/server/IntegratedServer.cpp,2929,25736860962,56226,19,
ChunkResult.EntityLoad,/Users/obey/Desktop/MyVoxelGame/src/server/IntegratedServer.cpp,2929,25736923331,3625,19,
ChunkResult.EntityLoad,/Users/obey/Desktop/MyVoxelGame/src/server/IntegratedServer.cpp,2929,25838161228,31434,19,
ChunkResult.EntityLoad,/Users/obey/Desktop/MyVoxelGame/src/server/IntegratedServer.cpp,2929,25838195203,3125,19,
ChunkResult.EntityLoad,/Users/obey/Desktop/MyVoxelGame/src/server/IntegratedServer.cpp,2929,25838201162,2875,19,
ChunkResult.EntityLoad,/Users/obey/Desktop/MyVoxelGame/src/server/IntegratedServer.cpp,2929,25886869369,25018,19,
ChunkResult.EntityLoad,/Users/obey/Desktop/MyVoxelGame/src/server/IntegratedServer.cpp,2929,25939515487,19100,19,
ChunkResult.EntityLoad,/Users/obey/Desktop/MyVoxelGame/src/server/IntegratedServer.cpp,2929,25939538962,3209,19,
ChunkResult.EntityLoad,/Users/obey/Desktop/MyVoxelGame/src/server/IntegratedServer.cpp,2929,25987643794,43953,19,
ChunkResult.EntityLoad,/Users/obey/Desktop/MyVoxelGame/src/server/IntegratedServer.cpp,2929,26037366409,58975,19,
ChunkResult.EntityLoad,/Users/obey/Desktop/MyVoxelGame/src/server/IntegratedServer.cpp,2929,26088006282,21892,19,
ChunkResult.EntityLoad,/Users/obey/Desktop/MyVoxelGame/src/server/IntegratedServer.cpp,2929,26088031091,2750,19,
ChunkResult.EntityLoad,/Users/obey/Desktop/MyVoxelGame/src/server/IntegratedServer.cpp,2929,26137283591,45976,19,
ChunkResult.EntityLoad,/Users/obey/Desktop/MyVoxelGame/src/server/IntegratedServer.cpp,2929,26137333775,2917,19,
ChunkResult.EntityLoad,/Users/obey/Desktop/MyVoxelGame/src/server/IntegratedServer.cpp,2929,26186843599,44560,19,
ChunkResult.EntityLoad,/Users/obey/Desktop/MyVoxelGame/src/server/IntegratedServer.cpp,2929,26237623561,45768,19,
ChunkResult.EntityLoad,/Users/obey/Desktop/MyVoxelGame/src/server/IntegratedServer.cpp,2929,26290828537,33684,19,
ChunkResult.EntityLoad,/Users/obey/Desktop/MyVoxelGame/src/server/IntegratedServer.cpp,2929,26339890473,57267,19,
ChunkResult.EntityLoad,/Users/obey/Desktop/MyVoxelGame/src/server/IntegratedServer.cpp,2929,26339955092,4541,19,
ChunkResult.EntityLoad,/Users/obey/Desktop/MyVoxelGame/src/server/IntegratedServer.cpp,2929,26386902921,33810,19,
ChunkResult.EntityLoad,/Users/obey/Desktop/MyVoxelGame/src/server/IntegratedServer.cpp,2929,26488064366,31518,19,
ChunkResult.EntityLoad,/Users/obey/Desktop/MyVoxelGame/src/server/IntegratedServer.cpp,2929,26537206462,30226,19,
ChunkResult.EntityLoad,/Users/obey/Desktop/MyVoxelGame/src/server/IntegratedServer.cpp,2929,26537242646,3309,19,
ChunkResult.EntityLoad,/Users/obey/Desktop/MyVoxelGame/src/server/IntegratedServer.cpp,2929,26586871624,45227,19,
ChunkResult.EntityLoad,/Users/obey/Desktop/MyVoxelGame/src/server/IntegratedServer.cpp,2929,26586925517,4477,19,
ChunkResult.EntityLoad,/Users/obey/Desktop/MyVoxelGame/src/server/IntegratedServer.cpp,2929,26586933744,3083,19,
ChunkResult.EntityLoad,/Users/obey/Desktop/MyVoxelGame/src/server/IntegratedServer.cpp,2929,26636876545,51911,19,
ChunkResult.EntityLoad,/Users/obey/Desktop/MyVoxelGame/src/server/IntegratedServer.cpp,2929,26636939248,4417,19,
ChunkResult.EntityLoad,/Users/obey/Desktop/MyVoxelGame/src/server/IntegratedServer.cpp,2929,26636951973,3042,19,
ChunkResult.EntityLoad,/Users/obey/Desktop/MyVoxelGame/src/server/IntegratedServer.cpp,2929,26687129418,53660,19,
ChunkResult.EntityLoad,/Users/obey/Desktop/MyVoxelGame/src/server/IntegratedServer.cpp,2929,26687186078,3333,19,
ChunkResult.EntityLoad,/Users/obey/Desktop/MyVoxelGame/src/server/IntegratedServer.cpp,2929,26736883406,30101,19,
ChunkResult.EntityLoad,/Users/obey/Desktop/MyVoxelGame/src/server/IntegratedServer.cpp,2929,26736919507,3684,19,
ChunkResult.EntityLoad,/Users/obey/Desktop/MyVoxelGame/src/server/IntegratedServer.cpp,2929,26736930900,3125,19,
ChunkResult.EntityLoad,/Users/obey/Desktop/MyVoxelGame/src/server/IntegratedServer.cpp,2929,26787088701,28559,19,
ChunkResult.EntityLoad,/Users/obey/Desktop/MyVoxelGame/src/server/IntegratedServer.cpp,2929,26787122153,3250,19,
ChunkResult.EntityLoad,/Users/obey/Desktop/MyVoxelGame/src/server/IntegratedServer.cpp,2929,26838388628,24226,19,
ChunkResult.EntityLoad,/Users/obey/Desktop/MyVoxelGame/src/server/IntegratedServer.cpp,2929,26886867437,29560,19,
ChunkResult.EntityLoad,/Users/obey/Desktop/MyVoxelGame/src/server/IntegratedServer.cpp,2929,26886966782,47410,19,
ChunkResult.EntityLoad,/Users/obey/Desktop/MyVoxelGame/src/server/IntegratedServer.cpp,2929,26887018650,2625,19,
ChunkResult.EntityLoad,/Users/obey/Desktop/MyVoxelGame/src/server/IntegratedServer.cpp,2929,26936857484,46828,19,
ChunkResult.EntityLoad,/Users/obey/Desktop/MyVoxelGame/src/server/IntegratedServer.cpp,2929,26936912979,4166,19,
ChunkResult.EntityLoad,/Users/obey/Desktop/MyVoxelGame/src/server/IntegratedServer.cpp,2929,26936924395,2584,19,
ChunkResult.EntityLoad,/Users/obey/Desktop/MyVoxelGame/src/server/IntegratedServer.cpp,2929,26986847864,22684,19,
ChunkResult.EntityLoad,/Users/obey/Desktop/MyVoxelGame/src/server/IntegratedServer.cpp,2929,27036896279,88761,19,
ChunkResult.EntityLoad,/Users/obey/Desktop/MyVoxelGame/src/server/IntegratedServer.cpp,2929,27036992374,4250,19,
ChunkResult.EntityLoad,/Users/obey/Desktop/MyVoxelGame/src/server/IntegratedServer.cpp,2929,27086878242,27184,19,
ChunkResult.EntityLoad,/Users/obey/Desktop/MyVoxelGame/src/server/IntegratedServer.cpp,2929,27086922843,12268,19,
ChunkResult.EntityLoad,/Users/obey/Desktop/MyVoxelGame/src/server/IntegratedServer.cpp,2929,27136889932,50476,19,
ChunkResult.EntityLoad,/Users/obey/Desktop/MyVoxelGame/src/server/IntegratedServer.cpp,2929,27136952800,4333,19,
ChunkResult.EntityLoad,/Users/obey/Desktop/MyVoxelGame/src/server/IntegratedServer.cpp,2929,27136963175,2292,19,
ChunkResult.EntityLoad,/Users/obey/Desktop/MyVoxelGame/src/server/IntegratedServer.cpp,2929,27187319515,41369,19,
ChunkResult.EntityLoad,/Users/obey/Desktop/MyVoxelGame/src/server/IntegratedServer.cpp,2929,27237386574,21125,19,
ChunkResult.EntityLoad,/Users/obey/Desktop/MyVoxelGame/src/server/IntegratedServer.cpp,2929,27237410882,2667,19,
ChunkResult.EntityLoad,/Users/obey/Desktop/MyVoxelGame/src/server/IntegratedServer.cpp,2929,27287392036,38369,19,
ChunkResult.EntityLoad,/Users/obey/Desktop/MyVoxelGame/src/server/IntegratedServer.cpp,2929,27336927003,43892,19,
ChunkResult.EntityLoad,/Users/obey/Desktop/MyVoxelGame/src/server/IntegratedServer.cpp,2929,27336978395,4417,19,
ChunkResult.EntityLoad,/Users/obey/Desktop/MyVoxelGame/src/server/IntegratedServer.cpp,2929,27387093345,12435,19,
ChunkResult.EntityLoad,/Users/obey/Desktop/MyVoxelGame/src/server/IntegratedServer.cpp,2929,27387109072,2791,19,
ChunkResult.EntityLoad,/Users/obey/Desktop/MyVoxelGame/src/server/IntegratedServer.cpp,2929,27387113822,1916,19,
ChunkResult.EntityLoad,/Users/obey/Desktop/MyVoxelGame/src/server/IntegratedServer.cpp,2929,27436848060,30601,19,
ChunkResult.EntityLoad,/Users/obey/Desktop/MyVoxelGame/src/server/IntegratedServer.cpp,2929,27436881745,3250,19,
ChunkResult.EntityLoad,/Users/obey/Desktop/MyVoxelGame/src/server/IntegratedServer.cpp,2929,27486869125,12458,19,
ChunkResult.EntityLoad,/Users/obey/Desktop/MyVoxelGame/src/server/IntegratedServer.cpp,2929,27486884333,18517,19,
ChunkResult.EntityLoad,/Users/obey/Desktop/MyVoxelGame/src/server/IntegratedServer.cpp,2929,27536845653,13560,19,
ChunkResult.EntityLoad,/Users/obey/Desktop/MyVoxelGame/src/server/IntegratedServer.cpp,2929,27586851676,13625,19,
ChunkResult.EntityLoad,/Users/obey/Desktop/MyVoxelGame/src/server/IntegratedServer.cpp,2929,27586868068,2917,19,
ChunkResult.EntityLoad,/Users/obey/Desktop/MyVoxelGame/src/server/IntegratedServer.cpp,2929,27638691753,20208,19,
ChunkResult.EntityLoad,/Users/obey/Desktop/MyVoxelGame/src/server/IntegratedServer.cpp,2929,27686864660,42036,19,
ChunkResult.EntityLoad,/Users/obey/Desktop/MyVoxelGame/src/server/IntegratedServer.cpp,2929,27686913280,4250,19,
ChunkResult.EntityLoad,/Users/obey/Desktop/MyVoxelGame/src/server/IntegratedServer.cpp,2929,27736866225,23417,19,
ChunkResult.EntityLoad,/Users/obey/Desktop/MyVoxelGame/src/server/IntegratedServer.cpp,2929,27736896534,2292,19,
ChunkResult.EntityLoad,/Users/obey/Desktop/MyVoxelGame/src/server/IntegratedServer.cpp,2929,27736902576,2333,19,
ChunkResult.EntityLoad,/Users/obey/Desktop/MyVoxelGame/src/server/IntegratedServer.cpp,2929,27786920098,49143,19,
ChunkResult.EntityLoad,/Users/obey/Desktop/MyVoxelGame/src/server/IntegratedServer.cpp,2929,27786976091,2959,19,
ChunkResult.EntityLoad,/Users/obey/Desktop/MyVoxelGame/src/server/IntegratedServer.cpp,2929,27836857068,20559,19,
ChunkResult.EntityLoad,/Users/obey/Desktop/MyVoxelGame/src/server/IntegratedServer.cpp,2929,27836883377,3958,19,
ChunkResult.EntityLoad,/Users/obey/Desktop/MyVoxelGame/src/server/IntegratedServer.cpp,2929,27836891044,2416,19,
ChunkResult.EntityLoad,/Users/obey/Desktop/MyVoxelGame/src/server/IntegratedServer.cpp,2929,27939852610,33768,19,
ChunkResult.EntityLoad,/Users/obey/Desktop/MyVoxelGame/src/server/IntegratedServer.cpp,2929,27986841599,8917,19,
ChunkResult.EntityLoad,/Users/obey/Desktop/MyVoxelGame/src/server/IntegratedServer.cpp,2929,27986854016,2708,19,
ChunkResult.EntityLoad,/Users/obey/Desktop/MyVoxelGame/src/server/IntegratedServer.cpp,2929,28036879931,45143,19,
ChunkResult.EntityLoad,/Users/obey/Desktop/MyVoxelGame/src/server/IntegratedServer.cpp,2929,28136856898,79995,19,
ChunkResult.EntityLoad,/Users/obey/Desktop/MyVoxelGame/src/server/IntegratedServer.cpp,2929,28136946451,8334,19,
ChunkResult.EntityLoad,/Users/obey/Desktop/MyVoxelGame/src/server/IntegratedServer.cpp,2929,28187322168,47826,19,
ChunkResult.EntityLoad,/Users/obey/Desktop/MyVoxelGame/src/server/IntegratedServer.cpp,2929,28187374161,4292,19,
ChunkResult.EntityLoad,/Users/obey/Desktop/MyVoxelGame/src/server/IntegratedServer.cpp,2929,28236903526,29977,19,
ChunkResult.EntityLoad,/Users/obey/Desktop/MyVoxelGame/src/server/IntegratedServer.cpp,2929,28236936961,2542,19,
ChunkResult.EntityLoad,/Users/obey/Desktop/MyVoxelGame/src/server/IntegratedServer.cpp,2929,28287574502,27518,19,
ChunkResult.EntityLoad,/Users/obey/Desktop/MyVoxelGame/src/server/IntegratedServer.cpp,2929,28287605187,3250,19,
ChunkResult.EntityLoad,/Users/obey/Desktop/MyVoxelGame/src/server/IntegratedServer.cpp,2929,28387136784,110302,19,
ChunkResult.EntityLoad,/Users/obey/Desktop/MyVoxelGame/src/server/IntegratedServer.cpp,2929,28487782888,16083,19,
ChunkResult.EntityLoad,/Users/obey/Desktop/MyVoxelGame/src/server/IntegratedServer.cpp,2929,28487803263,2976,19,
ChunkResult.EntityLoad,/Users/obey/Desktop/MyVoxelGame/src/server/IntegratedServer.cpp,2929,28487809322,1625,19,
ChunkResult.EntityLoad,/Users/obey/Desktop/MyVoxelGame/src/server/IntegratedServer.cpp,2929,28536891465,24185,19,
ChunkResult.EntityLoad,/Users/obey/Desktop/MyVoxelGame/src/server/IntegratedServer.cpp,2929,28587634285,16458,19,
ChunkResult.EntityLoad,/Users/obey/Desktop/MyVoxelGame/src/server/IntegratedServer.cpp,2929,28587656410,3725,19,
ChunkResult.EntityLoad,/Users/obey/Desktop/MyVoxelGame/src/server/IntegratedServer.cpp,2929,28638733340,82177,19,
ChunkResult.EntityLoad,/Users/obey/Desktop/MyVoxelGame/src/server/IntegratedServer.cpp,2929,28686859063,36726,19,
ChunkResult.EntityLoad,/Users/obey/Desktop/MyVoxelGame/src/server/IntegratedServer.cpp,2929,28686901747,3560,19,
ChunkResult.EntityLoad,/Users/obey/Desktop/MyVoxelGame/src/server/IntegratedServer.cpp,2929,28686909182,2333,19,
ChunkResult.EntityLoad,/Users/obey/Desktop/MyVoxelGame/src/server/IntegratedServer.cpp,2929,28739178446,60785,19,
ChunkResult.EntityLoad,/Users/obey/Desktop/MyVoxelGame/src/server/IntegratedServer.cpp,2929,28739246499,4041,19,
ChunkResult.EntityLoad,/Users/obey/Desktop/MyVoxelGame/src/server/IntegratedServer.cpp,2929,28786903649,24976,19,
ChunkResult.EntityLoad,/Users/obey/Desktop/MyVoxelGame/src/server/IntegratedServer.cpp,2929,28786934250,4167,19,
ChunkResult.EntityLoad,/Users/obey/Desktop/MyVoxelGame/src/server/IntegratedServer.cpp,2929,28786944018,2959,19,
ChunkResult.EntityLoad,/Users/obey/Desktop/MyVoxelGame/src/server/IntegratedServer.cpp,2929,28836893029,50328,19,
ChunkResult.EntityLoad,/Users/obey/Desktop/MyVoxelGame/src/server/IntegratedServer.cpp,2929,28887390083,17351,19,
ChunkResult.EntityLoad,/Users/obey/Desktop/MyVoxelGame/src/server/IntegratedServer.cpp,2929,28887412392,3584,19,
ChunkResult.EntityLoad,/Users/obey/Desktop/MyVoxelGame/src/server/IntegratedServer.cpp,2929,28887418767,2292,19,
ChunkResult.EntityLoad,/Users/obey/Desktop/MyVoxelGame/src/server/IntegratedServer.cpp,2929,28937095472,14500,19,
ChunkResult.EntityLoad,/Users/obey/Desktop/MyVoxelGame/src/server/IntegratedServer.cpp,2929,28986923055,32018,19,
ChunkResult.EntityLoad,/Users/obey/Desktop/MyVoxelGame/src/server/IntegratedServer.cpp,2929,29037316080,53243,19,
ChunkResult.EntityLoad,/Users/obey/Desktop/MyVoxelGame/src/server/IntegratedServer.cpp,2929,29037374740,3958,19,
ChunkResult.EntityLoad,/Users/obey/Desktop/MyVoxelGame/src/server/IntegratedServer.cpp,2929,29189852112,32227,19,
ChunkResult.EntityLoad,/Users/obey/Desktop/MyVoxelGame/src/server/IntegratedServer.cpp,2929,29237017916,117070,19,
ChunkResult.EntityLoad,/Users/obey/Desktop/MyVoxelGame/src/server/IntegratedServer.cpp,2929,29237156820,15893,19,
ChunkResult.EntityLoad,/Users/obey/Desktop/MyVoxelGame/src/server/IntegratedServer.cpp,2929,29286996029,70803,19,
ChunkResult.EntityLoad,/Users/obey/Desktop/MyVoxelGame/src/server/IntegratedServer.cpp,2929,29339217417,47685,19,
ChunkResult.EntityLoad,/Users/obey/Desktop/MyVoxelGame/src/server/IntegratedServer.cpp,2929,29386865526,26518,19,
ChunkResult.EntityLoad,/Users/obey/Desktop/MyVoxelGame/src/server/IntegratedServer.cpp,2929,29386898711,3833,19,
ChunkResult.EntityLoad,/Users/obey/Desktop/MyVoxelGame/src/server/IntegratedServer.cpp,2929,29386907752,2584,19,
ChunkResult.EntityLoad,/Users/obey/Desktop/MyVoxelGame/src/server/IntegratedServer.cpp,2929,29436919109,37809,19,
ChunkResult.EntityLoad,/Users/obey/Desktop/MyVoxelGame/src/server/IntegratedServer.cpp,2929,29436960251,3083,19,
ChunkResult.EntityLoad,/Users/obey/Desktop/MyVoxelGame/src/server/IntegratedServer.cpp,2929,29486888095,69470,19,
ChunkResult.EntityLoad,/Users/obey/Desktop/MyVoxelGame/src/server/IntegratedServer.cpp,2929,29486964815,4583,19,
ChunkResult.EntityLoad,/Users/obey/Desktop/MyVoxelGame/src/server/IntegratedServer.cpp,2929,29537885865,100886,19,
ChunkResult.EntityLoad,/Users/obey/Desktop/MyVoxelGame/src/server/IntegratedServer.cpp,2929,29587405504,43702,19,
ChunkResult.EntityLoad,/Users/obey/Desktop/MyVoxelGame/src/server/IntegratedServer.cpp,2929,29637688769,58702,19,
ChunkResult.EntityLoad,/Users/obey/Desktop/MyVoxelGame/src/server/IntegratedServer.cpp,2929,29637751762,4334,19,
ChunkResult.EntityLoad,/Users/obey/Desktop/MyVoxelGame/src/server/IntegratedServer.cpp,2929,29686906876,52184,19,
ChunkResult.EntityLoad,/Users/obey/Desktop/MyVoxelGame/src/server/IntegratedServer.cpp,2929,29686962893,3935,19,
ChunkResult.EntityLoad,/Users/obey/Desktop/MyVoxelGame/src/server/IntegratedServer.cpp,2929,29736862280,100011,19,
ChunkResult.EntityLoad,/Users/obey/Desktop/MyVoxelGame/src/server/IntegratedServer.cpp,2929,29736966708,3875,19,
ChunkResult.EntityLoad,/Users/obey/Desktop/MyVoxelGame/src/server/IntegratedServer.cpp,2929,29787770895,47226,19,
ChunkResult.EntityLoad,/Users/obey/Desktop/MyVoxelGame/src/server/IntegratedServer.cpp,2929,29787821163,3100,19,
ChunkResult.EntityLoad,/Users/obey/Desktop/MyVoxelGame/src/server/IntegratedServer.cpp,2929,29836854247,41309,19,
ChunkResult.EntityLoad,/Users/obey/Desktop/MyVoxelGame/src/server/IntegratedServer.cpp,2929,29886870811,17685,19,
ChunkResult.EntityLoad,/Users/obey/Desktop/MyVoxelGame/src/server/IntegratedServer.cpp,2929,29886899704,3583,19,
ChunkResult.EntityLoad,/Users/obey/Desktop/MyVoxelGame/src/server/IntegratedServer.cpp,2929,29886908412,2625,19,
ChunkResult.EntityLoad,/Users/obey/Desktop/MyVoxelGame/src/server/IntegratedServer.cpp,2929,29936856315,22685,19,
ChunkResult.EntityLoad,/Users/obey/Desktop/MyVoxelGame/src/server/IntegratedServer.cpp,2929,29936883542,3500,19,
ChunkResult.EntityLoad,/Users/obey/Desktop/MyVoxelGame/src/server/IntegratedServer.cpp,2929,29936891458,2625,19,
ChunkResult.EntityLoad,/Users/obey/Desktop/MyVoxelGame/src/server/IntegratedServer.cpp,2929,29987095920,30601,19,
ChunkResult.EntityLoad,/Users/obey/Desktop/MyVoxelGame/src/server/IntegratedServer.cpp,2929,29987131105,3725,19,
ChunkResult.EntityLoad,/Users/obey/Desktop/MyVoxelGame/src/server/IntegratedServer.cpp,2929,30037640865,32827,19,
ChunkResult.EntityLoad,/Users/obey/Desktop/MyVoxelGame/src/server/IntegratedServer.cpp,2929,30037677567,4750,19,
ChunkResult.EntityLoad,/Users/obey/Desktop/MyVoxelGame/src/server/IntegratedServer.cpp,2929,30037689109,3125,19,
ChunkResult.EntityLoad,/Users/obey/Desktop/MyVoxelGame/src/server/IntegratedServer.cpp,2929,30087304112,41059,19,
ChunkResult.EntityLoad,/Users/obey/Desktop/MyVoxelGame/src/server/IntegratedServer.cpp,2929,30137243831,40076,19,
ChunkResult.EntityLoad,/Users/obey/Desktop/MyVoxelGame/src/server/IntegratedServer.cpp,2929,30137294532,4250,19,
ChunkResult.EntityLoad,/Users/obey/Desktop/MyVoxelGame/src/server/IntegratedServer.cpp,2929,30137303949,2750,19,
ChunkResult.EntityLoad,/Users/obey/Desktop/MyVoxelGame/src/server/IntegratedServer.cpp,2929,30137310366,1851,19,
ChunkResult.EntityLoad,/Users/obey/Desktop/MyVoxelGame/src/server/IntegratedServer.cpp,2929,30189547255,29852,19,
ChunkResult.EntityLoad,/Users/obey/Desktop/MyVoxelGame/src/server/IntegratedServer.cpp,2929,30236868731,28142,19,
ChunkResult.EntityLoad,/Users/obey/Desktop/MyVoxelGame/src/server/IntegratedServer.cpp,2929,30286897627,31143,19,
ChunkResult.EntityLoad,/Users/obey/Desktop/MyVoxelGame/src/server/IntegratedServer.cpp,2929,30336871674,24976,19,
ChunkResult.EntityLoad,/Users/obey/Desktop/MyVoxelGame/src/server/IntegratedServer.cpp,2929,30389362787,30892,19,
ChunkResult.EntityLoad,/Users/obey/Desktop/MyVoxelGame/src/server/IntegratedServer.cpp,2929,30437694825,24518,19,
ChunkResult.EntityLoad,/Users/obey/Desktop/MyVoxelGame/src/server/IntegratedServer.cpp,2929,30487166299,17083,19,
ChunkResult.EntityLoad,/Users/obey/Desktop/MyVoxelGame/src/server/IntegratedServer.cpp,2929,30487187257,3083,19,
ChunkResult.EntityLoad,/Users/obey/Desktop/MyVoxelGame/src/server/IntegratedServer.cpp,2929,30546047711,56201,19,
ChunkResult.EntityLoad,/Users/obey/Desktop/MyVoxelGame/src/server/IntegratedServer.cpp,2929,30587193450,20393,19,
ChunkResult.EntityLoad,/Users/obey/Desktop/MyVoxelGame/src/server/IntegratedServer.cpp,2929,30587216927,3583,19,
ChunkResult.EntityLoad,/Users/obey/Desktop/MyVoxelGame/src/server/IntegratedServer.cpp,2929,30636863654,76161,19,
ChunkResult.EntityLoad,/Users/obey/Desktop/MyVoxelGame/src/server/IntegratedServer.cpp,2929,30687332483,74035,19,
ChunkResult.EntityLoad,/Users/obey/Desktop/MyVoxelGame/src/server/IntegratedServer.cpp,2929,30687411518,4208,19,
ChunkResult.EntityLoad,/Users/obey/Desktop/MyVoxelGame/src/server/IntegratedServer.cpp,2929,30736871931,23267,19,
ChunkResult.EntityLoad,/Users/obey/Desktop/MyVoxelGame/src/server/IntegratedServer.cpp,2929,30736899698,10417,19,
ChunkResult.EntityLoad,/Users/obey/Desktop/MyVoxelGame/src/server/IntegratedServer.cpp,2929,30787606900,23892,19,
ChunkResult.EntityLoad,/Users/obey/Desktop/MyVoxelGame/src/server/IntegratedServer.cpp,2929,30836857149,37434,19,
ChunkResult.EntityLoad,/Users/obey/Desktop/MyVoxelGame/src/server/IntegratedServer.cpp,2929,30836901643,3291,19,
ChunkResult.EntityLoad,/Users/obey/Desktop/MyVoxelGame/src/server/IntegratedServer.cpp,2929,30836912476,2667,19,
ChunkResult.EntityLoad,/Users/obey/Desktop/MyVoxelGame/src/server/IntegratedServer.cpp,2929,30886878047,21393,19,
ChunkResult.EntityLoad,/Users/obey/Desktop/MyVoxelGame/src/server/IntegratedServer.cpp,2929,30886904023,2792,19,
ChunkResult.EntityLoad,/Users/obey/Desktop/MyVoxelGame/src/server/IntegratedServer.cpp,2929,30936863676,27435,19,
ChunkResult.EntityLoad,/Users/obey/Desktop/MyVoxelGame/src/server/IntegratedServer.cpp,2929,30936896777,4250,19,
ChunkResult.EntityLoad,/Users/obey/Desktop/MyVoxelGame/src/server/IntegratedServer.cpp,2929,30936905420,2792,19,
ChunkResult.EntityLoad,/Users/obey/Desktop/MyVoxelGame/src/server/IntegratedServer.cpp,2929,30987382332,27725,19,
ChunkResult.EntityLoad,/Users/obey/Desktop/MyVoxelGame/src/server/IntegratedServer.cpp,2929,31037328009,24559,19,
ChunkResult.EntityLoad,/Users/obey/Desktop/MyVoxelGame/src/server/IntegratedServer.cpp,2929,31037358151,3167,19,
ChunkResult.EntityLoad,/Users/obey/Desktop/MyVoxelGame/src/server/IntegratedServer.cpp,2929,31037364526,3352,19,
ChunkResult.EntityLoad,/Users/obey/Desktop/MyVoxelGame/src/server/IntegratedServer.cpp,2929,31037372544,3917,19,
ChunkResult.EntityLoad,/Users/obey/Desktop/MyVoxelGame/src/server/IntegratedServer.cpp,2929,31087341781,15476,19,
ChunkResult.EntityLoad,/Users/obey/Desktop/MyVoxelGame/src/server/IntegratedServer.cpp,2929,31087362549,3375,19,
ChunkResult.EntityLoad,/Users/obey/Desktop/MyVoxelGame/src/server/IntegratedServer.cpp,2929,31087370215,2667,19,
ChunkResult.EntityLoad,/Users/obey/Desktop/MyVoxelGame/src/server/IntegratedServer.cpp,2929,31136879189,28934,19,
ChunkResult.EntityLoad,/Users/obey/Desktop/MyVoxelGame/src/server/IntegratedServer.cpp,2929,31136915308,3750,19,
ChunkResult.EntityLoad,/Users/obey/Desktop/MyVoxelGame/src/server/IntegratedServer.cpp,2929,31136924016,3125,19,
ChunkResult.EntityLoad,/Users/obey/Desktop/MyVoxelGame/src/server/IntegratedServer.cpp,2929,31186909021,46267,19,
ChunkResult.EntityLoad,/Users/obey/Desktop/MyVoxelGame/src/server/IntegratedServer.cpp,2929,31186959954,4185,19,
ChunkResult.EntityLoad,/Users/obey/Desktop/MyVoxelGame/src/server/IntegratedServer.cpp,2929,31186970764,3917,19,
ChunkResult.EntityLoad,/Users/obey/Desktop/MyVoxelGame/src/server/IntegratedServer.cpp,2929,31236852407,21393,19,
ChunkResult.EntityLoad,/Users/obey/Desktop/MyVoxelGame/src/server/IntegratedServer.cpp,2929,31236878800,3666,19,
ChunkResult.EntityLoad,/Users/obey/Desktop/MyVoxelGame/src/server/IntegratedServer.cpp,2929,31236886133,2542,19,
ChunkResult.EntityLoad,/Users/obey/Desktop/MyVoxelGame/src/server/IntegratedServer.cpp,2929,31286890613,43059,19,
ChunkResult.EntityLoad,/Users/obey/Desktop/MyVoxelGame/src/server/IntegratedServer.cpp,2929,31286946232,9667,19,
ChunkResult.EntityLoad,/Users/obey/Desktop/MyVoxelGame/src/server/IntegratedServer.cpp,2929,31339275782,19600,19,
ChunkResult.EntityLoad,/Users/obey/Desktop/MyVoxelGame/src/server/IntegratedServer.cpp,2929,31387265268,18559,19,
ChunkResult.EntityLoad,/Users/obey/Desktop/MyVoxelGame/src/server/IntegratedServer.cpp,2929,31387287118,3500,19,
ChunkResult.EntityLoad,/Users/obey/Desktop/MyVoxelGame/src/server/IntegratedServer.cpp,2929,31387293577,2083,19,
ChunkResult.EntityLoad,/Users/obey/Desktop/MyVoxelGame/src/server/IntegratedServer.cpp,2929,31437332493,21292,19,
ChunkResult.EntityLoad,/Users/obey/Desktop/MyVoxelGame/src/server/IntegratedServer.cpp,2929,31437356951,3559,19,
ChunkResult.EntityLoad,/Users/obey/Desktop/MyVoxelGame/src/server/IntegratedServer.cpp,2929,31437363593,2750,19,
ChunkResult.EntityLoad,/Users/obey/Desktop/MyVoxelGame/src/server/IntegratedServer.cpp,2929,31486870442,31558,19,
ChunkResult.EntityLoad,/Users/obey/Desktop/MyVoxelGame/src/server/IntegratedServer.cpp,2929,31486909084,4208,19,
ChunkResult.EntityLoad,/Users/obey/Desktop/MyVoxelGame/src/server/IntegratedServer.cpp,2929,31537099669,27810,19,
ChunkResult.EntityLoad,/Users/obey/Desktop/MyVoxelGame/src/server/IntegratedServer.cpp,2929,31586860576,29267,19,
ChunkResult.EntityLoad,/Users/obey/Desktop/MyVoxelGame/src/server/IntegratedServer.cpp,2929,31586896653,24708,19,
ChunkResult.EntityLoad,/Users/obey/Desktop/MyVoxelGame/src/server/IntegratedServer.cpp,2929,31586929254,3834,19,
ChunkResult.EntityLoad,/Users/obey/Desktop/MyVoxelGame/src/server/IntegratedServer.cpp,2929,31636846372,20684,19,
ChunkResult.EntityLoad,/Users/obey/Desktop/MyVoxelGame/src/server/IntegratedServer.cpp,2929,31636870639,3000,19,
ChunkResult.EntityLoad,/Users/obey/Desktop/MyVoxelGame/src/server/IntegratedServer.cpp,2929,31687848933,24500,19,
ChunkResult.EntityLoad,/Users/obey/Desktop/MyVoxelGame/src/server/IntegratedServer.cpp,2929,31736892934,58143,19,
ChunkResult.EntityLoad,/Users/obey/Desktop/MyVoxelGame/src/server/IntegratedServer.cpp,2929,31736959428,18334,19,
ChunkResult.EntityLoad,/Users/obey/Desktop/MyVoxelGame/src/server/IntegratedServer.cpp,2929,31786893356,41601,19,
ChunkResult.EntityLoad,/Users/obey/Desktop/MyVoxelGame/src/server/IntegratedServer.cpp,2929,31786941017,3125,19,
ChunkResult.EntityLoad,/Users/obey/Desktop/MyVoxelGame/src/server/IntegratedServer.cpp,2929,31786949184,2791,19,
ChunkResult.EntityLoad,/Users/obey/Desktop/MyVoxelGame/src/server/IntegratedServer.cpp,2929,31836857052,26517,19,
ChunkResult.EntityLoad,/Users/obey/Desktop/MyVoxelGame/src/server/IntegratedServer.cpp,2929,31836889110,3792,19,
ChunkResult.EntityLoad,/Users/obey/Desktop/MyVoxelGame/src/server/IntegratedServer.cpp,2929,31886858573,24458,19,
ChunkResult.EntityLoad,/Users/obey/Desktop/MyVoxelGame/src/server/IntegratedServer.cpp,2929,31886889258,4125,19,
ChunkResult.EntityLoad,/Users/obey/Desktop/MyVoxelGame/src/server/IntegratedServer.cpp,2929,31937689470,20976,19,
ChunkResult.EntityLoad,/Users/obey/Desktop/MyVoxelGame/src/server/IntegratedServer.cpp,2929,31937714280,3875,19,
ChunkResult.EntityLoad,/Users/obey/Desktop/MyVoxelGame/src/server/IntegratedServer.cpp,2929,31986862476,25750,19,
ChunkResult.EntityLoad,/Users/obey/Desktop/MyVoxelGame/src/server/IntegratedServer.cpp,2929,32036969117,48869,19,
ChunkResult.EntityLoad,/Users/obey/Desktop/MyVoxelGame/src/server/IntegratedServer.cpp,2929,32037027736,3433,19,
ChunkResult.EntityLoad,/Users/obey/Desktop/MyVoxelGame/src/server/IntegratedServer.cpp,2929,32087283148,33393,19,
ChunkResult.EntityLoad,/Users/obey/Desktop/MyVoxelGame/src/server/IntegratedServer.cpp,2929,32136881966,46578,19,
ChunkResult.EntityLoad,/Users/obey/Desktop/MyVoxelGame/src/server/IntegratedServer.cpp,2929,32136933919,5625,19,
ChunkResult.EntityLoad,/Users/obey/Desktop/MyVoxelGame/src/server/IntegratedServer.cpp,2929,32187150021,30060,19,
ChunkResult.EntityLoad,/Users/obey/Desktop/MyVoxelGame/src/server/IntegratedServer.cpp,2929,32187187998,3333,19,
ChunkResult.EntityLoad,/Users/obey/Desktop/MyVoxelGame/src/server/IntegratedServer.cpp,2929,32187195164,3500,19,
ChunkResult.EntityLoad,/Users/obey/Desktop/MyVoxelGame/src/server/IntegratedServer.cpp,2929,32236879452,46660,19,
ChunkResult.EntityLoad,/Users/obey/Desktop/MyVoxelGame/src/server/IntegratedServer.cpp,2929,32236933320,5209,19,
ChunkResult.EntityLoad,/Users/obey/Desktop/MyVoxelGame/src/server/IntegratedServer.cpp,2929,32236943529,3750,19,
ChunkResult.EntityLoad,/Users/obey/Desktop/MyVoxelGame/src/server/IntegratedServer.cpp,2929,32286884182,45018,19,
ChunkResult.EntityLoad,/Users/obey/Desktop/MyVoxelGame/src/server/IntegratedServer.cpp,2929,32286933616,4792,19,
ChunkResult.EntityLoad,/Users/obey/Desktop/MyVoxelGame/src/server/IntegratedServer.cpp,2929,32336852461,24225,19,
ChunkResult.EntityLoad,/Users/obey/Desktop/MyVoxelGame/src/server/IntegratedServer.cpp,2929,32336882936,5125,19,
ChunkResult.EntityLoad,/Users/obey/Desktop/MyVoxelGame/src/server/IntegratedServer.cpp,2929,32336893394,4018,19,
ChunkResult.EntityLoad,/Users/obey/Desktop/MyVoxelGame/src/server/IntegratedServer.cpp,2929,32387251045,38642,19,
ChunkResult.EntityLoad,/Users/obey/Desktop/MyVoxelGame/src/server/IntegratedServer.cpp,2929,32387294562,2167,19,
ChunkResult.EntityLoad,/Users/obey/Desktop/MyVoxelGame/src/server/IntegratedServer.cpp,2929,32387299521,2458,19,
ChunkResult.EntityLoad,/Users/obey/Desktop/MyVoxelGame/src/server/IntegratedServer.cpp,2929,32436878172,38810,19,
ChunkResult.EntityLoad,/Users/obey/Desktop/MyVoxelGame/src/server/IntegratedServer.cpp,2929,32436921023,3500,19,
ChunkResult.EntityLoad,/Users/obey/Desktop/MyVoxelGame/src/server/IntegratedServer.cpp,2929,32486855451,38493,19,
ChunkResult.EntityLoad,/Users/obey/Desktop/MyVoxelGame/src/server/IntegratedServer.cpp,2929,32537386397,20142,19,
ChunkResult.EntityLoad,/Users/obey/Desktop/MyVoxelGame/src/server/IntegratedServer.cpp,2929,32637168051,23560,19,
ChunkResult.EntityLoad,/Users/obey/Desktop/MyVoxelGame/src/server/IntegratedServer.cpp,2929,32688285832,23851,19,
ChunkResult.EntityLoad,/Users/obey/Desktop/MyVoxelGame/src/server/IntegratedServer.cpp,2929,32787136232,26434,19,
ChunkResult.EntityLoad,/Users/obey/Desktop/MyVoxelGame/src/server/IntegratedServer.cpp,2929,32836905947,47102,19,
ChunkResult.EntityLoad,/Users/obey/Desktop/MyVoxelGame/src/server/IntegratedServer.cpp,2929,32886846833,30101,19,
ChunkResult.EntityLoad,/Users/obey/Desktop/MyVoxelGame/src/server/IntegratedServer.cpp,2929,32886882225,4393,19,
ChunkResult.EntityLoad,/Users/obey/Desktop/MyVoxelGame/src/server/IntegratedServer.cpp,2929,32936877415,46060,19,
ChunkResult.EntityLoad,/Users/obey/Desktop/MyVoxelGame/src/server/IntegratedServer.cpp,2929,32936933267,3017,19,
ChunkResult.EntityLoad,/Users/obey/Desktop/MyVoxelGame/src/server/IntegratedServer.cpp,2929,32936941867,4375,19,
ChunkResult.EntityLoad,/Users/obey/Desktop/MyVoxelGame/src/server/IntegratedServer.cpp,2929,32936950284,2250,19,
ChunkResult.EntityLoad,/Users/obey/Desktop/MyVoxelGame/src/server/IntegratedServer.cpp,2929,32936955659,1833,19,
ChunkResult.EntityLoad,/Users/obey/Desktop/MyVoxelGame/src/server/IntegratedServer.cpp,2929,32986866878,36850,19,
ChunkResult.EntityLoad,/Users/obey/Desktop/MyVoxelGame/src/server/IntegratedServer.cpp,2929,32986909520,2875,19,
ChunkResult.EntityLoad,/Users/obey/Desktop/MyVoxelGame/src/server/IntegratedServer.cpp,2929,32986914353,2000,19,
ChunkResult.EntityLoad,/Users/obey/Desktop/MyVoxelGame/src/server/IntegratedServer.cpp,2929,32986918187,1875,19,
ChunkResult.EntityLoad,/Users/obey/Desktop/MyVoxelGame/src/server/IntegratedServer.cpp,2929,33037147125,36226,19,
ChunkResult.EntityLoad,/Users/obey/Desktop/MyVoxelGame/src/server/IntegratedServer.cpp,2929,33037187201,4042,19,
ChunkResult.EntityLoad,/Users/obey/Desktop/MyVoxelGame/src/server/IntegratedServer.cpp,2929,33037194368,2708,19,
ChunkResult.EntityLoad,/Users/obey/Desktop/MyVoxelGame/src/server/IntegratedServer.cpp,2929,33086871113,35268,19,
ChunkResult.EntityLoad,/Users/obey/Desktop/MyVoxelGame/src/server/IntegratedServer.cpp,2929,33086912881,3542,19,
ChunkResult.EntityLoad,/Users/obey/Desktop/MyVoxelGame/src/server/IntegratedServer.cpp,2929,33136845975,12559,19,
ChunkResult.EntityLoad,/Users/obey/Desktop/MyVoxelGame/src/server/IntegratedServer.cpp,2929,33136861909,2417,19,
ChunkResult.EntityLoad,/Users/obey/Desktop/MyVoxelGame/src/server/IntegratedServer.cpp,2929,33136866534,2500,19,
ChunkResult.EntityLoad,/Users/obey/Desktop/MyVoxelGame/src/server/IntegratedServer.cpp,2929,33186899724,41827,19,
ChunkResult.EntityLoad,/Users/obey/Desktop/MyVoxelGame/src/server/IntegratedServer.cpp,2929,33186945509,4458,19,
ChunkResult.EntityLoad,/Users/obey/Desktop/MyVoxelGame/src/server/IntegratedServer.cpp,2929,33186955009,2667,19,
ChunkResult.EntityLoad,/Users/obey/Desktop/MyVoxelGame/src/server/IntegratedServer.cpp,2929,33237246356,22475,19,
ChunkResult.EntityLoad,/Users/obey/Desktop/MyVoxelGame/src/server/IntegratedServer.cpp,2929,33237271081,2459,19,
ChunkResult.EntityLoad,/Users/obey/Desktop/MyVoxelGame/src/server/IntegratedServer.cpp,2929,33237275331,1792,19,
ChunkResult.EntityLoad,/Users/obey/Desktop/MyVoxelGame/src/server/IntegratedServer.cpp,2929,33286882084,36810,19,
ChunkResult.EntityLoad,/Users/obey/Desktop/MyVoxelGame/src/server/IntegratedServer.cpp,2929,33286924144,2833,19,
ChunkResult.EntityLoad,/Users/obey/Desktop/MyVoxelGame/src/server/IntegratedServer.cpp,2929,33336860696,21642,19,
ChunkResult.EntityLoad,/Users/obey/Desktop/MyVoxelGame/src/server/IntegratedServer.cpp,2929,33336886213,3625,19,
ChunkResult.EntityLoad,/Users/obey/Desktop/MyVoxelGame/src/server/IntegratedServer.cpp,2929,33386877594,35268,19,
ChunkResult.EntityLoad,/Users/obey/Desktop/MyVoxelGame/src/server/IntegratedServer.cpp,2929,33386919005,4250,19,
ChunkResult.EntityLoad,/Users/obey/Desktop/MyVoxelGame/src/server/IntegratedServer.cpp,2929,33436868348,29226,19,
ChunkResult.EntityLoad,/Users/obey/Desktop/MyVoxelGame/src/server/IntegratedServer.cpp,2929,33436901199,4102,19,
ChunkResult.EntityLoad,/Users/obey/Desktop/MyVoxelGame/src/server/IntegratedServer.cpp,2929,33436909509,2333,19,
ChunkResult.EntityLoad,/Users/obey/Desktop/MyVoxelGame/src/server/IntegratedServer.cpp,2929,33436913592,2042,19,
ChunkResult.EntityLoad,/Users/obey/Desktop/MyVoxelGame/src/server/IntegratedServer.cpp,2929,33486841312,16458,19,
ChunkResult.EntityLoad,/Users/obey/Desktop/MyVoxelGame/src/server/IntegratedServer.cpp,2929,33486863705,9125,19,
ChunkResult.EntityLoad,/Users/obey/Desktop/MyVoxelGame/src/server/IntegratedServer.cpp,2929,33538852268,28309,19,
ChunkResult.EntityLoad,/Users/obey/Desktop/MyVoxelGame/src/server/IntegratedServer.cpp,2929,33538884661,3458,19,
ChunkResult.EntityLoad,/Users/obey/Desktop/MyVoxelGame/src/server/IntegratedServer.cpp,2929,33538891119,3018,19,
ChunkResult.EntityLoad,/Users/obey/Desktop/MyVoxelGame/src/server/IntegratedServer.cpp,2929,33586857630,23225,19,
ChunkResult.EntityLoad,/Users/obey/Desktop/MyVoxelGame/src/server/IntegratedServer.cpp,2929,33586886064,3041,19,
ChunkResult.EntityLoad,/Users/obey/Desktop/MyVoxelGame/src/server/IntegratedServer.cpp,2929,33636879652,32227,19,
ChunkResult.EntityLoad,/Users/obey/Desktop/MyVoxelGame/src/server/IntegratedServer.cpp,2929,33636918605,4625,19,
ChunkResult.EntityLoad,/Users/obey/Desktop/MyVoxelGame/src/server/IntegratedServer.cpp,2929,33636928230,2542,19,
ChunkResult.EntityLoad,/Users/obey/Desktop/MyVoxelGame/src/server/IntegratedServer.cpp,2929,33636935563,2334,19,
ChunkResult.EntityLoad,/Users/obey/Desktop/MyVoxelGame/src/server/IntegratedServer.cpp,2929,33688529207,17917,19,
ChunkResult.EntityLoad,/Users/obey/Desktop/MyVoxelGame/src/server/IntegratedServer.cpp,2929,33688550082,3518,19,
ChunkResult.EntityLoad,/Users/obey/Desktop/MyVoxelGame/src/server/IntegratedServer.cpp,2929,33688554892,2750,19,
ChunkResult.EntityLoad,/Users/obey/Desktop/MyVoxelGame/src/server/IntegratedServer.cpp,2929,33736859787,57077,19,
ChunkResult.EntityLoad,/Users/obey/Desktop/MyVoxelGame/src/server/IntegratedServer.cpp,2929,33736921840,11542,19,
ChunkResult.EntityLoad,/Users/obey/Desktop/MyVoxelGame/src/server/IntegratedServer.cpp,2929,33786861934,21142,19,
ChunkResult.EntityLoad,/Users/obey/Desktop/MyVoxelGame/src/server/IntegratedServer.cpp,2929,33786886368,3250,19,
ChunkResult.EntityLoad,/Users/obey/Desktop/MyVoxelGame/src/server/IntegratedServer.cpp,2929,33836875040,24768,19,
ChunkResult.EntityLoad,/Users/obey/Desktop/MyVoxelGame/src/server/IntegratedServer.cpp,2929,33836906433,3042,19,
ChunkResult.EntityLoad,/Users/obey/Desktop/MyVoxelGame/src/server/IntegratedServer.cpp,2929,33887157328,50869,19,
ChunkResult.EntityLoad,/Users/obey/Desktop/MyVoxelGame/src/server/IntegratedServer.cpp,2929,33887213155,3667,19,
ChunkResult.EntityLoad,/Users/obey/Desktop/MyVoxelGame/src/server/IntegratedServer.cpp,2929,33887219155,2684,19,
ChunkResult.EntityLoad,/Users/obey/Desktop/MyVoxelGame/src/server/IntegratedServer.cpp,2929,33887223797,2042,19,
ChunkResult.EntityLoad,/Users/obey/Desktop/MyVoxelGame/src/server/IntegratedServer.cpp,2929,33936869175,19851,19,
ChunkResult.EntityLoad,/Users/obey/Desktop/MyVoxelGame/src/server/IntegratedServer.cpp,2929,33936896109,4875,19,
ChunkResult.EntityLoad,/Users/obey/Desktop/MyVoxelGame/src/server/IntegratedServer.cpp,2929,33936903752,2417,19,
ChunkResult.EntityLoad,/Users/obey/Desktop/MyVoxelGame/src/server/IntegratedServer.cpp,2929,33987190123,23225,19,
ChunkResult.EntityLoad,/Users/obey/Desktop/MyVoxelGame/src/server/IntegratedServer.cpp,2929,33987218640,3917,19,
ChunkResult.EntityLoad,/Users/obey/Desktop/MyVoxelGame/src/server/IntegratedServer.cpp,2929,33987224390,3060,19,
ChunkResult.EntityLoad,/Users/obey/Desktop/MyVoxelGame/src/server/IntegratedServer.cpp,2929,34037003164,41017,19,
ChunkResult.EntityLoad,/Users/obey/Desktop/MyVoxelGame/src/server/IntegratedServer.cpp,2929,34037050848,5167,19,
ChunkResult.EntityLoad,/Users/obey/Desktop/MyVoxelGame/src/server/IntegratedServer.cpp,2929,34087380922,13559,19,
ChunkResult.EntityLoad,/Users/obey/Desktop/MyVoxelGame/src/server/IntegratedServer.cpp,2929,34087396898,3000,19,
ChunkResult.EntityLoad,/Users/obey/Desktop/MyVoxelGame/src/server/IntegratedServer.cpp,2929,34137785173,19350,19,
ChunkResult.EntityLoad,/Users/obey/Desktop/MyVoxelGame/src/server/IntegratedServer.cpp,2929,34137807856,2834,19,
ChunkResult.EntityLoad,/Users/obey/Desktop/MyVoxelGame/src/server/IntegratedServer.cpp,2929,34186872876,41435,19,
ChunkResult.EntityLoad,/Users/obey/Desktop/MyVoxelGame/src/server/IntegratedServer.cpp,2929,34186920936,5583,19,
ChunkResult.EntityLoad,/Users/obey/Desktop/MyVoxelGame/src/server/IntegratedServer.cpp,2929,34186931269,2684,19,
ChunkResult.EntityLoad,/Users/obey/Desktop/MyVoxelGame/src/server/IntegratedServer.cpp,2929,34236864297,20584,19,
ChunkResult.EntityLoad,/Users/obey/Desktop/MyVoxelGame/src/server/IntegratedServer.cpp,2929,34236890089,6267,19,
ChunkResult.EntityLoad,/Users/obey/Desktop/MyVoxelGame/src/server/IntegratedServer.cpp,2929,34286870261,25517,19,
ChunkResult.EntityLoad,/Users/obey/Desktop/MyVoxelGame/src/server/IntegratedServer.cpp,2929,34286903986,4334,19,
ChunkResult.EntityLoad,/Users/obey/Desktop/MyVoxelGame/src/server/IntegratedServer.cpp,2929,34336879157,66453,19,
ChunkResult.EntityLoad,/Users/obey/Desktop/MyVoxelGame/src/server/IntegratedServer.cpp,2929,34336956777,5517,19,
ChunkResult.EntityLoad,/Users/obey/Desktop/MyVoxelGame/src/server/IntegratedServer.cpp,2929,34389851927,47560,19,
ChunkResult.EntityLoad,/Users/obey/Desktop/MyVoxelGame/src/server/IntegratedServer.cpp,2929,34487245150,45202,19,
ChunkResult.EntityLoad,/Users/obey/Desktop/MyVoxelGame/src/server/IntegratedServer.cpp,2929,34536959914,67452,19,
ChunkResult.EntityLoad,/Users/obey/Desktop/MyVoxelGame/src/server/IntegratedServer.cpp,2929,34588247299,59119,19,
ChunkResult.EntityLoad,/Users/obey/Desktop/MyVoxelGame/src/server/IntegratedServer.cpp,2929,34637859618,40701,19,
ChunkResult.EntityLoad,/Users/obey/Desktop/MyVoxelGame/src/server/IntegratedServer.cpp,2929,34637902694,3584,19,
ChunkResult.EntityLoad,/Users/obey/Desktop/MyVoxelGame/src/server/IntegratedServer.cpp,2929,34689822472,27102,19,
ChunkResult.EntityLoad,/Users/obey/Desktop/MyVoxelGame/src/server/IntegratedServer.cpp,2929,34837397449,25059,19,
ChunkResult.EntityLoad,/Users/obey/Desktop/MyVoxelGame/src/server/IntegratedServer.cpp,2929,34837427258,4584,19,
ChunkResult.EntityLoad,/Users/obey/Desktop/MyVoxelGame/src/server/IntegratedServer.cpp,2929,34887149731,48701,19,
ChunkResult.EntityLoad,/Users/obey/Desktop/MyVoxelGame/src/server/IntegratedServer.cpp,2929,34936868034,48953,19,
ChunkResult.EntityLoad,/Users/obey/Desktop/MyVoxelGame/src/server/IntegratedServer.cpp,2929,34989725443,8100,19,
ChunkResult.EntityLoad,/Users/obey/Desktop/MyVoxelGame/src/server/IntegratedServer.cpp,2929,35037130678,49977,19,
ChunkResult.EntityLoad,/Users/obey/Desktop/MyVoxelGame/src/server/IntegratedServer.cpp,2929,35086872334,81953,19,
ChunkResult.EntityLoad,/Users/obey/Desktop/MyVoxelGame/src/server/IntegratedServer.cpp,2929,35086961846,4708,19,
ChunkResult.EntityLoad,/Users/obey/Desktop/MyVoxelGame/src/server/IntegratedServer.cpp,2929,35136860339,23500,19,
ChunkResult.EntityLoad,/Users/obey/Desktop/MyVoxelGame/src/server/IntegratedServer.cpp,2929,35136893815,5667,19,
ChunkResult.EntityLoad,/Users/obey/Desktop/MyVoxelGame/src/server/IntegratedServer.cpp,2929,35186875695,30102,19,
ChunkResult.EntityLoad,/Users/obey/Desktop/MyVoxelGame/src/server/IntegratedServer.cpp,2929,35186911713,2959,19,
ChunkResult.EntityLoad,/Users/obey/Desktop/MyVoxelGame/src/server/IntegratedServer.cpp,2929,35236845890,19393,19,
ChunkResult.EntityLoad,/Users/obey/Desktop/MyVoxelGame/src/server/IntegratedServer.cpp,2929,35236869741,3167,19,
ChunkResult.EntityLoad,/Users/obey/Desktop/MyVoxelGame/src/server/IntegratedServer.cpp,2929,35286882929,42977,19,
ChunkResult.EntityLoad,/Users/obey/Desktop/MyVoxelGame/src/server/IntegratedServer.cpp,2929,35286932739,5167,19,
ChunkResult.EntityLoad,/Users/obey/Desktop/MyVoxelGame/src/server/IntegratedServer.cpp,2929,35286941840,3959,19,
ChunkResult.EntityLoad,/Users/obey/Desktop/MyVoxelGame/src/server/IntegratedServer.cpp,2929,35337172694,18250,19,
ChunkResult.EntityLoad,/Users/obey/Desktop/MyVoxelGame/src/server/IntegratedServer.cpp,2929,35337195902,3292,19,
ChunkResult.EntityLoad,/Users/obey/Desktop/MyVoxelGame/src/server/IntegratedServer.cpp,2929,35337205754,2208,19,
ChunkResult.EntityLoad,/Users/obey/Desktop/MyVoxelGame/src/server/IntegratedServer.cpp,2929,35337212629,3333,19,
ChunkResult.EntityLoad,/Users/obey/Desktop/MyVoxelGame/src/server/IntegratedServer.cpp,2929,35386857731,25875,19,
ChunkResult.EntityLoad,/Users/obey/Desktop/MyVoxelGame/src/server/IntegratedServer.cpp,2929,35386888790,3584,19,
ChunkResult.EntityLoad,/Users/obey/Desktop/MyVoxelGame/src/server/IntegratedServer.cpp,2929,35386896332,3292,19,
ChunkResult.EntityLoad,/Users/obey/Desktop/MyVoxelGame/src/server/IntegratedServer.cpp,2929,35436839927,20392,19,
ChunkResult.EntityLoad,/Users/obey/Desktop/MyVoxelGame/src/server/IntegratedServer.cpp,2929,35436864111,4083,19,
ChunkResult.EntityLoad,/Users/obey/Desktop/MyVoxelGame/src/server/IntegratedServer.cpp,2929,35486858949,42410,19,
ChunkResult.EntityLoad,/Users/obey/Desktop/MyVoxelGame/src/server/IntegratedServer.cpp,2929,35486908484,5333,19,
ChunkResult.EntityLoad,/Users/obey/Desktop/MyVoxelGame/src/server/IntegratedServer.cpp,2929,35486918900,3102,19,
ChunkResult.EntityLoad,/Users/obey/Desktop/MyVoxelGame/src/server/IntegratedServer.cpp,2929,35537058494,8268,19,
ChunkResult.EntityLoad,/Users/obey/Desktop/MyVoxelGame/src/server/IntegratedServer.cpp,2929,35537070553,3292,19,
ChunkResult.EntityLoad,/Users/obey/Desktop/MyVoxelGame/src/server/IntegratedServer.cpp,2929,35587018898,11475,19,
ChunkResult.EntityLoad,/Users/obey/Desktop/MyVoxelGame/src/server/IntegratedServer.cpp,2929,35587033540,2125,19,
ChunkResult.EntityLoad,/Users/obey/Desktop/MyVoxelGame/src/server/IntegratedServer.cpp,2929,35636889807,90971,19,
ChunkResult.EntityLoad,/Users/obey/Desktop/MyVoxelGame/src/server/IntegratedServer.cpp,2929,35636991403,5750,19,
ChunkResult.EntityLoad,/Users/obey/Desktop/MyVoxelGame/src/server/IntegratedServer.cpp,2929,35686840944,11892,19,
ChunkResult.EntityLoad,/Users/obey/Desktop/MyVoxelGame/src/server/IntegratedServer.cpp,2929,35686856628,3083,19,
ChunkResult.EntityLoad,/Users/obey/Desktop/MyVoxelGame/src/server/IntegratedServer.cpp,2929,35736879900,40476,19,
ChunkResult.EntityLoad,/Users/obey/Desktop/MyVoxelGame/src/server/IntegratedServer.cpp,2929,35736925435,4834,19,
ChunkResult.EntityLoad,/Users/obey/Desktop/MyVoxelGame/src/server/IntegratedServer.cpp,2929,35788402410,69428,19,
ChunkResult.EntityLoad,/Users/obey/Desktop/MyVoxelGame/src/server/IntegratedServer.cpp,2929,35788478921,6792,19,
ChunkResult.EntityLoad,/Users/obey/Desktop/MyVoxelGame/src/server/IntegratedServer.cpp,2929,35887547861,26476,19,
ChunkResult.EntityLoad,/Users/obey/Desktop/MyVoxelGame/src/server/IntegratedServer.cpp,2929,35887577046,3250,19,
ChunkResult.EntityLoad,/Users/obey/Desktop/MyVoxelGame/src/server/IntegratedServer.cpp,2929,35937468497,32767,19,
ChunkResult.EntityLoad,/Users/obey/Desktop/MyVoxelGame/src/server/IntegratedServer.cpp,2929,35937510847,4935,19,
ChunkResult.EntityLoad,/Users/obey/Desktop/MyVoxelGame/src/server/IntegratedServer.cpp,2929,35937519907,3167,19,
ChunkResult.EntityLoad,/Users/obey/Desktop/MyVoxelGame/src/server/IntegratedServer.cpp,2929,35986846109,42851,19,
ChunkResult.EntityLoad,/Users/obey/Desktop/MyVoxelGame/src/server/IntegratedServer.cpp,2929,35986892977,4250,19,
ChunkResult.EntityLoad,/Users/obey/Desktop/MyVoxelGame/src/server/IntegratedServer.cpp,2929,36037626695,32226,19,
ChunkResult.EntityLoad,/Users/obey/Desktop/MyVoxelGame/src/server/IntegratedServer.cpp,2929,36037665463,4000,19,
ChunkResult.EntityLoad,/Users/obey/Desktop/MyVoxelGame/src/server/IntegratedServer.cpp,2929,36037673897,3000,19,
ChunkResult.EntityLoad,/Users/obey/Desktop/MyVoxelGame/src/server/IntegratedServer.cpp,2929,36037681105,2917,19,
ChunkResult.EntityLoad,/Users/obey/Desktop/MyVoxelGame/src/server/IntegratedServer.cpp,2929,36086847844,15500,19,
ChunkResult.EntityLoad,/Users/obey/Desktop/MyVoxelGame/src/server/IntegratedServer.cpp,2929,36086867361,3083,19,
ChunkResult.EntityLoad,/Users/obey/Desktop/MyVoxelGame/src/server/IntegratedServer.cpp,2929,36136837557,18184,19,
ChunkResult.EntityLoad,/Users/obey/Desktop/MyVoxelGame/src/server/IntegratedServer.cpp,2929,36136858116,2875,19,
ChunkResult.EntityLoad,/Users/obey/Desktop/MyVoxelGame/src/server/IntegratedServer.cpp,2929,36136862574,2292,19,
ChunkResult.EntityLoad,/Users/obey/Desktop/MyVoxelGame/src/server/IntegratedServer.cpp,2929,36136866491,1875,19,
ChunkResult.EntityLoad,/Users/obey/Desktop/MyVoxelGame/src/server/IntegratedServer.cpp,2929,36186839062,14850,19,
ChunkResult.EntityLoad,/Users/obey/Desktop/MyVoxelGame/src/server/IntegratedServer.cpp,2929,36186856329,3041,19,
ChunkResult.EntityLoad,/Users/obey/Desktop/MyVoxelGame/src/server/IntegratedServer.cpp,2929,36236841209,15708,19,
ChunkResult.EntityLoad,/Users/obey/Desktop/MyVoxelGame/src/server/IntegratedServer.cpp,2929,36286841463,33643,19,
ChunkResult.EntityLoad,/Users/obey/Desktop/MyVoxelGame/src/server/IntegratedServer.cpp,2929,36336858237,42743,19,
ChunkResult.EntityLoad,/Users/obey/Desktop/MyVoxelGame/src/server/IntegratedServer.cpp,2929,36336904980,3750,19,
ChunkResult.EntityLoad,/Users/obey/Desktop/MyVoxelGame/src/server/IntegratedServer.cpp,2929,36386837783,16683,19,
ChunkResult.EntityLoad,/Users/obey/Desktop/MyVoxelGame/src/server/IntegratedServer.cpp,2929,36386857966,6209,19,
ChunkResult.EntityLoad,/Users/obey/Desktop/MyVoxelGame/src/server/IntegratedServer.cpp,2929,36436839330,8100,19,
ChunkResult.EntityLoad,/Users/obey/Desktop/MyVoxelGame/src/server/IntegratedServer.cpp,2929,36436851347,4166,19,
ChunkResult.EntityLoad,/Users/obey/Desktop/MyVoxelGame/src/server/IntegratedServer.cpp,2929,36436857430,2292,19,
ChunkResult.EntityLoad,/Users/obey/Desktop/MyVoxelGame/src/server/IntegratedServer.cpp,2929,36486851351,22476,19,
ChunkResult.EntityLoad,/Users/obey/Desktop/MyVoxelGame/src/server/IntegratedServer.cpp,2929,36486880411,4166,19,
ChunkResult.EntityLoad,/Users/obey/Desktop/MyVoxelGame/src/server/IntegratedServer.cpp,2929,36486889161,2642,19,
ChunkResult.EntityLoad,/Users/obey/Desktop/MyVoxelGame/src/server/IntegratedServer.cpp,2929,36536860790,22559,19,
ChunkResult.EntityLoad,/Users/obey/Desktop/MyVoxelGame/src/server/IntegratedServer.cpp,2929,36586862795,24684,19,
ChunkResult.EntityLoad,/Users/obey/Desktop/MyVoxelGame/src/server/IntegratedServer.cpp,2929,36636858900,26226,19,
ChunkResult.EntityLoad,/Users/obey/Desktop/MyVoxelGame/src/server/IntegratedServer.cpp,2929,36636893001,3459,19,
ChunkResult.EntityLoad,/Users/obey/Desktop/MyVoxelGame/src/server/IntegratedServer.cpp,2929,36636899543,3167,19,
ChunkResult.EntityLoad,/Users/obey/Desktop/MyVoxelGame/src/server/IntegratedServer.cpp,2929,36686853030,19685,19,
ChunkResult.EntityLoad,/Users/obey/Desktop/MyVoxelGame/src/server/IntegratedServer.cpp,2929,36686877673,3042,19,
ChunkResult.EntityLoad,/Users/obey/Desktop/MyVoxelGame/src/server/IntegratedServer.cpp,2929,36686884632,3791,19,
ChunkResult.EntityLoad,/Users/obey/Desktop/MyVoxelGame/src/server/IntegratedServer.cpp,2929,36686893132,2083,19,
ChunkResult.EntityLoad,/Users/obey/Desktop/MyVoxelGame/src/server/IntegratedServer.cpp,2929,36736858285,14393,19,
ChunkResult.EntityLoad,/Users/obey/Desktop/MyVoxelGame/src/server/IntegratedServer.cpp,2929,36736876594,2209,19,
ChunkResult.EntityLoad,/Users/obey/Desktop/MyVoxelGame/src/server/IntegratedServer.cpp,2929,36736881719,2667,19,
ChunkResult.EntityLoad,/Users/obey/Desktop/MyVoxelGame/src/server/IntegratedServer.cpp,2929,36736887553,2083,19,
ChunkResult.EntityLoad,/Users/obey/Desktop/MyVoxelGame/src/server/IntegratedServer.cpp,2929,36786856350,27100,19,
ChunkResult.EntityLoad,/Users/obey/Desktop/MyVoxelGame/src/server/IntegratedServer.cpp,2929,36839526943,23125,19,
ChunkResult.EntityLoad,/Users/obey/Desktop/MyVoxelGame/src/server/IntegratedServer.cpp,2929,36839557126,3917,19,
ChunkResult.EntityLoad,/Users/obey/Desktop/MyVoxelGame/src/server/IntegratedServer.cpp,2929,36886862668,61369,19,
ChunkResult.EntityLoad,/Users/obey/Desktop/MyVoxelGame/src/server/IntegratedServer.cpp,2929,36886928996,3333,19,
ChunkResult.EntityLoad,/Users/obey/Desktop/MyVoxelGame/src/server/IntegratedServer.cpp,2929,36937492250,32476,19,
ChunkResult.EntityLoad,/Users/obey/Desktop/MyVoxelGame/src/server/IntegratedServer.cpp,2929,36937529059,4042,19,
ChunkResult.EntityLoad,/Users/obey/Desktop/MyVoxelGame/src/server/IntegratedServer.cpp,2929,37036839307,15518,19,
ChunkResult.EntityLoad,/Users/obey/Desktop/MyVoxelGame/src/server/IntegratedServer.cpp,2929,37086870055,23583,19,
ChunkResult.EntityLoad,/Users/obey/Desktop/MyVoxelGame/src/server/IntegratedServer.cpp,2929,37138415332,17750,19,
ChunkResult.EntityLoad,/Users/obey/Desktop/MyVoxelGame/src/server/IntegratedServer.cpp,2929,37138436665,4292,19,
ChunkResult.EntityLoad,/Users/obey/Desktop/MyVoxelGame/src/server/IntegratedServer.cpp,2929,37236864671,29725,19,
ChunkResult.EntityLoad,/Users/obey/Desktop/MyVoxelGame/src/server/IntegratedServer.cpp,2929,37236900480,3791,19,
ChunkResult.EntityLoad,/Users/obey/Desktop/MyVoxelGame/src/server/IntegratedServer.cpp,2929,37289231838,15875,19,
ChunkResult.EntityLoad,/Users/obey/Desktop/MyVoxelGame/src/server/IntegratedServer.cpp,2929,37337025368,146921,19,
ChunkResult.EntityLoad,/Users/obey/Desktop/MyVoxelGame/src/server/IntegratedServer.cpp,2929,37337176539,4459,19,
ChunkResult.EntityLoad,/Users/obey/Desktop/MyVoxelGame/src/server/IntegratedServer.cpp,2929,37337184373,2583,19,
ChunkResult.EntityLoad,/Users/obey/Desktop/MyVoxelGame/src/server/IntegratedServer.cpp,2929,37388309529,28184,19,
ChunkResult.EntityLoad,/Users/obey/Desktop/MyVoxelGame/src/server/IntegratedServer.cpp,2929,37388341338,3083,19,
ChunkResult.EntityLoad,/Users/obey/Desktop/MyVoxelGame/src/server/IntegratedServer.cpp,2929,37437053812,38994,19,
ChunkResult.EntityLoad,/Users/obey/Desktop/MyVoxelGame/src/server/IntegratedServer.cpp,2929,37437096181,3791,19,
ChunkResult.EntityLoad,/Users/obey/Desktop/MyVoxelGame/src/server/IntegratedServer.cpp,2929,37437102764,3458,19,
ChunkResult.EntityLoad,/Users/obey/Desktop/MyVoxelGame/src/server/IntegratedServer.cpp,2929,37486843712,17518,19,
ChunkResult.EntityLoad,/Users/obey/Desktop/MyVoxelGame/src/server/IntegratedServer.cpp,2929,37486863813,2708,19,
ChunkResult.EntityLoad,/Users/obey/Desktop/MyVoxelGame/src/server/IntegratedServer.cpp,2929,37486869521,2167,19,
ChunkResult.EntityLoad,/Users/obey/Desktop/MyVoxelGame/src/server/IntegratedServer.cpp,2929,37536852526,16458,19,
ChunkResult.EntityLoad,/Users/obey/Desktop/MyVoxelGame/src/server/IntegratedServer.cpp,2929,37536873026,3041,19,
ChunkResult.EntityLoad,/Users/obey/Desktop/MyVoxelGame/src/server/IntegratedServer.cpp,2929,37586866673,16083,19,
ChunkResult.EntityLoad,/Users/obey/Desktop/MyVoxelGame/src/server/IntegratedServer.cpp,2929,37586887506,3625,19,
ChunkResult.EntityLoad,/Users/obey/Desktop/MyVoxelGame/src/server/IntegratedServer.cpp,2929,37586895798,3060,19,
ChunkResult.EntityLoad,/Users/obey/Desktop/MyVoxelGame/src/server/IntegratedServer.cpp,2929,37636988165,19434,19,
ChunkResult.EntityLoad,/Users/obey/Desktop/MyVoxelGame/src/server/IntegratedServer.cpp,2929,37687168484,18768,19,
ChunkResult.EntityLoad,/Users/obey/Desktop/MyVoxelGame/src/server/IntegratedServer.cpp,2929,37687189502,3541,19,
ChunkResult.EntityLoad,/Users/obey/Desktop/MyVoxelGame/src/server/IntegratedServer.cpp,2929,37687195127,2000,19,
ChunkResult.EntityLoad,/Users/obey/Desktop/MyVoxelGame/src/server/IntegratedServer.cpp,2929,37687200502,3250,19,
ChunkResult.EntityLoad,/Users/obey/Desktop/MyVoxelGame/src/server/IntegratedServer.cpp,2929,37737719614,51434,19,
ChunkResult.EntityLoad,/Users/obey/Desktop/MyVoxelGame/src/server/IntegratedServer.cpp,2929,37737775382,3600,19,
ChunkResult.EntityLoad,/Users/obey/Desktop/MyVoxelGame/src/server/IntegratedServer.cpp,2929,37787151784,6018,19,
ChunkResult.EntityLoad,/Users/obey/Desktop/MyVoxelGame/src/server/IntegratedServer.cpp,2929,37787160677,2167,19,
ChunkResult.EntityLoad,/Users/obey/Desktop/MyVoxelGame/src/server/IntegratedServer.cpp,2929,37836871940,49518,19,
ChunkResult.EntityLoad,/Users/obey/Desktop/MyVoxelGame/src/server/IntegratedServer.cpp,2929,37836926416,11852,19,
ChunkResult.EntityLoad,/Users/obey/Desktop/MyVoxelGame/src/server/IntegratedServer.cpp,2929,37836941101,2625,19,
ChunkResult.EntityLoad,/Users/obey/Desktop/MyVoxelGame/src/server/IntegratedServer.cpp,2929,37886843219,37017,19,
ChunkResult.EntityLoad,/Users/obey/Desktop/MyVoxelGame/src/server/IntegratedServer.cpp,2929,37936856366,23102,19,
ChunkResult.EntityLoad,/Users/obey/Desktop/MyVoxelGame/src/server/IntegratedServer.cpp,2929,37936885551,4083,19,
ChunkResult.EntityLoad,/Users/obey/Desktop/MyVoxelGame/src/server/IntegratedServer.cpp,2929,37936893468,2250,19,
ChunkResult.EntityLoad,/Users/obey/Desktop/MyVoxelGame/src/server/IntegratedServer.cpp,2929,37987267492,23226,19,
ChunkResult.EntityLoad,/Users/obey/Desktop/MyVoxelGame/src/server/IntegratedServer.cpp,2929,37987295218,4292,19,
ChunkResult.EntityLoad,/Users/obey/Desktop/MyVoxelGame/src/server/IntegratedServer.cpp,2929,37987303885,2958,19,
ChunkResult.EntityLoad,/Users/obey/Desktop/MyVoxelGame/src/server/IntegratedServer.cpp,2929,37987310510,2416,19,
ChunkResult.EntityLoad,/Users/obey/Desktop/MyVoxelGame/src/server/IntegratedServer.cpp,2929,38036843834,16643,19,
ChunkResult.EntityLoad,/Users/obey/Desktop/MyVoxelGame/src/server/IntegratedServer.cpp,2929,38036863936,3500,19,
ChunkResult.EntityLoad,/Users/obey/Desktop/MyVoxelGame/src/server/IntegratedServer.cpp,2929,38086858107,18392,19,
ChunkResult.EntityLoad,/Users/obey/Desktop/MyVoxelGame/src/server/IntegratedServer.cpp,2929,38086880040,3875,19,
ChunkResult.EntityLoad,/Users/obey/Desktop/MyVoxelGame/src/server/IntegratedServer.cpp,2929,38086886582,2083,19,
ChunkResult.EntityLoad,/Users/obey/Desktop/MyVoxelGame/src/server/IntegratedServer.cpp,2929,38086890457,1792,19,
ChunkResult.EntityLoad,/Users/obey/Desktop/MyVoxelGame/src/server/IntegratedServer.cpp,2929,38136846695,19184,19,
ChunkResult.EntityLoad,/Users/obey/Desktop/MyVoxelGame/src/server/IntegratedServer.cpp,2929,38189850648,14643,19,
ChunkResult.EntityLoad,/Users/obey/Desktop/MyVoxelGame/src/server/IntegratedServer.cpp,2929,38239849653,16352,19,
ChunkResult.EntityLoad,/Users/obey/Desktop/MyVoxelGame/src/server/IntegratedServer.cpp,2929,38239869588,2750,19,
ChunkResult.EntityLoad,/Users/obey/Desktop/MyVoxelGame/src/server/IntegratedServer.cpp,2929,38287468054,13375,19,
ChunkResult.EntityLoad,/Users/obey/Desktop/MyVoxelGame/src/server/IntegratedServer.cpp,2929,38336841249,11500,19,
ChunkResult.EntityLoad,/Users/obey/Desktop/MyVoxelGame/src/server/IntegratedServer.cpp,2929,38336855290,3209,19,
ChunkResult.EntityLoad,/Users/obey/Desktop/MyVoxelGame/src/server/IntegratedServer.cpp,2929,38386843462,18184,19,
ChunkResult.EntityLoad,/Users/obey/Desktop/MyVoxelGame/src/server/IntegratedServer.cpp,2929,38436856359,10250,19,
ChunkResult.EntityLoad,/Users/obey/Desktop/MyVoxelGame/src/server/IntegratedServer.cpp,2929,38436870067,3518,19,
ChunkResult.EntityLoad,/Users/obey/Desktop/MyVoxelGame/src/server/IntegratedServer.cpp,2929,38436876252,1708,19,
ChunkResult.EntityLoad,/Users/obey/Desktop/MyVoxelGame/src/server/IntegratedServer.cpp,2929,38487076838,10042,19,
ChunkResult.EntityLoad,/Users/obey/Desktop/MyVoxelGame/src/server/IntegratedServer.cpp,2929,38487089713,3125,19,
ChunkResult.EntityLoad,/Users/obey/Desktop/MyVoxelGame/src/server/IntegratedServer.cpp,2929,38487094880,2167,19,
ChunkResult.EntityLoad,/Users/obey/Desktop/MyVoxelGame/src/server/IntegratedServer.cpp,2929,38536862678,15750,19,
ChunkResult.EntityLoad,/Users/obey/Desktop/MyVoxelGame/src/server/IntegratedServer.cpp,2929,38536881903,2084,19,
ChunkResult.EntityLoad,/Users/obey/Desktop/MyVoxelGame/src/server/IntegratedServer.cpp,2929,38586871074,15000,19,
ChunkResult.EntityLoad,/Users/obey/Desktop/MyVoxelGame/src/server/IntegratedServer.cpp,2929,38586888449,2834,19,
ChunkResult.EntityLoad,/Users/obey/Desktop/MyVoxelGame/src/server/IntegratedServer.cpp,2929,38586893824,2667,19,
ChunkResult.EntityLoad,/Users/obey/Desktop/MyVoxelGame/src/server/IntegratedServer.cpp,2929,38636854188,31535,19,
ChunkResult.EntityLoad,/Users/obey/Desktop/MyVoxelGame/src/server/IntegratedServer.cpp,2929,38636891056,4167,19,
ChunkResult.EntityLoad,/Users/obey/Desktop/MyVoxelGame/src/server/IntegratedServer.cpp,2929,38636899264,3709,19,
ChunkResult.EntityLoad,/Users/obey/Desktop/MyVoxelGame/src/server/IntegratedServer.cpp,2929,38687344241,35725,19,
ChunkResult.EntityLoad,/Users/obey/Desktop/MyVoxelGame/src/server/IntegratedServer.cpp,2929,38687382716,3000,19,
ChunkResult.EntityLoad,/Users/obey/Desktop/MyVoxelGame/src/server/IntegratedServer.cpp,2929,38687388008,1667,19,
ChunkResult.EntityLoad,/Users/obey/Desktop/MyVoxelGame/src/server/IntegratedServer.cpp,2929,38687391859,1375,19,
ChunkResult.EntityLoad,/Users/obey/Desktop/MyVoxelGame/src/server/IntegratedServer.cpp,2929,38736844089,17102,19,
ChunkResult.EntityLoad,/Users/obey/Desktop/MyVoxelGame/src/server/IntegratedServer.cpp,2929,38736864149,3417,19,
ChunkResult.EntityLoad,/Users/obey/Desktop/MyVoxelGame/src/server/IntegratedServer.cpp,2929,38786845052,40077,19,
ChunkResult.EntityLoad,/Users/obey/Desktop/MyVoxelGame/src/server/IntegratedServer.cpp,2929,38786889462,3000,19,
ChunkResult.EntityLoad,/Users/obey/Desktop/MyVoxelGame/src/server/IntegratedServer.cpp,2929,38837033680,17352,19,
ChunkResult.EntityLoad,/Users/obey/Desktop/MyVoxelGame/src/server/IntegratedServer.cpp,2929,38837053282,2750,19,
ChunkResult.EntityLoad,/Users/obey/Desktop/MyVoxelGame/src/server/IntegratedServer.cpp,2929,38837057657,2041,19,
ChunkResult.EntityLoad,/Users/obey/Desktop/MyVoxelGame/src/server/IntegratedServer.cpp,2929,38837061240,1583,19,
ChunkResult.EntityLoad,/Users/obey/Desktop/MyVoxelGame/src/server/IntegratedServer.cpp,2929,38886864805,8042,19,
ChunkResult.EntityLoad,/Users/obey/Desktop/MyVoxelGame/src/server/IntegratedServer.cpp,2929,38886876013,2750,19,
ChunkResult.EntityLoad,/Users/obey/Desktop/MyVoxelGame/src/server/IntegratedServer.cpp,2929,38936911221,25017,19,
ChunkResult.EntityLoad,/Users/obey/Desktop/MyVoxelGame/src/server/IntegratedServer.cpp,2929,38986863416,36809,19,
ChunkResult.EntityLoad,/Users/obey/Desktop/MyVoxelGame/src/server/IntegratedServer.cpp,2929,38986905350,4416,19,
ChunkResult.EntityLoad,/Users/obey/Desktop/MyVoxelGame/src/server/IntegratedServer.cpp,2929,39036856754,20583,19,
ChunkResult.EntityLoad,/Users/obey/Desktop/MyVoxelGame/src/server/IntegratedServer.cpp,2929,39036884562,2959,19,
ChunkResult.EntityLoad,/Users/obey/Desktop/MyVoxelGame/src/server/IntegratedServer.cpp,2929,39036891104,2875,19,
ChunkResult.EntityLoad,/Users/obey/Desktop/MyVoxelGame/src/server/IntegratedServer.cpp,2929,39086997847,34600,19,
ChunkResult.EntityLoad,/Users/obey/Desktop/MyVoxelGame/src/server/IntegratedServer.cpp,2929,39087035364,2917,19,
ChunkResult.EntityLoad,/Users/obey/Desktop/MyVoxelGame/src/server/IntegratedServer.cpp,2929,39087040031,2666,19,
ChunkResult.EntityLoad,/Users/obey/Desktop/MyVoxelGame/src/server/IntegratedServer.cpp,2929,39136848430,35892,19,
ChunkResult.EntityLoad,/Users/obey/Desktop/MyVoxelGame/src/server/IntegratedServer.cpp,2929,39136886798,3334,19,
ChunkResult.EntityLoad,/Users/obey/Desktop/MyVoxelGame/src/server/IntegratedServer.cpp,2929,39188146066,22309,19,
ChunkResult.EntityLoad,/Users/obey/Desktop/MyVoxelGame/src/server/IntegratedServer.cpp,2929,39188175542,3791,19,
ChunkResult.EntityLoad,/Users/obey/Desktop/MyVoxelGame/src/server/IntegratedServer.cpp,2929,39188183542,2809,19,
ChunkResult.EntityLoad,/Users/obey/Desktop/MyVoxelGame/src/server/IntegratedServer.cpp,2929,39236850665,16393,19,
ChunkResult.EntityLoad,/Users/obey/Desktop/MyVoxelGame/src/server/IntegratedServer.cpp,2929,39286842420,16518,19,
ChunkResult.EntityLoad,/Users/obey/Desktop/MyVoxelGame/src/server/IntegratedServer.cpp,2929,39286861355,2667,19,
ChunkResult.EntityLoad,/Users/obey/Desktop/MyVoxelGame/src/server/IntegratedServer.cpp,2929,39286866647,3166,19,
ChunkResult.EntityLoad,/Users/obey/Desktop/MyVoxelGame/src/server/IntegratedServer.cpp,2929,39286872313,2042,19,
ChunkResult.EntityLoad,/Users/obey/Desktop/MyVoxelGame/src/server/IntegratedServer.cpp,2929,39336850651,33392,19,
ChunkResult.EntityLoad,/Users/obey/Desktop/MyVoxelGame/src/server/IntegratedServer.cpp,2929,39386902775,50868,19,
ChunkResult.EntityLoad,/Users/obey/Desktop/MyVoxelGame/src/server/IntegratedServer.cpp,2929,39437376977,17976,19,
ChunkResult.EntityLoad,/Users/obey/Desktop/MyVoxelGame/src/server/IntegratedServer.cpp,2929,39486884617,64285,19,
ChunkResult.EntityLoad,/Users/obey/Desktop/MyVoxelGame/src/server/IntegratedServer.cpp,2929,39536968050,20892,19,
ChunkResult.EntityLoad,/Users/obey/Desktop/MyVoxelGame/src/server/IntegratedServer.cpp,2929,39536991859,2250,19,
ChunkResult.EntityLoad,/Users/obey/Desktop/MyVoxelGame/src/server/IntegratedServer.cpp,2929,39586902370,68368,19,
ChunkResult.EntityLoad,/Users/obey/Desktop/MyVoxelGame/src/server/IntegratedServer.cpp,2929,39586978363,4542,19,
ChunkResult.EntityLoad,/Users/obey/Desktop/MyVoxelGame/src/server/IntegratedServer.cpp,2929,39636857690,21917,19,
ChunkResult.EntityLoad,/Users/obey/Desktop/MyVoxelGame/src/server/IntegratedServer.cpp,2929,39636883857,3185,19,
ChunkResult.EntityLoad,/Users/obey/Desktop/MyVoxelGame/src/server/IntegratedServer.cpp,2929,39636892250,2542,19,
ChunkResult.EntityLoad,/Users/obey/Desktop/MyVoxelGame/src/server/IntegratedServer.cpp,2929,39688503728,28017,19,
ChunkResult.EntityLoad,/Users/obey/Desktop/MyVoxelGame/src/server/IntegratedServer.cpp,2929,39688536953,4000,19,
ChunkResult.EntityLoad,/Users/obey/Desktop/MyVoxelGame/src/server/IntegratedServer.cpp,2929,39688546578,2959,19,
ChunkResult.EntityLoad,/Users/obey/Desktop/MyVoxelGame/src/server/IntegratedServer.cpp,2929,39736860450,37452,19,
ChunkResult.EntityLoad,/Users/obey/Desktop/MyVoxelGame/src/server/IntegratedServer.cpp,2929,39736904777,3875,19,
ChunkResult.EntityLoad,/Users/obey/Desktop/MyVoxelGame/src/server/IntegratedServer.cpp,2929,39786841746,18351,19,
ChunkResult.EntityLoad,/Users/obey/Desktop/MyVoxelGame/src/server/IntegratedServer.cpp,2929,39786862931,3250,19,
ChunkResult.EntityLoad,/Users/obey/Desktop/MyVoxelGame/src/server/IntegratedServer.cpp,2929,39786869181,2750,19,
ChunkResult.EntityLoad,/Users/obey/Desktop/MyVoxelGame/src/server/IntegratedServer.cpp,2929,39836847893,21267,19,
ChunkResult.EntityLoad,/Users/obey/Desktop/MyVoxelGame/src/server/IntegratedServer.cpp,2929,39836871494,2708,19,
ChunkResult.EntityLoad,/Users/obey/Desktop/MyVoxelGame/src/server/IntegratedServer.cpp,2929,39836877452,2000,19,
ChunkResult.EntityLoad,/Users/obey/Desktop/MyVoxelGame/src/server/IntegratedServer.cpp,2929,39886843565,18559,19,
ChunkResult.EntityLoad,/Users/obey/Desktop/MyVoxelGame/src/server/IntegratedServer.cpp,2929,39886865249,1875,19,
ChunkResult.EntityLoad,/Users/obey/Desktop/MyVoxelGame/src/server/IntegratedServer.cpp,2929,39886870166,2458,19,
ChunkResult.EntityLoad,/Users/obey/Desktop/MyVoxelGame/src/server/IntegratedServer.cpp,2929,39936876605,82285,19,
ChunkResult.EntityLoad,/Users/obey/Desktop/MyVoxelGame/src/server/IntegratedServer.cpp,2929,39936964574,4709,19,
ChunkResult.EntityLoad,/Users/obey/Desktop/MyVoxelGame/src/server/IntegratedServer.cpp,2929,39986860134,25518,19,
ChunkResult.EntityLoad,/Users/obey/Desktop/MyVoxelGame/src/server/IntegratedServer.cpp,2929,39986890402,3850,19,
ChunkResult.EntityLoad,/Users/obey/Desktop/MyVoxelGame/src/server/IntegratedServer.cpp,2929,39986901377,8625,19,
ChunkResult.EntityLoad,/Users/obey/Desktop/MyVoxelGame/src/server/IntegratedServer.cpp,2929,40036845305,37326,19,
ChunkResult.EntityLoad,/Users/obey/Desktop/MyVoxelGame/src/server/IntegratedServer.cpp,2929,40036886215,2833,19,
ChunkResult.EntityLoad,/Users/obey/Desktop/MyVoxelGame/src/server/IntegratedServer.cpp,2929,40036891590,2083,19,
ChunkResult.EntityLoad,/Users/obey/Desktop/MyVoxelGame/src/server/IntegratedServer.cpp,2929,40087638577,27808,19,
ChunkResult.EntityLoad,/Users/obey/Desktop/MyVoxelGame/src/server/IntegratedServer.cpp,2929,40087669927,2583,19,
ChunkResult.EntityLoad,/Users/obey/Desktop/MyVoxelGame/src/server/IntegratedServer.cpp,2929,40087675135,1917,19,
ChunkResult.EntityLoad,/Users/obey/Desktop/MyVoxelGame/src/server/IntegratedServer.cpp,2929,40136870016,29685,19,
ChunkResult.EntityLoad,/Users/obey/Desktop/MyVoxelGame/src/server/IntegratedServer.cpp,2929,40136902992,4375,19,
ChunkResult.EntityLoad,/Users/obey/Desktop/MyVoxelGame/src/server/IntegratedServer.cpp,2929,40136910701,2291,19,
ChunkResult.EntityLoad,/Users/obey/Desktop/MyVoxelGame/src/server/IntegratedServer.cpp,2929,40136915677,1375,19,
ChunkResult.EntityLoad,/Users/obey/Desktop/MyVoxelGame/src/server/IntegratedServer.cpp,2929,40186861938,24601,19,
ChunkResult.EntityLoad,/Users/obey/Desktop/MyVoxelGame/src/server/IntegratedServer.cpp,2929,40186893373,3416,19,
ChunkResult.EntityLoad,/Users/obey/Desktop/MyVoxelGame/src/server/IntegratedServer.cpp,2929,40186901373,3059,19,
ChunkResult.EntityLoad,/Users/obey/Desktop/MyVoxelGame/src/server/IntegratedServer.cpp,2929,40186908349,2750,19,
ChunkResult.EntityLoad,/Users/obey/Desktop/MyVoxelGame/src/server/IntegratedServer.cpp,2929,40236856026,21809,19,
ChunkResult.EntityLoad,/Users/obey/Desktop/MyVoxelGame/src/server/IntegratedServer.cpp,2929,40236884544,3958,19,
ChunkResult.EntityLoad,/Users/obey/Desktop/MyVoxelGame/src/server/IntegratedServer.cpp,2929,40286862590,16933,19,
ChunkResult.EntityLoad,/Users/obey/Desktop/MyVoxelGame/src/server/IntegratedServer.cpp,2929,40286882857,2000,19,
ChunkResult.EntityLoad,/Users/obey/Desktop/MyVoxelGame/src/server/IntegratedServer.cpp,2929,40286887357,2000,19,
ChunkResult.EntityLoad,/Users/obey/Desktop/MyVoxelGame/src/server/IntegratedServer.cpp,2929,40286891898,2250,19,
ChunkResult.EntityLoad,/Users/obey/Desktop/MyVoxelGame/src/server/IntegratedServer.cpp,2929,40336901297,15416,19,
ChunkResult.EntityLoad,/Users/obey/Desktop/MyVoxelGame/src/server/IntegratedServer.cpp,2929,40336918672,2625,19,
ChunkResult.EntityLoad,/Users/obey/Desktop/MyVoxelGame/src/server/IntegratedServer.cpp,2929,40336923338,2042,19,
ChunkResult.EntityLoad,/Users/obey/Desktop/MyVoxelGame/src/server/IntegratedServer.cpp,2929,40336927130,3185,19,
ChunkResult.EntityLoad,/Users/obey/Desktop/MyVoxelGame/src/server/IntegratedServer.cpp,2929,40386856700,19041,19,
ChunkResult.EntityLoad,/Users/obey/Desktop/MyVoxelGame/src/server/IntegratedServer.cpp,2929,40386879616,2959,19,
ChunkResult.EntityLoad,/Users/obey/Desktop/MyVoxelGame/src/server/IntegratedServer.cpp,2929,40386885551,3042,19,
ChunkResult.EntityLoad,/Users/obey/Desktop/MyVoxelGame/src/server/IntegratedServer.cpp,2929,40386890009,2334,19,
ChunkResult.EntityLoad,/Users/obey/Desktop/MyVoxelGame/src/server/IntegratedServer.cpp,2929,40436865705,57078,19,
ChunkResult.EntityLoad,/Users/obey/Desktop/MyVoxelGame/src/server/IntegratedServer.cpp,2929,40436926324,12392,19,
ChunkResult.EntityLoad,/Users/obey/Desktop/MyVoxelGame/src/server/IntegratedServer.cpp,2929,40436943091,2875,19,
ChunkResult.EntityLoad,/Users/obey/Desktop/MyVoxelGame/src/server/IntegratedServer.cpp,2929,40436948300,1666,19,
ChunkResult.EntityLoad,/Users/obey/Desktop/MyVoxelGame/src/server/IntegratedServer.cpp,2929,40486841543,9416,19,
ChunkResult.EntityLoad,/Users/obey/Desktop/MyVoxelGame/src/server/IntegratedServer.cpp,2929,40486854043,2500,19,
ChunkResult.EntityLoad,/Users/obey/Desktop/MyVoxelGame/src/server/IntegratedServer.cpp,2929,40486859293,2559,19,
ChunkResult.EntityLoad,/Users/obey/Desktop/MyVoxelGame/src/server/IntegratedServer.cpp,2929,40536841006,9352,19,
ChunkResult.EntityLoad,/Users/obey/Desktop/MyVoxelGame/src/server/IntegratedServer.cpp,2929,40536853858,2666,19,
ChunkResult.EntityLoad,/Users/obey/Desktop/MyVoxelGame/src/server/IntegratedServer.cpp,2929,40587255632,31976,19,
ChunkResult.EntityLoad,/Users/obey/Desktop/MyVoxelGame/src/server/IntegratedServer.cpp,2929,40587291066,2292,19,
ChunkResult.EntityLoad,/Users/obey/Desktop/MyVoxelGame/src/server/IntegratedServer.cpp,2929,40587295209,2542,19,
ChunkResult.EntityLoad,/Users/obey/Desktop/MyVoxelGame/src/server/IntegratedServer.cpp,2929,40637003830,11476,19,
ChunkResult.EntityLoad,/Users/obey/Desktop/MyVoxelGame/src/server/IntegratedServer.cpp,2929,40637019514,2833,19,
ChunkResult.EntityLoad,/Users/obey/Desktop/MyVoxelGame/src/server/IntegratedServer.cpp,2929,40637028389,1875,19,
ChunkResult.EntityLoad,/Users/obey/Desktop/MyVoxelGame/src/server/IntegratedServer.cpp,2929,40637031514,2208,19,
ChunkResult.EntityLoad,/Users/obey/Desktop/MyVoxelGame/src/server/IntegratedServer.cpp,2929,40687032620,15000,19,
ChunkResult.EntityLoad,/Users/obey/Desktop/MyVoxelGame/src/server/IntegratedServer.cpp,2929,40687050036,2334,19,
ChunkResult.EntityLoad,/Users/obey/Desktop/MyVoxelGame/src/server/IntegratedServer.cpp,2929,40687054161,2059,19,
ChunkResult.EntityLoad,/Users/obey/Desktop/MyVoxelGame/src/server/IntegratedServer.cpp,2929,40736840310,12958,19,
ChunkResult.EntityLoad,/Users/obey/Desktop/MyVoxelGame/src/server/IntegratedServer.cpp,2929,40736857976,2685,19,
ChunkResult.EntityLoad,/Users/obey/Desktop/MyVoxelGame/src/server/IntegratedServer.cpp,2929,40736863161,2042,19,
ChunkResult.EntityLoad,/Users/obey/Desktop/MyVoxelGame/src/server/IntegratedServer.cpp,2929,40786859125,16541,19,
ChunkResult.EntityLoad,/Users/obey/Desktop/MyVoxelGame/src/server/IntegratedServer.cpp,2929,40786881892,2416,19,
ChunkResult.EntityLoad,/Users/obey/Desktop/MyVoxelGame/src/server/IntegratedServer.cpp,2929,40836875854,18042,19,
ChunkResult.EntityLoad,/Users/obey/Desktop/MyVoxelGame/src/server/IntegratedServer.cpp,2929,40836901581,3375,19,
ChunkResult.EntityLoad,/Users/obey/Desktop/MyVoxelGame/src/server/IntegratedServer.cpp,2929,40836908081,2500,19,
ChunkResult.EntityLoad,/Users/obey/Desktop/MyVoxelGame/src/server/IntegratedServer.cpp,2929,40886861151,21209,19,
ChunkResult.EntityLoad,/Users/obey/Desktop/MyVoxelGame/src/server/IntegratedServer.cpp,2929,40886887086,3500,19,
ChunkResult.EntityLoad,/Users/obey/Desktop/MyVoxelGame/src/server/IntegratedServer.cpp,2929,40886894669,2875,19,
ChunkResult.EntityLoad,/Users/obey/Desktop/MyVoxelGame/src/server/IntegratedServer.cpp,2929,40936841555,13267,19,
ChunkResult.EntityLoad,/Users/obey/Desktop/MyVoxelGame/src/server/IntegratedServer.cpp,2929,40987033642,6875,19,
ChunkResult.EntityLoad,/Users/obey/Desktop/MyVoxelGame/src/server/IntegratedServer.cpp,2929,40987043517,2559,19,
ChunkResult.EntityLoad,/Users/obey/Desktop/MyVoxelGame/src/server/IntegratedServer.cpp,2929,40987047742,1500,19,
ChunkResult.EntityLoad,/Users/obey/Desktop/MyVoxelGame/src/server/IntegratedServer.cpp,2929,41036838790,18810,19,
ChunkResult.EntityLoad,/Users/obey/Desktop/MyVoxelGame/src/server/IntegratedServer.cpp,2929,41036860392,3208,19,
ChunkResult.EntityLoad,/Users/obey/Desktop/MyVoxelGame/src/server/IntegratedServer.cpp,2929,41036865475,2542,19,
ChunkResult.EntityLoad,/Users/obey/Desktop/MyVoxelGame/src/server/IntegratedServer.cpp,2929,41089270744,18517,19,
ChunkResult.EntityLoad,/Users/obey/Desktop/MyVoxelGame/src/server/IntegratedServer.cpp,2929,41089291761,2125,19,
ChunkResult.EntityLoad,/Users/obey/Desktop/MyVoxelGame/src/server/IntegratedServer.cpp,2929,41089295928,2000,19,
ChunkResult.EntityLoad,/Users/obey/Desktop/MyVoxelGame/src/server/IntegratedServer.cpp,2929,41089299053,2000,19,
ChunkResult.EntityLoad,/Users/obey/Desktop/MyVoxelGame/src/server/IntegratedServer.cpp,2929,41137050316,18975,19,
ChunkResult.EntityLoad,/Users/obey/Desktop/MyVoxelGame/src/server/IntegratedServer.cpp,2929,41137071916,2459,19,
ChunkResult.EntityLoad,/Users/obey/Desktop/MyVoxelGame/src/server/IntegratedServer.cpp,2929,41137076166,2792,19,
ChunkResult.EntityLoad,/Users/obey/Desktop/MyVoxelGame/src/server/IntegratedServer.cpp,2929,41186843089,8459,19,
ChunkResult.EntityLoad,/Users/obey/Desktop/MyVoxelGame/src/server/IntegratedServer.cpp,2929,41186856589,2625,19,
ChunkResult.EntityLoad,/Users/obey/Desktop/MyVoxelGame/src/server/IntegratedServer.cpp,2929,41186861339,1417,19,
ChunkResult.EntityLoad,/Users/obey/Desktop/MyVoxelGame/src/server/IntegratedServer.cpp,2929,41238741726,38435,19,
ChunkResult.EntityLoad,/Users/obey/Desktop/MyVoxelGame/src/server/IntegratedServer.cpp,2929,41238782161,2892,19,
ChunkResult.EntityLoad,/Users/obey/Desktop/MyVoxelGame/src/server/IntegratedServer.cpp,2929,41286841182,34810,19,
ChunkResult.EntityLoad,/Users/obey/Desktop/MyVoxelGame/src/server/IntegratedServer.cpp,2929,41286881301,2875,19,
ChunkResult.EntityLoad,/Users/obey/Desktop/MyVoxelGame/src/server/IntegratedServer.cpp,2929,41286886384,2250,19,
ChunkResult.EntityLoad,/Users/obey/Desktop/MyVoxelGame/src/server/IntegratedServer.cpp,2929,41336917616,17143,19,
ChunkResult.EntityLoad,/Users/obey/Desktop/MyVoxelGame/src/server/IntegratedServer.cpp,2929,41336938967,3083,19,
ChunkResult.EntityLoad,/Users/obey/Desktop/MyVoxelGame/src/server/IntegratedServer.cpp,2929,41386842793,43160,19,
ChunkResult.EntityLoad,/Users/obey/Desktop/MyVoxelGame/src/server/IntegratedServer.cpp,2929,41386889953,2709,19,
ChunkResult.EntityLoad,/Users/obey/Desktop/MyVoxelGame/src/server/IntegratedServer.cpp,2929,41436841924,18142,19,
ChunkResult.EntityLoad,/Users/obey/Desktop/MyVoxelGame/src/server/IntegratedServer.cpp,2929,41436862774,2458,19,
ChunkResult.EntityLoad,/Users/obey/Desktop/MyVoxelGame/src/server/IntegratedServer.cpp,2929,41436867107,1625,19,
ChunkResult.EntityLoad,/Users/obey/Desktop/MyVoxelGame/src/server/IntegratedServer.cpp,2929,41488652065,26227,19,
ChunkResult.EntityLoad,/Users/obey/Desktop/MyVoxelGame/src/server/IntegratedServer.cpp,2929,41536840866,17518,19,
ChunkResult.EntityLoad,/Users/obey/Desktop/MyVoxelGame/src/server/IntegratedServer.cpp,2929,41536862467,2709,19,
ChunkResult.EntityLoad,/Users/obey/Desktop/MyVoxelGame/src/server/IntegratedServer.cpp,2929,41536866967,2084,19,
ChunkResult.EntityLoad,/Users/obey/Desktop/MyVoxelGame/src/server/IntegratedServer.cpp,2929,41586841639,32392,19,
ChunkResult.EntityLoad,/Users/obey/Desktop/MyVoxelGame/src/server/IntegratedServer.cpp,2929,41586879323,3875,19,
ChunkResult.EntityLoad,/Users/obey/Desktop/MyVoxelGame/src/server/IntegratedServer.cpp,2929,41586885490,2083,19,
ChunkResult.EntityLoad,/Users/obey/Desktop/MyVoxelGame/src/server/IntegratedServer.cpp,2929,41586889615,1416,19,
ChunkResult.EntityLoad,/Users/obey/Desktop/MyVoxelGame/src/server/IntegratedServer.cpp,2929,41637726029,16683,19,
ChunkResult.EntityLoad,/Users/obey/Desktop/MyVoxelGame/src/server/IntegratedServer.cpp,2929,41637749254,3125,19,
ChunkResult.EntityLoad,/Users/obey/Desktop/MyVoxelGame/src/server/IntegratedServer.cpp,2929,41637756254,1958,19,
ChunkResult.EntityLoad,/Users/obey/Desktop/MyVoxelGame/src/server/IntegratedServer.cpp,2929,41637766921,3000,19,
ChunkResult.EntityLoad,/Users/obey/Desktop/MyVoxelGame/src/server/IntegratedServer.cpp,2929,41637773230,2084,19,
ChunkResult.EntityLoad,/Users/obey/Desktop/MyVoxelGame/src/server/IntegratedServer.cpp,2929,41686863041,24643,19,
ChunkResult.EntityLoad,/Users/obey/Desktop/MyVoxelGame/src/server/IntegratedServer.cpp,2929,41686894601,4750,19,
ChunkResult.EntityLoad,/Users/obey/Desktop/MyVoxelGame/src/server/IntegratedServer.cpp,2929,41686904535,3500,19,
ChunkResult.EntityLoad,/Users/obey/Desktop/MyVoxelGame/src/server/IntegratedServer.cpp,2929,41737051043,17834,19,
ChunkResult.EntityLoad,/Users/obey/Desktop/MyVoxelGame/src/server/IntegratedServer.cpp,2929,41737072960,2435,19,
ChunkResult.EntityLoad,/Users/obey/Desktop/MyVoxelGame/src/server/IntegratedServer.cpp,2929,41737077395,2041,19,
ChunkResult.EntityLoad,/Users/obey/Desktop/MyVoxelGame/src/server/IntegratedServer.cpp,2929,41786894794,11417,19,
ChunkResult.EntityLoad,/Users/obey/Desktop/MyVoxelGame/src/server/IntegratedServer.cpp,2929,41786909562,2750,19,
ChunkResult.EntityLoad,/Users/obey/Desktop/MyVoxelGame/src/server/IntegratedServer.cpp,2929,41786914104,2041,19,
ChunkResult.EntityLoad,/Users/obey/Desktop/MyVoxelGame/src/server/IntegratedServer.cpp,2929,41837328437,9500,19,
ChunkResult.EntityLoad,/Users/obey/Desktop/MyVoxelGame/src/server/IntegratedServer.cpp,2929,41837341271,2625,19,
ChunkResult.EntityLoad,/Users/obey/Desktop/MyVoxelGame/src/server/IntegratedServer.cpp,2929,41886885655,18750,19,
ChunkResult.EntityLoad,/Users/obey/Desktop/MyVoxelGame/src/server/IntegratedServer.cpp,2929,41886909947,4458,19,
ChunkResult.EntityLoad,/Users/obey/Desktop/MyVoxelGame/src/server/IntegratedServer.cpp,2929,41886918215,2791,19,
ChunkResult.EntityLoad,/Users/obey/Desktop/MyVoxelGame/src/server/IntegratedServer.cpp,2929,41936875284,47268,19,
ChunkResult.EntityLoad,/Users/obey/Desktop/MyVoxelGame/src/server/IntegratedServer.cpp,2929,41986846021,17143,19,
ChunkResult.EntityLoad,/Users/obey/Desktop/MyVoxelGame/src/server/IntegratedServer.cpp,2929,41986866122,3000,19,
ChunkResult.EntityLoad,/Users/obey/Desktop/MyVoxelGame/src/server/IntegratedServer.cpp,2929,41986871872,1458,19,
ChunkResult.EntityLoad,/Users/obey/Desktop/MyVoxelGame/src/server/IntegratedServer.cpp,2929,41986875330,2500,19,
ChunkResult.EntityLoad,/Users/obey/Desktop/MyVoxelGame/src/server/IntegratedServer.cpp,2929,42036846318,17851,19,
ChunkResult.EntityLoad,/Users/obey/Desktop/MyVoxelGame/src/server/IntegratedServer.cpp,2929,42086924750,42452,19,
ChunkResult.EntityLoad,/Users/obey/Desktop/MyVoxelGame/src/server/IntegratedServer.cpp,2929,42086970327,3208,19,
ChunkResult.EntityLoad,/Users/obey/Desktop/MyVoxelGame/src/server/IntegratedServer.cpp,2929,42086975535,2125,19,
ChunkResult.EntityLoad,/Users/obey/Desktop/MyVoxelGame/src/server/IntegratedServer.cpp,2929,42136851637,22184,19,
ChunkResult.EntityLoad,/Users/obey/Desktop/MyVoxelGame/src/server/IntegratedServer.cpp,2929,42136878154,3917,19,
ChunkResult.EntityLoad,/Users/obey/Desktop/MyVoxelGame/src/server/IntegratedServer.cpp,2929,42186857492,34893,19,
ChunkResult.EntityLoad,/Users/obey/Desktop/MyVoxelGame/src/server/IntegratedServer.cpp,2929,42186897676,3209,19,
ChunkResult.EntityLoad,/Users/obey/Desktop/MyVoxelGame/src/server/IntegratedServer.cpp,2929,42186903861,3083,19,
ChunkResult.EntityLoad,/Users/obey/Desktop/MyVoxelGame/src/server/IntegratedServer.cpp,2929,42186908736,2250,19,
ChunkResult.EntityLoad,/Users/obey/Desktop/MyVoxelGame/src/server/IntegratedServer.cpp,2929,42236854289,29518,19,
ChunkResult.EntityLoad,/Users/obey/Desktop/MyVoxelGame/src/server/IntegratedServer.cpp,2929,42236886973,3250,19,
ChunkResult.EntityLoad,/Users/obey/Desktop/MyVoxelGame/src/server/IntegratedServer.cpp,2929,42286864103,25642,19,
ChunkResult.EntityLoad,/Users/obey/Desktop/MyVoxelGame/src/server/IntegratedServer.cpp,2929,42286895203,3292,19,
ChunkResult.EntityLoad,/Users/obey/Desktop/MyVoxelGame/src/server/IntegratedServer.cpp,2929,64779302041,17268,19,
ChunkResult.EntityLoad,/Users/obey/Desktop/MyVoxelGame/src/server/IntegratedServer.cpp,2929,64779321267,2167,19,
ChunkResult.EntityLoad,/Users/obey/Desktop/MyVoxelGame/src/server/IntegratedServer.cpp,2929,64779325517,2458,19,
ChunkResult.EntityLoad,/Users/obey/Desktop/MyVoxelGame/src/server/IntegratedServer.cpp,2929,64779330725,2209,19,
ChunkResult.EntityLoad,/Users/obey/Desktop/MyVoxelGame/src/server/IntegratedServer.cpp,2929,64924512438,35493,19,
ChunkResult.EntityLoad,/Users/obey/Desktop/MyVoxelGame/src/server/IntegratedServer.cpp,2929,64924549681,2417,19,
ChunkResult.EntityLoad,/Users/obey/Desktop/MyVoxelGame/src/server/IntegratedServer.cpp,2929,64924553389,1709,19,
ChunkResult.EntityLoad,/Users/obey/Desktop/MyVoxelGame/src/server/IntegratedServer.cpp,2929,64924556306,1333,19,
ChunkResult.EntityLoad,/Users/obey/Desktop/MyVoxelGame/src/server/IntegratedServer.cpp,2929,64924559431,1542,19,
ChunkResult.EntityLoad,/Users/obey/Desktop/MyVoxelGame/src/server/IntegratedServer.cpp,2929,64924562639,1542,19,
ChunkResult.EntityLoad,/Users/obey/Desktop/MyVoxelGame/src/server/IntegratedServer.cpp,2929,65079505603,17517,19,
ChunkResult.EntityLoad,/Users/obey/Desktop/MyVoxelGame/src/server/IntegratedServer.cpp,2929,65079525911,2125,19,
ChunkResult.EntityLoad,/Users/obey/Desktop/MyVoxelGame/src/server/IntegratedServer.cpp,2929,65079529370,1791,19,
ChunkResult.EntityLoad,/Users/obey/Desktop/MyVoxelGame/src/server/IntegratedServer.cpp,2929,65079532411,1459,19,
ChunkResult.EntityLoad,/Users/obey/Desktop/MyVoxelGame/src/server/IntegratedServer.cpp,2929,65079535620,2250,19,
ChunkResult.EntityLoad,/Users/obey/Desktop/MyVoxelGame/src/server/IntegratedServer.cpp,2929,65079539786,2125,19,
ChunkResult.EntityLoad,/Users/obey/Desktop/MyVoxelGame/src/server/IntegratedServer.cpp,2929,65232334853,42,19,
ChunkResult.EntityLoad,/Users/obey/Desktop/MyVoxelGame/src/server/IntegratedServer.cpp,2929,65232341853,42,19,
ChunkResult.EntityLoad,/Users/obey/Desktop/MyVoxelGame/src/server/IntegratedServer.cpp,2929,65232344395,41,19,
ChunkResult.EntityLoad,/Users/obey/Desktop/MyVoxelGame/src/server/IntegratedServer.cpp,2929,65379461524,11725,19,
ChunkResult.EntityLoad,/Users/obey/Desktop/MyVoxelGame/src/server/IntegratedServer.cpp,2929,65379475791,2625,19,
ChunkResult.EntityLoad,/Users/obey/Desktop/MyVoxelGame/src/server/IntegratedServer.cpp,2929,65379480791,2500,19,
ChunkResult.EntityLoad,/Users/obey/Desktop/MyVoxelGame/src/server/IntegratedServer.cpp,2929,65379485207,1417,19,
ChunkResult.EntityLoad,/Users/obey/Desktop/MyVoxelGame/src/server/IntegratedServer.cpp,2929,65379488541,1625,19,
ChunkResult.EntityLoad,/Users/obey/Desktop/MyVoxelGame/src/server/IntegratedServer.cpp,2929,65512682570,18209,19,
ChunkResult.EntityLoad,/Users/obey/Desktop/MyVoxelGame/src/server/IntegratedServer.cpp,2929,65512704945,2875,19,
ChunkResult.EntityLoad,/Users/obey/Desktop/MyVoxelGame/src/server/IntegratedServer.cpp,2929,65512709320,2060,19,
ChunkResult.EntityLoad,/Users/obey/Desktop/MyVoxelGame/src/server/IntegratedServer.cpp,2929,65512715005,13917,19,
ChunkResult.EntityLoad,/Users/obey/Desktop/MyVoxelGame/src/server/IntegratedServer.cpp,2929,65512730088,1375,19,
ChunkResult.EntityLoad,/Users/obey/Desktop/MyVoxelGame/src/server/IntegratedServer.cpp,2929,65512732713,1542,19,
ChunkResult.EntityLoad,/Users/obey/Desktop/MyVoxelGame/src/server/IntegratedServer.cpp,2929,65724132908,36868,19,
ChunkResult.EntityLoad,/Users/obey/Desktop/MyVoxelGame/src/server/IntegratedServer.cpp,2929,65724175318,2833,19,
